run_id,job_id,task,experiment,problem,problem_key,image_id,model,model_family,framework,state_space,method,method_title,t0,beta,canonical_start_time,native_start_time,native_end_time,native_time_mapping,initialization_kind,initialization_guide_mode,steps,solver,num_mpc_steps,delta,delta_nominal_uniform,delta_min,delta_max,K,lam,n_ctrl,lr,optimizer,warm_start,grad_clip,phi_normalization,control_cost_normalization,delta_t_lambda_scaling,num_pnp_steps,gamma0,alpha,noise_samples,num_opt_steps,num_rhso_steps,mu,hyperparameter_source_lam,hyperparameter_source_n_ctrl,hyperparameter_source_lr,hyperparameter_source_gamma0,hyperparameter_source_alpha,hyperparameter_source_mu,psnr,ssim,lpips,measurement_rmse,missing_rmse,missing_psnr,missing_ssim,observed_rmse,observed_psnr,degraded_psnr,degraded_ssim,degraded_lpips,guide_psnr,runtime,runtime_per_image,reconstruction_steps,network_forwards,model_evaluations,planning_model_evaluations,control_iterations,backprops_through_model,expected_model_evaluations,expected_backprops,objective_evaluations,data_gradient_evaluations,optimizer_iterations,denoiser_samples,expected_objective_evaluations,expected_data_gradients,rhso_terminal_mode,rhso_terminal_planner,rhso_consistency_kind,rhso_stage_diagnostics,rhso_consistency_diagnostics,rhso_jacobian_diagnostics,rhso_jacobian_probes,rhso_jacobian_power_iters,rhso_jacobian_seed,rhso_gradient_authority_diagnostics,measurement_noise_group,diagnostic_model_evaluations,diagnostic_network_forwards,diagnostic_jvps,diagnostic_vjps,diagnostic_seconds,stage_count,stage_delta_first,stage_delta_last,stage_delta_per_step_first,stage_delta_per_step_last,stage_theta_first,stage_theta_last,stage_v_pre_first,stage_v_post_last,endpoint_shift_native_relative_mean,endpoint_shift_pixel_rmse_mean,fidelity_shift_execution_mean,next_stage_recovery_mean,jacobian_sigma_max_first,jacobian_sigma_max_last,jacobian_log_anisotropy_first,jacobian_log_anisotropy_last,gradient_aligned_authority_first,gradient_aligned_authority_last,gradient_aligned_authority_mean,endpoint_fidelity_grad_norm_mean,state_fidelity_grad_norm_mean,gpu_baseline_gib,gpu_peak_gib,gpu_incremental_peak_gib,gpu_memory_source,gpu_process_baseline_gib,gpu_process_peak_gib,gpu_process_incremental_peak_gib,gpu_process_memory_source,batch_size,num_images,padded_items,warmup_seconds,model_load_seconds,seed,replicate,generative_noise_id,measurement_id,guide_id,initial_state_fingerprint,conditioning_label,cfg_scale,status,failure,output_dir,timestamp
stage2_imf_r2,7ac2455fbe8b,denoising__pnp__x1,denoising__pnp__x1,denoising,prob_114badd1eeb1e559,000_00_tench,imf,meanflow,jax,latent,pnp,PnP-Flow,1.0,1.0,0.0,1.0,0.0,meanflow_descending,pure_prior_noise,identity,,,,,0.0011160714285714285,0.0011160714285713969,0.0011160714285715079,,,,,,,,half_mean_squared_per_measurement,,,895,100000.0,1.0,1,,,,not_applicable,not_applicable,not_applicable,method,method,not_applicable,23.11801767469141,0.4751011926545015,0.5538025498390198,0.22528713941574097,,,,,,20.460494989421008,0.40600529352712283,0.4711836613714695,20.460494989421008,1552.5999687351286,194.07499609189108,895,3584,3584,0,0,0,3584,0,3580,3580,0,3584,3580,3580,,,,,,,,,,,,0,0,0,0,0.0,,,,,,,,,,,,,,,,,,,,,,,1.0302,6.5967,5.5664,"jax_device_memory_stats(peak_bytes_in_use)  [LIFETIME high-water mark: it has no reset API, so it can only over-report this job]",,,,unavailable,2,8,0,438.6848,7.42,42,0,seed=42|model=imf|rep=0,a5f596e7c82cd3db,2b589d88aa3382a8,60a6dc5c91c914cc,source_imagenet_class,8.0,ok,,,2026-09-09T16:48:03.791385
stage2_imf_r2,7ac2455fbe8b,denoising__pnp__x1,denoising__pnp__x1,denoising,prob_114badd1eeb1e559,039_01_iguana,imf,meanflow,jax,latent,pnp,PnP-Flow,1.0,1.0,0.0,1.0,0.0,meanflow_descending,pure_prior_noise,identity,,,,,0.0011160714285714285,0.0011160714285713969,0.0011160714285715079,,,,,,,,half_mean_squared_per_measurement,,,895,100000.0,1.0,1,,,,not_applicable,not_applicable,not_applicable,method,method,not_applicable,21.762137445829175,0.7008817105206001,0.25891122221946716,0.22528713941574097,,,,,,20.460494989421008,0.40600529352712283,0.4711836613714695,20.460494989421008,1552.5999687351286,194.07499609189108,895,3584,3584,0,0,0,3584,0,3580,3580,0,3584,3580,3580,,,,,,,,,,,,0,0,0,0,0.0,,,,,,,,,,,,,,,,,,,,,,,1.0302,6.5967,5.5664,"jax_device_memory_stats(peak_bytes_in_use)  [LIFETIME high-water mark: it has no reset API, so it can only over-report this job]",,,,unavailable,2,8,0,438.6848,7.42,42,0,seed=42|model=imf|rep=0,a5f596e7c82cd3db,2b589d88aa3382a8,60a6dc5c91c914cc,source_imagenet_class,8.0,ok,,,2026-09-09T16:48:03.791385
stage2_imf_r2,7ac2455fbe8b,denoising__pnp__x1,denoising__pnp__x1,denoising,prob_114badd1eeb1e559,081_02_ptarmigan,imf,meanflow,jax,latent,pnp,PnP-Flow,1.0,1.0,0.0,1.0,0.0,meanflow_descending,pure_prior_noise,identity,,,,,0.0011160714285714285,0.0011160714285713969,0.0011160714285715079,,,,,,,,half_mean_squared_per_measurement,,,895,100000.0,1.0,1,,,,not_applicable,not_applicable,not_applicable,method,method,not_applicable,26.647205026062455,0.7497754117102975,0.24181243777275085,0.22528713941574097,,,,,,20.460494989421008,0.40600529352712283,0.4711836613714695,20.460494989421008,1552.5999687351286,194.07499609189108,895,3584,3584,0,0,0,3584,0,3580,3580,0,3584,3580,3580,,,,,,,,,,,,0,0,0,0,0.0,,,,,,,,,,,,,,,,,,,,,,,1.0302,6.5967,5.5664,"jax_device_memory_stats(peak_bytes_in_use)  [LIFETIME high-water mark: it has no reset API, so it can only over-report this job]",,,,unavailable,2,8,0,438.6848,7.42,42,0,seed=42|model=imf|rep=0,a5f596e7c82cd3db,2b589d88aa3382a8,60a6dc5c91c914cc,source_imagenet_class,8.0,ok,,,2026-09-09T16:48:03.791385
stage2_imf_r2,7ac2455fbe8b,denoising__pnp__x1,denoising__pnp__x1,denoising,prob_114badd1eeb1e559,088_03_macaw,imf,meanflow,jax,latent,pnp,PnP-Flow,1.0,1.0,0.0,1.0,0.0,meanflow_descending,pure_prior_noise,identity,,,,,0.0011160714285714285,0.0011160714285713969,0.0011160714285715079,,,,,,,,half_mean_squared_per_measurement,,,895,100000.0,1.0,1,,,,not_applicable,not_applicable,not_applicable,method,method,not_applicable,27.610532178178406,0.7096059497292558,0.1615307331085205,0.22528713941574097,,,,,,20.460494989421008,0.40600529352712283,0.4711836613714695,20.460494989421008,1552.5999687351286,194.07499609189108,895,3584,3584,0,0,0,3584,0,3580,3580,0,3584,3580,3580,,,,,,,,,,,,0,0,0,0,0.0,,,,,,,,,,,,,,,,,,,,,,,1.0302,6.5967,5.5664,"jax_device_memory_stats(peak_bytes_in_use)  [LIFETIME high-water mark: it has no reset API, so it can only over-report this job]",,,,unavailable,2,8,0,438.6848,7.42,42,0,seed=42|model=imf|rep=0,a5f596e7c82cd3db,2b589d88aa3382a8,60a6dc5c91c914cc,source_imagenet_class,8.0,ok,,,2026-09-09T16:48:03.791385
stage2_imf_r2,7ac2455fbe8b,denoising__pnp__x1,denoising__pnp__x1,denoising,prob_114badd1eeb1e559,207_04_golden_retriever,imf,meanflow,jax,latent,pnp,PnP-Flow,1.0,1.0,0.0,1.0,0.0,meanflow_descending,pure_prior_noise,identity,,,,,0.0011160714285714285,0.0011160714285713969,0.0011160714285715079,,,,,,,,half_mean_squared_per_measurement,,,895,100000.0,1.0,1,,,,not_applicable,not_applicable,not_applicable,method,method,not_applicable,30.062234299480973,0.7023513783775338,0.28375548124313354,0.22528713941574097,,,,,,20.460494989421008,0.40600529352712283,0.4711836613714695,20.460494989421008,1552.5999687351286,194.07499609189108,895,3584,3584,0,0,0,3584,0,3580,3580,0,3584,3580,3580,,,,,,,,,,,,0,0,0,0,0.0,,,,,,,,,,,,,,,,,,,,,,,1.0302,6.5967,5.5664,"jax_device_memory_stats(peak_bytes_in_use)  [LIFETIME high-water mark: it has no reset API, so it can only over-report this job]",,,,unavailable,2,8,0,438.6848,7.42,42,0,seed=42|model=imf|rep=0,a5f596e7c82cd3db,2b589d88aa3382a8,60a6dc5c91c914cc,source_imagenet_class,8.0,ok,,,2026-09-09T16:48:03.791385
stage2_imf_r2,7ac2455fbe8b,denoising__pnp__x1,denoising__pnp__x1,denoising,prob_114badd1eeb1e559,281_05_tabby_cat,imf,meanflow,jax,latent,pnp,PnP-Flow,1.0,1.0,0.0,1.0,0.0,meanflow_descending,pure_prior_noise,identity,,,,,0.0011160714285714285,0.0011160714285713969,0.0011160714285715079,,,,,,,,half_mean_squared_per_measurement,,,895,100000.0,1.0,1,,,,not_applicable,not_applicable,not_applicable,method,method,not_applicable,26.64795996274957,0.7630862429364312,0.13491752743721008,0.22528713941574097,,,,,,20.460494989421008,0.40600529352712283,0.4711836613714695,20.460494989421008,1552.5999687351286,194.07499609189108,895,3584,3584,0,0,0,3584,0,3580,3580,0,3584,3580,3580,,,,,,,,,,,,0,0,0,0,0.0,,,,,,,,,,,,,,,,,,,,,,,1.0302,6.5967,5.5664,"jax_device_memory_stats(peak_bytes_in_use)  [LIFETIME high-water mark: it has no reset API, so it can only over-report this job]",,,,unavailable,2,8,0,438.6848,7.42,42,0,seed=42|model=imf|rep=0,a5f596e7c82cd3db,2b589d88aa3382a8,60a6dc5c91c914cc,source_imagenet_class,8.0,ok,,,2026-09-09T16:48:03.791385
stage2_imf_r2,7ac2455fbe8b,denoising__pnp__x1,denoising__pnp__x1,denoising,prob_114badd1eeb1e559,291_06_lion,imf,meanflow,jax,latent,pnp,PnP-Flow,1.0,1.0,0.0,1.0,0.0,meanflow_descending,pure_prior_noise,identity,,,,,0.0011160714285714285,0.0011160714285713969,0.0011160714285715079,,,,,,,,half_mean_squared_per_measurement,,,895,100000.0,1.0,1,,,,not_applicable,not_applicable,not_applicable,method,method,not_applicable,28.743973026650128,0.7202431254599645,0.279316782951355,0.22528713941574097,,,,,,20.460494989421008,0.40600529352712283,0.4711836613714695,20.460494989421008,1552.5999687351286,194.07499609189108,895,3584,3584,0,0,0,3584,0,3580,3580,0,3584,3580,3580,,,,,,,,,,,,0,0,0,0,0.0,,,,,,,,,,,,,,,,,,,,,,,1.0302,6.5967,5.5664,"jax_device_memory_stats(peak_bytes_in_use)  [LIFETIME high-water mark: it has no reset API, so it can only over-report this job]",,,,unavailable,2,8,0,438.6848,7.42,42,0,seed=42|model=imf|rep=0,a5f596e7c82cd3db,2b589d88aa3382a8,60a6dc5c91c914cc,source_imagenet_class,8.0,ok,,,2026-09-09T16:48:03.791385
stage2_imf_r2,7ac2455fbe8b,denoising__pnp__x1,denoising__pnp__x1,denoising,prob_114badd1eeb1e559,323_07_monarch_butterfly,imf,meanflow,jax,latent,pnp,PnP-Flow,1.0,1.0,0.0,1.0,0.0,meanflow_descending,pure_prior_noise,identity,,,,,0.0011160714285714285,0.0011160714285713969,0.0011160714285715079,,,,,,,,half_mean_squared_per_measurement,,,895,100000.0,1.0,1,,,,not_applicable,not_applicable,not_applicable,method,method,not_applicable,23.533550888351094,0.6849290743115729,0.2611645460128784,0.22528713941574097,,,,,,20.460494989421008,0.40600529352712283,0.4711836613714695,20.460494989421008,1552.5999687351286,194.07499609189108,895,3584,3584,0,0,0,3584,0,3580,3580,0,3584,3580,3580,,,,,,,,,,,,0,0,0,0,0.0,,,,,,,,,,,,,,,,,,,,,,,1.0302,6.5967,5.5664,"jax_device_memory_stats(peak_bytes_in_use)  [LIFETIME high-water mark: it has no reset API, so it can only over-report this job]",,,,unavailable,2,8,0,438.6848,7.42,42,0,seed=42|model=imf|rep=0,a5f596e7c82cd3db,2b589d88aa3382a8,60a6dc5c91c914cc,source_imagenet_class,8.0,ok,,,2026-09-09T16:48:03.791385
stage2_imf_r2,5b4c252cdaa0,denoising__dflow__x1,denoising__dflow__x1,denoising,prob_114badd1eeb1e559,000_00_tench,imf,meanflow,jax,latent,dflow,D-Flow,1.0,1.0,0.0,1.0,0.0,meanflow_descending,pure_prior_noise,identity,1,,,,1.0,1.0,1.0,,,,0.3,adam,,,half_mean_squared_per_measurement,,,,,,,2560,,,not_applicable,not_applicable,method,not_applicable,not_applicable,not_applicable,22.684363091879163,0.4388053459722924,0.487380713224411,0.2239861786365509,,,,,,20.460494989421008,0.40600529352712283,0.4711836613714695,20.460494989421008,3896.8348042881116,487.10435053601395,1,10244,10244,10240,10240,10240,10244,10240,10240,10240,10240,0,10244,10240,,,,,,,,,,,,0,0,0,0,0.0,,,,,,,,,,,,,,,,,,,,,,,1.0064,6.6099,5.6035,"jax_device_memory_stats(peak_bytes_in_use)  [LIFETIME high-water mark: it has no reset API, so it can only over-report this job]",,,,unavailable,2,8,0,0.4375,12.85,42,0,seed=42|model=imf|rep=0,a5f596e7c82cd3db,2b589d88aa3382a8,60a6dc5c91c914cc,source_imagenet_class,8.0,ok,,,2026-09-09T17:19:44.443666
stage2_imf_r2,5b4c252cdaa0,denoising__dflow__x1,denoising__dflow__x1,denoising,prob_114badd1eeb1e559,039_01_iguana,imf,meanflow,jax,latent,dflow,D-Flow,1.0,1.0,0.0,1.0,0.0,meanflow_descending,pure_prior_noise,identity,1,,,,1.0,1.0,1.0,,,,0.3,adam,,,half_mean_squared_per_measurement,,,,,,,2560,,,not_applicable,not_applicable,method,not_applicable,not_applicable,not_applicable,21.941685756496895,0.718769581793922,0.22135044634342194,0.2239861786365509,,,,,,20.460494989421008,0.40600529352712283,0.4711836613714695,20.460494989421008,3896.8348042881116,487.10435053601395,1,10244,10244,10240,10240,10240,10244,10240,10240,10240,10240,0,10244,10240,,,,,,,,,,,,0,0,0,0,0.0,,,,,,,,,,,,,,,,,,,,,,,1.0064,6.6099,5.6035,"jax_device_memory_stats(peak_bytes_in_use)  [LIFETIME high-water mark: it has no reset API, so it can only over-report this job]",,,,unavailable,2,8,0,0.4375,12.85,42,0,seed=42|model=imf|rep=0,a5f596e7c82cd3db,2b589d88aa3382a8,60a6dc5c91c914cc,source_imagenet_class,8.0,ok,,,2026-09-09T17:19:44.443666
stage2_imf_r2,5b4c252cdaa0,denoising__dflow__x1,denoising__dflow__x1,denoising,prob_114badd1eeb1e559,081_02_ptarmigan,imf,meanflow,jax,latent,dflow,D-Flow,1.0,1.0,0.0,1.0,0.0,meanflow_descending,pure_prior_noise,identity,1,,,,1.0,1.0,1.0,,,,0.3,adam,,,half_mean_squared_per_measurement,,,,,,,2560,,,not_applicable,not_applicable,method,not_applicable,not_applicable,not_applicable,26.375608063366634,0.7114444980986456,0.3136313259601593,0.2239861786365509,,,,,,20.460494989421008,0.40600529352712283,0.4711836613714695,20.460494989421008,3896.8348042881116,487.10435053601395,1,10244,10244,10240,10240,10240,10244,10240,10240,10240,10240,0,10244,10240,,,,,,,,,,,,0,0,0,0,0.0,,,,,,,,,,,,,,,,,,,,,,,1.0064,6.6099,5.6035,"jax_device_memory_stats(peak_bytes_in_use)  [LIFETIME high-water mark: it has no reset API, so it can only over-report this job]",,,,unavailable,2,8,0,0.4375,12.85,42,0,seed=42|model=imf|rep=0,a5f596e7c82cd3db,2b589d88aa3382a8,60a6dc5c91c914cc,source_imagenet_class,8.0,ok,,,2026-09-09T17:19:44.443666
stage2_imf_r2,5b4c252cdaa0,denoising__dflow__x1,denoising__dflow__x1,denoising,prob_114badd1eeb1e559,088_03_macaw,imf,meanflow,jax,latent,dflow,D-Flow,1.0,1.0,0.0,1.0,0.0,meanflow_descending,pure_prior_noise,identity,1,,,,1.0,1.0,1.0,,,,0.3,adam,,,half_mean_squared_per_measurement,,,,,,,2560,,,not_applicable,not_applicable,method,not_applicable,not_applicable,not_applicable,28.06716672850673,0.724888988072988,0.14735163748264313,0.2239861786365509,,,,,,20.460494989421008,0.40600529352712283,0.4711836613714695,20.460494989421008,3896.8348042881116,487.10435053601395,1,10244,10244,10240,10240,10240,10244,10240,10240,10240,10240,0,10244,10240,,,,,,,,,,,,0,0,0,0,0.0,,,,,,,,,,,,,,,,,,,,,,,1.0064,6.6099,5.6035,"jax_device_memory_stats(peak_bytes_in_use)  [LIFETIME high-water mark: it has no reset API, so it can only over-report this job]",,,,unavailable,2,8,0,0.4375,12.85,42,0,seed=42|model=imf|rep=0,a5f596e7c82cd3db,2b589d88aa3382a8,60a6dc5c91c914cc,source_imagenet_class,8.0,ok,,,2026-09-09T17:19:44.443666
stage2_imf_r2,5b4c252cdaa0,denoising__dflow__x1,denoising__dflow__x1,denoising,prob_114badd1eeb1e559,207_04_golden_retriever,imf,meanflow,jax,latent,dflow,D-Flow,1.0,1.0,0.0,1.0,0.0,meanflow_descending,pure_prior_noise,identity,1,,,,1.0,1.0,1.0,,,,0.3,adam,,,half_mean_squared_per_measurement,,,,,,,2560,,,not_applicable,not_applicable,method,not_applicable,not_applicable,not_applicable,29.795708907232317,0.7012816109488339,0.29127612709999084,0.2239861786365509,,,,,,20.460494989421008,0.40600529352712283,0.4711836613714695,20.460494989421008,3896.8348042881116,487.10435053601395,1,10244,10244,10240,10240,10240,10244,10240,10240,10240,10240,0,10244,10240,,,,,,,,,,,,0,0,0,0,0.0,,,,,,,,,,,,,,,,,,,,,,,1.0064,6.6099,5.6035,"jax_device_memory_stats(peak_bytes_in_use)  [LIFETIME high-water mark: it has no reset API, so it can only over-report this job]",,,,unavailable,2,8,0,0.4375,12.85,42,0,seed=42|model=imf|rep=0,a5f596e7c82cd3db,2b589d88aa3382a8,60a6dc5c91c914cc,source_imagenet_class,8.0,ok,,,2026-09-09T17:19:44.443666
stage2_imf_r2,5b4c252cdaa0,denoising__dflow__x1,denoising__dflow__x1,denoising,prob_114badd1eeb1e559,281_05_tabby_cat,imf,meanflow,jax,latent,dflow,D-Flow,1.0,1.0,0.0,1.0,0.0,meanflow_descending,pure_prior_noise,identity,1,,,,1.0,1.0,1.0,,,,0.3,adam,,,half_mean_squared_per_measurement,,,,,,,2560,,,not_applicable,not_applicable,method,not_applicable,not_applicable,not_applicable,26.851229437266262,0.7556004976687705,0.10956078767776489,0.2239861786365509,,,,,,20.460494989421008,0.40600529352712283,0.4711836613714695,20.460494989421008,3896.8348042881116,487.10435053601395,1,10244,10244,10240,10240,10240,10244,10240,10240,10240,10240,0,10244,10240,,,,,,,,,,,,0,0,0,0,0.0,,,,,,,,,,,,,,,,,,,,,,,1.0064,6.6099,5.6035,"jax_device_memory_stats(peak_bytes_in_use)  [LIFETIME high-water mark: it has no reset API, so it can only over-report this job]",,,,unavailable,2,8,0,0.4375,12.85,42,0,seed=42|model=imf|rep=0,a5f596e7c82cd3db,2b589d88aa3382a8,60a6dc5c91c914cc,source_imagenet_class,8.0,ok,,,2026-09-09T17:19:44.443666
stage2_imf_r2,5b4c252cdaa0,denoising__dflow__x1,denoising__dflow__x1,denoising,prob_114badd1eeb1e559,291_06_lion,imf,meanflow,jax,latent,dflow,D-Flow,1.0,1.0,0.0,1.0,0.0,meanflow_descending,pure_prior_noise,identity,1,,,,1.0,1.0,1.0,,,,0.3,adam,,,half_mean_squared_per_measurement,,,,,,,2560,,,not_applicable,not_applicable,method,not_applicable,not_applicable,not_applicable,27.855817791307075,0.6779319788683914,0.30361348390579224,0.2239861786365509,,,,,,20.460494989421008,0.40600529352712283,0.4711836613714695,20.460494989421008,3896.8348042881116,487.10435053601395,1,10244,10244,10240,10240,10240,10244,10240,10240,10240,10240,0,10244,10240,,,,,,,,,,,,0,0,0,0,0.0,,,,,,,,,,,,,,,,,,,,,,,1.0064,6.6099,5.6035,"jax_device_memory_stats(peak_bytes_in_use)  [LIFETIME high-water mark: it has no reset API, so it can only over-report this job]",,,,unavailable,2,8,0,0.4375,12.85,42,0,seed=42|model=imf|rep=0,a5f596e7c82cd3db,2b589d88aa3382a8,60a6dc5c91c914cc,source_imagenet_class,8.0,ok,,,2026-09-09T17:19:44.443666
stage2_imf_r2,5b4c252cdaa0,denoising__dflow__x1,denoising__dflow__x1,denoising,prob_114badd1eeb1e559,323_07_monarch_butterfly,imf,meanflow,jax,latent,dflow,D-Flow,1.0,1.0,0.0,1.0,0.0,meanflow_descending,pure_prior_noise,identity,1,,,,1.0,1.0,1.0,,,,0.3,adam,,,half_mean_squared_per_measurement,,,,,,,2560,,,not_applicable,not_applicable,method,not_applicable,not_applicable,not_applicable,23.27210125664368,0.6888499676426881,0.23003001511096954,0.2239861786365509,,,,,,20.460494989421008,0.40600529352712283,0.4711836613714695,20.460494989421008,3896.8348042881116,487.10435053601395,1,10244,10244,10240,10240,10240,10244,10240,10240,10240,10240,0,10244,10240,,,,,,,,,,,,0,0,0,0,0.0,,,,,,,,,,,,,,,,,,,,,,,1.0064,6.6099,5.6035,"jax_device_memory_stats(peak_bytes_in_use)  [LIFETIME high-water mark: it has no reset API, so it can only over-report this job]",,,,unavailable,2,8,0,0.4375,12.85,42,0,seed=42|model=imf|rep=0,a5f596e7c82cd3db,2b589d88aa3382a8,60a6dc5c91c914cc,source_imagenet_class,8.0,ok,,,2026-09-09T17:19:44.443666
stage2_imf_r2,f54741881186,denoising__mpc_delta_t__x1,denoising__mpc_delta_t__x1,denoising,prob_114badd1eeb1e559,000_00_tench,imf,meanflow,jax,latent,mpc_delta_t,MPC-delta_t,1.0,1.0,0.0,1.0,0.0,meanflow_descending,pure_prior_noise,identity,,,8,0.125,0.125,0.125,0.125,,540.0,160,0.3,adam,False,,half_sum_squared,sum_squared,none,,,,,,,,method,method,method,not_applicable,not_applicable,not_applicable,23.74390639605228,0.5497656790925766,0.43595534563064575,0.21985794603824615,,,,,,20.460494989421008,0.40600529352712283,0.4711836613714695,20.460494989421008,1352.0952973896638,169.01191217370797,8,4512,4512,4480,5120,4480,4512,4480,0,0,0,0,5120,0,,,,,,,,,,,,0,0,0,0,0.0,,,,,,,,,,,,,,,,,,,,,,,1.0064,6.6099,5.6035,"jax_device_memory_stats(peak_bytes_in_use)  [LIFETIME high-water mark: it has no reset API, so it can only over-report this job]",,,,unavailable,2,8,0,3.8291,12.85,42,0,seed=42|model=imf|rep=0,a5f596e7c82cd3db,2b589d88aa3382a8,60a6dc5c91c914cc,source_imagenet_class,8.0,ok,,,2026-09-09T17:42:21.849306
stage2_imf_r2,f54741881186,denoising__mpc_delta_t__x1,denoising__mpc_delta_t__x1,denoising,prob_114badd1eeb1e559,039_01_iguana,imf,meanflow,jax,latent,mpc_delta_t,MPC-delta_t,1.0,1.0,0.0,1.0,0.0,meanflow_descending,pure_prior_noise,identity,,,8,0.125,0.125,0.125,0.125,,540.0,160,0.3,adam,False,,half_sum_squared,sum_squared,none,,,,,,,,method,method,method,not_applicable,not_applicable,not_applicable,21.913279034104413,0.7146448670752693,0.2377842217683792,0.21985794603824615,,,,,,20.460494989421008,0.40600529352712283,0.4711836613714695,20.460494989421008,1352.0952973896638,169.01191217370797,8,4512,4512,4480,5120,4480,4512,4480,0,0,0,0,5120,0,,,,,,,,,,,,0,0,0,0,0.0,,,,,,,,,,,,,,,,,,,,,,,1.0064,6.6099,5.6035,"jax_device_memory_stats(peak_bytes_in_use)  [LIFETIME high-water mark: it has no reset API, so it can only over-report this job]",,,,unavailable,2,8,0,3.8291,12.85,42,0,seed=42|model=imf|rep=0,a5f596e7c82cd3db,2b589d88aa3382a8,60a6dc5c91c914cc,source_imagenet_class,8.0,ok,,,2026-09-09T17:42:21.849306
stage2_imf_r2,f54741881186,denoising__mpc_delta_t__x1,denoising__mpc_delta_t__x1,denoising,prob_114badd1eeb1e559,081_02_ptarmigan,imf,meanflow,jax,latent,mpc_delta_t,MPC-delta_t,1.0,1.0,0.0,1.0,0.0,meanflow_descending,pure_prior_noise,identity,,,8,0.125,0.125,0.125,0.125,,540.0,160,0.3,adam,False,,half_sum_squared,sum_squared,none,,,,,,,,method,method,method,not_applicable,not_applicable,not_applicable,26.565390864291302,0.7102755189298812,0.26284661889076233,0.21985794603824615,,,,,,20.460494989421008,0.40600529352712283,0.4711836613714695,20.460494989421008,1352.0952973896638,169.01191217370797,8,4512,4512,4480,5120,4480,4512,4480,0,0,0,0,5120,0,,,,,,,,,,,,0,0,0,0,0.0,,,,,,,,,,,,,,,,,,,,,,,1.0064,6.6099,5.6035,"jax_device_memory_stats(peak_bytes_in_use)  [LIFETIME high-water mark: it has no reset API, so it can only over-report this job]",,,,unavailable,2,8,0,3.8291,12.85,42,0,seed=42|model=imf|rep=0,a5f596e7c82cd3db,2b589d88aa3382a8,60a6dc5c91c914cc,source_imagenet_class,8.0,ok,,,2026-09-09T17:42:21.849306
stage2_imf_r2,f54741881186,denoising__mpc_delta_t__x1,denoising__mpc_delta_t__x1,denoising,prob_114badd1eeb1e559,088_03_macaw,imf,meanflow,jax,latent,mpc_delta_t,MPC-delta_t,1.0,1.0,0.0,1.0,0.0,meanflow_descending,pure_prior_noise,identity,,,8,0.125,0.125,0.125,0.125,,540.0,160,0.3,adam,False,,half_sum_squared,sum_squared,none,,,,,,,,method,method,method,not_applicable,not_applicable,not_applicable,28.422683156837806,0.7433269787961203,0.11528350412845612,0.21985794603824615,,,,,,20.460494989421008,0.40600529352712283,0.4711836613714695,20.460494989421008,1352.0952973896638,169.01191217370797,8,4512,4512,4480,5120,4480,4512,4480,0,0,0,0,5120,0,,,,,,,,,,,,0,0,0,0,0.0,,,,,,,,,,,,,,,,,,,,,,,1.0064,6.6099,5.6035,"jax_device_memory_stats(peak_bytes_in_use)  [LIFETIME high-water mark: it has no reset API, so it can only over-report this job]",,,,unavailable,2,8,0,3.8291,12.85,42,0,seed=42|model=imf|rep=0,a5f596e7c82cd3db,2b589d88aa3382a8,60a6dc5c91c914cc,source_imagenet_class,8.0,ok,,,2026-09-09T17:42:21.849306
stage2_imf_r2,f54741881186,denoising__mpc_delta_t__x1,denoising__mpc_delta_t__x1,denoising,prob_114badd1eeb1e559,207_04_golden_retriever,imf,meanflow,jax,latent,mpc_delta_t,MPC-delta_t,1.0,1.0,0.0,1.0,0.0,meanflow_descending,pure_prior_noise,identity,,,8,0.125,0.125,0.125,0.125,,540.0,160,0.3,adam,False,,half_sum_squared,sum_squared,none,,,,,,,,method,method,method,not_applicable,not_applicable,not_applicable,30.263826778308257,0.7324200295026899,0.1740306168794632,0.21985794603824615,,,,,,20.460494989421008,0.40600529352712283,0.4711836613714695,20.460494989421008,1352.0952973896638,169.01191217370797,8,4512,4512,4480,5120,4480,4512,4480,0,0,0,0,5120,0,,,,,,,,,,,,0,0,0,0,0.0,,,,,,,,,,,,,,,,,,,,,,,1.0064,6.6099,5.6035,"jax_device_memory_stats(peak_bytes_in_use)  [LIFETIME high-water mark: it has no reset API, so it can only over-report this job]",,,,unavailable,2,8,0,3.8291,12.85,42,0,seed=42|model=imf|rep=0,a5f596e7c82cd3db,2b589d88aa3382a8,60a6dc5c91c914cc,source_imagenet_class,8.0,ok,,,2026-09-09T17:42:21.849306
stage2_imf_r2,f54741881186,denoising__mpc_delta_t__x1,denoising__mpc_delta_t__x1,denoising,prob_114badd1eeb1e559,281_05_tabby_cat,imf,meanflow,jax,latent,mpc_delta_t,MPC-delta_t,1.0,1.0,0.0,1.0,0.0,meanflow_descending,pure_prior_noise,identity,,,8,0.125,0.125,0.125,0.125,,540.0,160,0.3,adam,False,,half_sum_squared,sum_squared,none,,,,,,,,method,method,method,not_applicable,not_applicable,not_applicable,27.531554752424373,0.7870679608810426,0.10867904126644135,0.21985794603824615,,,,,,20.460494989421008,0.40600529352712283,0.4711836613714695,20.460494989421008,1352.0952973896638,169.01191217370797,8,4512,4512,4480,5120,4480,4512,4480,0,0,0,0,5120,0,,,,,,,,,,,,0,0,0,0,0.0,,,,,,,,,,,,,,,,,,,,,,,1.0064,6.6099,5.6035,"jax_device_memory_stats(peak_bytes_in_use)  [LIFETIME high-water mark: it has no reset API, so it can only over-report this job]",,,,unavailable,2,8,0,3.8291,12.85,42,0,seed=42|model=imf|rep=0,a5f596e7c82cd3db,2b589d88aa3382a8,60a6dc5c91c914cc,source_imagenet_class,8.0,ok,,,2026-09-09T17:42:21.849306
stage2_imf_r2,f54741881186,denoising__mpc_delta_t__x1,denoising__mpc_delta_t__x1,denoising,prob_114badd1eeb1e559,291_06_lion,imf,meanflow,jax,latent,mpc_delta_t,MPC-delta_t,1.0,1.0,0.0,1.0,0.0,meanflow_descending,pure_prior_noise,identity,,,8,0.125,0.125,0.125,0.125,,540.0,160,0.3,adam,False,,half_sum_squared,sum_squared,none,,,,,,,,method,method,method,not_applicable,not_applicable,not_applicable,29.056290359078236,0.7425376048095741,0.22209791839122772,0.21985794603824615,,,,,,20.460494989421008,0.40600529352712283,0.4711836613714695,20.460494989421008,1352.0952973896638,169.01191217370797,8,4512,4512,4480,5120,4480,4512,4480,0,0,0,0,5120,0,,,,,,,,,,,,0,0,0,0,0.0,,,,,,,,,,,,,,,,,,,,,,,1.0064,6.6099,5.6035,"jax_device_memory_stats(peak_bytes_in_use)  [LIFETIME high-water mark: it has no reset API, so it can only over-report this job]",,,,unavailable,2,8,0,3.8291,12.85,42,0,seed=42|model=imf|rep=0,a5f596e7c82cd3db,2b589d88aa3382a8,60a6dc5c91c914cc,source_imagenet_class,8.0,ok,,,2026-09-09T17:42:21.849306
stage2_imf_r2,f54741881186,denoising__mpc_delta_t__x1,denoising__mpc_delta_t__x1,denoising,prob_114badd1eeb1e559,323_07_monarch_butterfly,imf,meanflow,jax,latent,mpc_delta_t,MPC-delta_t,1.0,1.0,0.0,1.0,0.0,meanflow_descending,pure_prior_noise,identity,,,8,0.125,0.125,0.125,0.125,,540.0,160,0.3,adam,False,,half_sum_squared,sum_squared,none,,,,,,,,method,method,method,not_applicable,not_applicable,not_applicable,23.89368699162599,0.7138218899754823,0.20317432284355164,0.21985794603824615,,,,,,20.460494989421008,0.40600529352712283,0.4711836613714695,20.460494989421008,1352.0952973896638,169.01191217370797,8,4512,4512,4480,5120,4480,4512,4480,0,0,0,0,5120,0,,,,,,,,,,,,0,0,0,0,0.0,,,,,,,,,,,,,,,,,,,,,,,1.0064,6.6099,5.6035,"jax_device_memory_stats(peak_bytes_in_use)  [LIFETIME high-water mark: it has no reset API, so it can only over-report this job]",,,,unavailable,2,8,0,3.8291,12.85,42,0,seed=42|model=imf|rep=0,a5f596e7c82cd3db,2b589d88aa3382a8,60a6dc5c91c914cc,source_imagenet_class,8.0,ok,,,2026-09-09T17:42:21.849306
stage2_imf_r2,e71bf7b8cd19,denoising__rhso__x1,denoising__rhso__x1,denoising,prob_114badd1eeb1e559,000_00_tench,imf,meanflow,jax,latent,rhso,RHSO,1.0,1.0,0.0,1.0,0.0,meanflow_descending,pure_prior_noise,identity,,,,,0.125,0.125,0.125,,,,0.03,adam,,,half_mean_squared_per_measurement,,,,,,,320,8,0.0,not_applicable,not_applicable,method,not_applicable,not_applicable,method,23.870182061124066,0.5488516310466255,0.40098345279693604,0.2192051112651825,,,,,,20.460494989421008,0.40600529352712283,0.4711836613714695,20.460494989421008,4549.42785269022,568.6784815862775,8,10272,10272,10240,10240,10240,10272,10240,10240,10240,10240,0,10240,10240,direct,learned_finite_interval_map,,False,False,False,,,,False,,0,0,0,0,0.0,,,,,,,,,,,,,,,,,,,,,,,1.0302,6.5967,5.5664,"jax_device_memory_stats(peak_bytes_in_use)  [LIFETIME high-water mark: it has no reset API, so it can only over-report this job]",,,,unavailable,2,8,0,5.024,7.42,42,0,seed=42|model=imf|rep=0,a5f596e7c82cd3db,2b589d88aa3382a8,60a6dc5c91c914cc,source_imagenet_class,8.0,ok,,,2026-09-09T18:04:00.232120
stage2_imf_r2,e71bf7b8cd19,denoising__rhso__x1,denoising__rhso__x1,denoising,prob_114badd1eeb1e559,039_01_iguana,imf,meanflow,jax,latent,rhso,RHSO,1.0,1.0,0.0,1.0,0.0,meanflow_descending,pure_prior_noise,identity,,,,,0.125,0.125,0.125,,,,0.03,adam,,,half_mean_squared_per_measurement,,,,,,,320,8,0.0,not_applicable,not_applicable,method,not_applicable,not_applicable,method,22.015842345420367,0.7020829250756563,0.2667735517024994,0.2192051112651825,,,,,,20.460494989421008,0.40600529352712283,0.4711836613714695,20.460494989421008,4549.42785269022,568.6784815862775,8,10272,10272,10240,10240,10240,10272,10240,10240,10240,10240,0,10240,10240,direct,learned_finite_interval_map,,False,False,False,,,,False,,0,0,0,0,0.0,,,,,,,,,,,,,,,,,,,,,,,1.0302,6.5967,5.5664,"jax_device_memory_stats(peak_bytes_in_use)  [LIFETIME high-water mark: it has no reset API, so it can only over-report this job]",,,,unavailable,2,8,0,5.024,7.42,42,0,seed=42|model=imf|rep=0,a5f596e7c82cd3db,2b589d88aa3382a8,60a6dc5c91c914cc,source_imagenet_class,8.0,ok,,,2026-09-09T18:04:00.232120
stage2_imf_r2,e71bf7b8cd19,denoising__rhso__x1,denoising__rhso__x1,denoising,prob_114badd1eeb1e559,081_02_ptarmigan,imf,meanflow,jax,latent,rhso,RHSO,1.0,1.0,0.0,1.0,0.0,meanflow_descending,pure_prior_noise,identity,,,,,0.125,0.125,0.125,,,,0.03,adam,,,half_mean_squared_per_measurement,,,,,,,320,8,0.0,not_applicable,not_applicable,method,not_applicable,not_applicable,method,26.498775562926635,0.6889695072484486,0.2872512936592102,0.2192051112651825,,,,,,20.460494989421008,0.40600529352712283,0.4711836613714695,20.460494989421008,4549.42785269022,568.6784815862775,8,10272,10272,10240,10240,10240,10272,10240,10240,10240,10240,0,10240,10240,direct,learned_finite_interval_map,,False,False,False,,,,False,,0,0,0,0,0.0,,,,,,,,,,,,,,,,,,,,,,,1.0302,6.5967,5.5664,"jax_device_memory_stats(peak_bytes_in_use)  [LIFETIME high-water mark: it has no reset API, so it can only over-report this job]",,,,unavailable,2,8,0,5.024,7.42,42,0,seed=42|model=imf|rep=0,a5f596e7c82cd3db,2b589d88aa3382a8,60a6dc5c91c914cc,source_imagenet_class,8.0,ok,,,2026-09-09T18:04:00.232120
stage2_imf_r2,e71bf7b8cd19,denoising__rhso__x1,denoising__rhso__x1,denoising,prob_114badd1eeb1e559,088_03_macaw,imf,meanflow,jax,latent,rhso,RHSO,1.0,1.0,0.0,1.0,0.0,meanflow_descending,pure_prior_noise,identity,,,,,0.125,0.125,0.125,,,,0.03,adam,,,half_mean_squared_per_measurement,,,,,,,320,8,0.0,not_applicable,not_applicable,method,not_applicable,not_applicable,method,28.39640561944265,0.7536892618245193,0.10062023997306824,0.2192051112651825,,,,,,20.460494989421008,0.40600529352712283,0.4711836613714695,20.460494989421008,4549.42785269022,568.6784815862775,8,10272,10272,10240,10240,10240,10272,10240,10240,10240,10240,0,10240,10240,direct,learned_finite_interval_map,,False,False,False,,,,False,,0,0,0,0,0.0,,,,,,,,,,,,,,,,,,,,,,,1.0302,6.5967,5.5664,"jax_device_memory_stats(peak_bytes_in_use)  [LIFETIME high-water mark: it has no reset API, so it can only over-report this job]",,,,unavailable,2,8,0,5.024,7.42,42,0,seed=42|model=imf|rep=0,a5f596e7c82cd3db,2b589d88aa3382a8,60a6dc5c91c914cc,source_imagenet_class,8.0,ok,,,2026-09-09T18:04:00.232120
stage2_imf_r2,e71bf7b8cd19,denoising__rhso__x1,denoising__rhso__x1,denoising,prob_114badd1eeb1e559,207_04_golden_retriever,imf,meanflow,jax,latent,rhso,RHSO,1.0,1.0,0.0,1.0,0.0,meanflow_descending,pure_prior_noise,identity,,,,,0.125,0.125,0.125,,,,0.03,adam,,,half_mean_squared_per_measurement,,,,,,,320,8,0.0,not_applicable,not_applicable,method,not_applicable,not_applicable,method,29.80014776068576,0.7031585969963645,0.18736226856708527,0.2192051112651825,,,,,,20.460494989421008,0.40600529352712283,0.4711836613714695,20.460494989421008,4549.42785269022,568.6784815862775,8,10272,10272,10240,10240,10240,10272,10240,10240,10240,10240,0,10240,10240,direct,learned_finite_interval_map,,False,False,False,,,,False,,0,0,0,0,0.0,,,,,,,,,,,,,,,,,,,,,,,1.0302,6.5967,5.5664,"jax_device_memory_stats(peak_bytes_in_use)  [LIFETIME high-water mark: it has no reset API, so it can only over-report this job]",,,,unavailable,2,8,0,5.024,7.42,42,0,seed=42|model=imf|rep=0,a5f596e7c82cd3db,2b589d88aa3382a8,60a6dc5c91c914cc,source_imagenet_class,8.0,ok,,,2026-09-09T18:04:00.232120
stage2_imf_r2,e71bf7b8cd19,denoising__rhso__x1,denoising__rhso__x1,denoising,prob_114badd1eeb1e559,281_05_tabby_cat,imf,meanflow,jax,latent,rhso,RHSO,1.0,1.0,0.0,1.0,0.0,meanflow_descending,pure_prior_noise,identity,,,,,0.125,0.125,0.125,,,,0.03,adam,,,half_mean_squared_per_measurement,,,,,,,320,8,0.0,not_applicable,not_applicable,method,not_applicable,not_applicable,method,27.370904484761816,0.7823390964401834,0.09981979429721832,0.2192051112651825,,,,,,20.460494989421008,0.40600529352712283,0.4711836613714695,20.460494989421008,4549.42785269022,568.6784815862775,8,10272,10272,10240,10240,10240,10272,10240,10240,10240,10240,0,10240,10240,direct,learned_finite_interval_map,,False,False,False,,,,False,,0,0,0,0,0.0,,,,,,,,,,,,,,,,,,,,,,,1.0302,6.5967,5.5664,"jax_device_memory_stats(peak_bytes_in_use)  [LIFETIME high-water mark: it has no reset API, so it can only over-report this job]",,,,unavailable,2,8,0,5.024,7.42,42,0,seed=42|model=imf|rep=0,a5f596e7c82cd3db,2b589d88aa3382a8,60a6dc5c91c914cc,source_imagenet_class,8.0,ok,,,2026-09-09T18:04:00.232120
stage2_imf_r2,e71bf7b8cd19,denoising__rhso__x1,denoising__rhso__x1,denoising,prob_114badd1eeb1e559,291_06_lion,imf,meanflow,jax,latent,rhso,RHSO,1.0,1.0,0.0,1.0,0.0,meanflow_descending,pure_prior_noise,identity,,,,,0.125,0.125,0.125,,,,0.03,adam,,,half_mean_squared_per_measurement,,,,,,,320,8,0.0,not_applicable,not_applicable,method,not_applicable,not_applicable,method,28.98223245950359,0.7379151885724831,0.21959152817726135,0.2192051112651825,,,,,,20.460494989421008,0.40600529352712283,0.4711836613714695,20.460494989421008,4549.42785269022,568.6784815862775,8,10272,10272,10240,10240,10240,10272,10240,10240,10240,10240,0,10240,10240,direct,learned_finite_interval_map,,False,False,False,,,,False,,0,0,0,0,0.0,,,,,,,,,,,,,,,,,,,,,,,1.0302,6.5967,5.5664,"jax_device_memory_stats(peak_bytes_in_use)  [LIFETIME high-water mark: it has no reset API, so it can only over-report this job]",,,,unavailable,2,8,0,5.024,7.42,42,0,seed=42|model=imf|rep=0,a5f596e7c82cd3db,2b589d88aa3382a8,60a6dc5c91c914cc,source_imagenet_class,8.0,ok,,,2026-09-09T18:04:00.232120
stage2_imf_r2,e71bf7b8cd19,denoising__rhso__x1,denoising__rhso__x1,denoising,prob_114badd1eeb1e559,323_07_monarch_butterfly,imf,meanflow,jax,latent,rhso,RHSO,1.0,1.0,0.0,1.0,0.0,meanflow_descending,pure_prior_noise,identity,,,,,0.125,0.125,0.125,,,,0.03,adam,,,half_mean_squared_per_measurement,,,,,,,320,8,0.0,not_applicable,not_applicable,method,not_applicable,not_applicable,method,23.966066246869133,0.7141803302456231,0.19528374075889587,0.2192051112651825,,,,,,20.460494989421008,0.40600529352712283,0.4711836613714695,20.460494989421008,4549.42785269022,568.6784815862775,8,10272,10272,10240,10240,10240,10272,10240,10240,10240,10240,0,10240,10240,direct,learned_finite_interval_map,,False,False,False,,,,False,,0,0,0,0,0.0,,,,,,,,,,,,,,,,,,,,,,,1.0302,6.5967,5.5664,"jax_device_memory_stats(peak_bytes_in_use)  [LIFETIME high-water mark: it has no reset API, so it can only over-report this job]",,,,unavailable,2,8,0,5.024,7.42,42,0,seed=42|model=imf|rep=0,a5f596e7c82cd3db,2b589d88aa3382a8,60a6dc5c91c914cc,source_imagenet_class,8.0,ok,,,2026-09-09T18:04:00.232120
stage2_imf_r2,4e0e0740063b,deblurring__pnp__x1,deblurring__pnp__x1,deblur,prob_c2be85f48d232774,000_00_tench,imf,meanflow,jax,latent,pnp,PnP-Flow,1.0,1.0,0.0,1.0,0.0,meanflow_descending,pure_prior_noise,observed,,,,,0.0011160714285714285,0.0011160714285713969,0.0011160714285715079,,,,,,,,half_mean_squared_per_measurement,,,895,100000.0,1.0,1,,,,not_applicable,not_applicable,not_applicable,method,method,not_applicable,22.66471424979718,0.4291576482657284,0.6030826568603516,0.07297568023204803,,,,,,25.744277773445766,0.7043333030752865,0.2709390092641115,25.744277773445766,3086.7268335241824,385.8408541905228,895,3584,3584,0,0,0,3584,0,3580,3580,0,3584,3580,3580,,,,,,,,,,,,0,0,0,0,0.0,,,,,,,,,,,,,,,,,,,,,,,1.0152,6.6536,5.6384,"jax_device_memory_stats(peak_bytes_in_use)  [LIFETIME high-water mark: it has no reset API, so it can only over-report this job]",,,,unavailable,2,8,0,921.9929,7.36,42,0,seed=42|model=imf|rep=0,6a0500184c85cbcc,a6d7ea78ad4437af,60a6dc5c91c914cc,source_imagenet_class,8.0,ok,,,2026-09-09T17:21:54.926577
stage2_imf_r2,4e0e0740063b,deblurring__pnp__x1,deblurring__pnp__x1,deblur,prob_c2be85f48d232774,039_01_iguana,imf,meanflow,jax,latent,pnp,PnP-Flow,1.0,1.0,0.0,1.0,0.0,meanflow_descending,pure_prior_noise,observed,,,,,0.0011160714285714285,0.0011160714285713969,0.0011160714285715079,,,,,,,,half_mean_squared_per_measurement,,,895,100000.0,1.0,1,,,,not_applicable,not_applicable,not_applicable,method,method,not_applicable,21.194586928552326,0.6777402751845267,0.2988381087779999,0.07297568023204803,,,,,,25.744277773445766,0.7043333030752865,0.2709390092641115,25.744277773445766,3086.7268335241824,385.8408541905228,895,3584,3584,0,0,0,3584,0,3580,3580,0,3584,3580,3580,,,,,,,,,,,,0,0,0,0,0.0,,,,,,,,,,,,,,,,,,,,,,,1.0152,6.6536,5.6384,"jax_device_memory_stats(peak_bytes_in_use)  [LIFETIME high-water mark: it has no reset API, so it can only over-report this job]",,,,unavailable,2,8,0,921.9929,7.36,42,0,seed=42|model=imf|rep=0,6a0500184c85cbcc,a6d7ea78ad4437af,60a6dc5c91c914cc,source_imagenet_class,8.0,ok,,,2026-09-09T17:21:54.926577
stage2_imf_r2,4e0e0740063b,deblurring__pnp__x1,deblurring__pnp__x1,deblur,prob_c2be85f48d232774,081_02_ptarmigan,imf,meanflow,jax,latent,pnp,PnP-Flow,1.0,1.0,0.0,1.0,0.0,meanflow_descending,pure_prior_noise,observed,,,,,0.0011160714285714285,0.0011160714285713969,0.0011160714285715079,,,,,,,,half_mean_squared_per_measurement,,,895,100000.0,1.0,1,,,,not_applicable,not_applicable,not_applicable,method,method,not_applicable,25.983538991400856,0.7191126476036352,0.27308720350265503,0.07297568023204803,,,,,,25.744277773445766,0.7043333030752865,0.2709390092641115,25.744277773445766,3086.7268335241824,385.8408541905228,895,3584,3584,0,0,0,3584,0,3580,3580,0,3584,3580,3580,,,,,,,,,,,,0,0,0,0,0.0,,,,,,,,,,,,,,,,,,,,,,,1.0152,6.6536,5.6384,"jax_device_memory_stats(peak_bytes_in_use)  [LIFETIME high-water mark: it has no reset API, so it can only over-report this job]",,,,unavailable,2,8,0,921.9929,7.36,42,0,seed=42|model=imf|rep=0,6a0500184c85cbcc,a6d7ea78ad4437af,60a6dc5c91c914cc,source_imagenet_class,8.0,ok,,,2026-09-09T17:21:54.926577
stage2_imf_r2,4e0e0740063b,deblurring__pnp__x1,deblurring__pnp__x1,deblur,prob_c2be85f48d232774,088_03_macaw,imf,meanflow,jax,latent,pnp,PnP-Flow,1.0,1.0,0.0,1.0,0.0,meanflow_descending,pure_prior_noise,observed,,,,,0.0011160714285714285,0.0011160714285713969,0.0011160714285715079,,,,,,,,half_mean_squared_per_measurement,,,895,100000.0,1.0,1,,,,not_applicable,not_applicable,not_applicable,method,method,not_applicable,26.353343416675685,0.6532720936067972,0.26938173174858093,0.07297568023204803,,,,,,25.744277773445766,0.7043333030752865,0.2709390092641115,25.744277773445766,3086.7268335241824,385.8408541905228,895,3584,3584,0,0,0,3584,0,3580,3580,0,3584,3580,3580,,,,,,,,,,,,0,0,0,0,0.0,,,,,,,,,,,,,,,,,,,,,,,1.0152,6.6536,5.6384,"jax_device_memory_stats(peak_bytes_in_use)  [LIFETIME high-water mark: it has no reset API, so it can only over-report this job]",,,,unavailable,2,8,0,921.9929,7.36,42,0,seed=42|model=imf|rep=0,6a0500184c85cbcc,a6d7ea78ad4437af,60a6dc5c91c914cc,source_imagenet_class,8.0,ok,,,2026-09-09T17:21:54.926577
stage2_imf_r2,4e0e0740063b,deblurring__pnp__x1,deblurring__pnp__x1,deblur,prob_c2be85f48d232774,207_04_golden_retriever,imf,meanflow,jax,latent,pnp,PnP-Flow,1.0,1.0,0.0,1.0,0.0,meanflow_descending,pure_prior_noise,observed,,,,,0.0011160714285714285,0.0011160714285713969,0.0011160714285715079,,,,,,,,half_mean_squared_per_measurement,,,895,100000.0,1.0,1,,,,not_applicable,not_applicable,not_applicable,method,method,not_applicable,29.642925891136077,0.6792163585802987,0.3196677565574646,0.07297568023204803,,,,,,25.744277773445766,0.7043333030752865,0.2709390092641115,25.744277773445766,3086.7268335241824,385.8408541905228,895,3584,3584,0,0,0,3584,0,3580,3580,0,3584,3580,3580,,,,,,,,,,,,0,0,0,0,0.0,,,,,,,,,,,,,,,,,,,,,,,1.0152,6.6536,5.6384,"jax_device_memory_stats(peak_bytes_in_use)  [LIFETIME high-water mark: it has no reset API, so it can only over-report this job]",,,,unavailable,2,8,0,921.9929,7.36,42,0,seed=42|model=imf|rep=0,6a0500184c85cbcc,a6d7ea78ad4437af,60a6dc5c91c914cc,source_imagenet_class,8.0,ok,,,2026-09-09T17:21:54.926577
stage2_imf_r2,4e0e0740063b,deblurring__pnp__x1,deblurring__pnp__x1,deblur,prob_c2be85f48d232774,281_05_tabby_cat,imf,meanflow,jax,latent,pnp,PnP-Flow,1.0,1.0,0.0,1.0,0.0,meanflow_descending,pure_prior_noise,observed,,,,,0.0011160714285714285,0.0011160714285713969,0.0011160714285715079,,,,,,,,half_mean_squared_per_measurement,,,895,100000.0,1.0,1,,,,not_applicable,not_applicable,not_applicable,method,method,not_applicable,25.431435376553566,0.7349584408180859,0.19488155841827393,0.07297568023204803,,,,,,25.744277773445766,0.7043333030752865,0.2709390092641115,25.744277773445766,3086.7268335241824,385.8408541905228,895,3584,3584,0,0,0,3584,0,3580,3580,0,3584,3580,3580,,,,,,,,,,,,0,0,0,0,0.0,,,,,,,,,,,,,,,,,,,,,,,1.0152,6.6536,5.6384,"jax_device_memory_stats(peak_bytes_in_use)  [LIFETIME high-water mark: it has no reset API, so it can only over-report this job]",,,,unavailable,2,8,0,921.9929,7.36,42,0,seed=42|model=imf|rep=0,6a0500184c85cbcc,a6d7ea78ad4437af,60a6dc5c91c914cc,source_imagenet_class,8.0,ok,,,2026-09-09T17:21:54.926577
stage2_imf_r2,4e0e0740063b,deblurring__pnp__x1,deblurring__pnp__x1,deblur,prob_c2be85f48d232774,291_06_lion,imf,meanflow,jax,latent,pnp,PnP-Flow,1.0,1.0,0.0,1.0,0.0,meanflow_descending,pure_prior_noise,observed,,,,,0.0011160714285714285,0.0011160714285713969,0.0011160714285715079,,,,,,,,half_mean_squared_per_measurement,,,895,100000.0,1.0,1,,,,not_applicable,not_applicable,not_applicable,method,method,not_applicable,28.016812272875853,0.6819053673839841,0.3619304597377777,0.07297568023204803,,,,,,25.744277773445766,0.7043333030752865,0.2709390092641115,25.744277773445766,3086.7268335241824,385.8408541905228,895,3584,3584,0,0,0,3584,0,3580,3580,0,3584,3580,3580,,,,,,,,,,,,0,0,0,0,0.0,,,,,,,,,,,,,,,,,,,,,,,1.0152,6.6536,5.6384,"jax_device_memory_stats(peak_bytes_in_use)  [LIFETIME high-water mark: it has no reset API, so it can only over-report this job]",,,,unavailable,2,8,0,921.9929,7.36,42,0,seed=42|model=imf|rep=0,6a0500184c85cbcc,a6d7ea78ad4437af,60a6dc5c91c914cc,source_imagenet_class,8.0,ok,,,2026-09-09T17:21:54.926577
stage2_imf_r2,4e0e0740063b,deblurring__pnp__x1,deblurring__pnp__x1,deblur,prob_c2be85f48d232774,323_07_monarch_butterfly,imf,meanflow,jax,latent,pnp,PnP-Flow,1.0,1.0,0.0,1.0,0.0,meanflow_descending,pure_prior_noise,observed,,,,,0.0011160714285714285,0.0011160714285713969,0.0011160714285715079,,,,,,,,half_mean_squared_per_measurement,,,895,100000.0,1.0,1,,,,not_applicable,not_applicable,not_applicable,method,method,not_applicable,22.798273761861168,0.6491104644185307,0.3548017740249634,0.07297568023204803,,,,,,25.744277773445766,0.7043333030752865,0.2709390092641115,25.744277773445766,3086.7268335241824,385.8408541905228,895,3584,3584,0,0,0,3584,0,3580,3580,0,3584,3580,3580,,,,,,,,,,,,0,0,0,0,0.0,,,,,,,,,,,,,,,,,,,,,,,1.0152,6.6536,5.6384,"jax_device_memory_stats(peak_bytes_in_use)  [LIFETIME high-water mark: it has no reset API, so it can only over-report this job]",,,,unavailable,2,8,0,921.9929,7.36,42,0,seed=42|model=imf|rep=0,6a0500184c85cbcc,a6d7ea78ad4437af,60a6dc5c91c914cc,source_imagenet_class,8.0,ok,,,2026-09-09T17:21:54.926577
stage2_imf_r2,cc935c4b58ff,deblurring__dflow__x1,deblurring__dflow__x1,deblur,prob_c2be85f48d232774,000_00_tench,imf,meanflow,jax,latent,dflow,D-Flow,1.0,1.0,0.0,1.0,0.0,meanflow_descending,pure_prior_noise,observed,1,,,,1.0,1.0,1.0,,,,0.3,adam,,,half_mean_squared_per_measurement,,,,,,,2560,,,not_applicable,not_applicable,method,not_applicable,not_applicable,not_applicable,22.38300046540544,0.40967828503351505,0.6318295001983643,0.0673268660902977,,,,,,25.744277773445766,0.7043333030752865,0.2709390092641115,25.744277773445766,5468.379659321159,683.5474574151449,1,10244,10244,10240,10240,10240,10244,10240,10240,10240,10240,0,10244,10240,,,,,,,,,,,,0,0,0,0,0.0,,,,,,,,,,,,,,,,,,,,,,,1.0064,6.6614,5.655,"jax_device_memory_stats(peak_bytes_in_use)  [LIFETIME high-water mark: it has no reset API, so it can only over-report this job]",,,,unavailable,2,8,0,0.9525,13.26,42,0,seed=42|model=imf|rep=0,6a0500184c85cbcc,a6d7ea78ad4437af,60a6dc5c91c914cc,source_imagenet_class,8.0,ok,,,2026-09-09T17:46:04.602625
stage2_imf_r2,cc935c4b58ff,deblurring__dflow__x1,deblurring__dflow__x1,deblur,prob_c2be85f48d232774,039_01_iguana,imf,meanflow,jax,latent,dflow,D-Flow,1.0,1.0,0.0,1.0,0.0,meanflow_descending,pure_prior_noise,observed,1,,,,1.0,1.0,1.0,,,,0.3,adam,,,half_mean_squared_per_measurement,,,,,,,2560,,,not_applicable,not_applicable,method,not_applicable,not_applicable,not_applicable,21.640758732946406,0.7233207449539875,0.25287628173828125,0.0673268660902977,,,,,,25.744277773445766,0.7043333030752865,0.2709390092641115,25.744277773445766,5468.379659321159,683.5474574151449,1,10244,10244,10240,10240,10240,10244,10240,10240,10240,10240,0,10244,10240,,,,,,,,,,,,0,0,0,0,0.0,,,,,,,,,,,,,,,,,,,,,,,1.0064,6.6614,5.655,"jax_device_memory_stats(peak_bytes_in_use)  [LIFETIME high-water mark: it has no reset API, so it can only over-report this job]",,,,unavailable,2,8,0,0.9525,13.26,42,0,seed=42|model=imf|rep=0,6a0500184c85cbcc,a6d7ea78ad4437af,60a6dc5c91c914cc,source_imagenet_class,8.0,ok,,,2026-09-09T17:46:04.602625
stage2_imf_r2,cc935c4b58ff,deblurring__dflow__x1,deblurring__dflow__x1,deblur,prob_c2be85f48d232774,081_02_ptarmigan,imf,meanflow,jax,latent,dflow,D-Flow,1.0,1.0,0.0,1.0,0.0,meanflow_descending,pure_prior_noise,observed,1,,,,1.0,1.0,1.0,,,,0.3,adam,,,half_mean_squared_per_measurement,,,,,,,2560,,,not_applicable,not_applicable,method,not_applicable,not_applicable,not_applicable,26.695040209332618,0.7563483575365538,0.35643795132637024,0.0673268660902977,,,,,,25.744277773445766,0.7043333030752865,0.2709390092641115,25.744277773445766,5468.379659321159,683.5474574151449,1,10244,10244,10240,10240,10240,10244,10240,10240,10240,10240,0,10244,10240,,,,,,,,,,,,0,0,0,0,0.0,,,,,,,,,,,,,,,,,,,,,,,1.0064,6.6614,5.655,"jax_device_memory_stats(peak_bytes_in_use)  [LIFETIME high-water mark: it has no reset API, so it can only over-report this job]",,,,unavailable,2,8,0,0.9525,13.26,42,0,seed=42|model=imf|rep=0,6a0500184c85cbcc,a6d7ea78ad4437af,60a6dc5c91c914cc,source_imagenet_class,8.0,ok,,,2026-09-09T17:46:04.602625
stage2_imf_r2,cc935c4b58ff,deblurring__dflow__x1,deblurring__dflow__x1,deblur,prob_c2be85f48d232774,088_03_macaw,imf,meanflow,jax,latent,dflow,D-Flow,1.0,1.0,0.0,1.0,0.0,meanflow_descending,pure_prior_noise,observed,1,,,,1.0,1.0,1.0,,,,0.3,adam,,,half_mean_squared_per_measurement,,,,,,,2560,,,not_applicable,not_applicable,method,not_applicable,not_applicable,not_applicable,27.503198840022417,0.724047754789316,0.15760968625545502,0.0673268660902977,,,,,,25.744277773445766,0.7043333030752865,0.2709390092641115,25.744277773445766,5468.379659321159,683.5474574151449,1,10244,10244,10240,10240,10240,10244,10240,10240,10240,10240,0,10244,10240,,,,,,,,,,,,0,0,0,0,0.0,,,,,,,,,,,,,,,,,,,,,,,1.0064,6.6614,5.655,"jax_device_memory_stats(peak_bytes_in_use)  [LIFETIME high-water mark: it has no reset API, so it can only over-report this job]",,,,unavailable,2,8,0,0.9525,13.26,42,0,seed=42|model=imf|rep=0,6a0500184c85cbcc,a6d7ea78ad4437af,60a6dc5c91c914cc,source_imagenet_class,8.0,ok,,,2026-09-09T17:46:04.602625
stage2_imf_r2,cc935c4b58ff,deblurring__dflow__x1,deblurring__dflow__x1,deblur,prob_c2be85f48d232774,207_04_golden_retriever,imf,meanflow,jax,latent,dflow,D-Flow,1.0,1.0,0.0,1.0,0.0,meanflow_descending,pure_prior_noise,observed,1,,,,1.0,1.0,1.0,,,,0.3,adam,,,half_mean_squared_per_measurement,,,,,,,2560,,,not_applicable,not_applicable,method,not_applicable,not_applicable,not_applicable,31.173692524638263,0.7817777116868038,0.24843883514404297,0.0673268660902977,,,,,,25.744277773445766,0.7043333030752865,0.2709390092641115,25.744277773445766,5468.379659321159,683.5474574151449,1,10244,10244,10240,10240,10240,10244,10240,10240,10240,10240,0,10244,10240,,,,,,,,,,,,0,0,0,0,0.0,,,,,,,,,,,,,,,,,,,,,,,1.0064,6.6614,5.655,"jax_device_memory_stats(peak_bytes_in_use)  [LIFETIME high-water mark: it has no reset API, so it can only over-report this job]",,,,unavailable,2,8,0,0.9525,13.26,42,0,seed=42|model=imf|rep=0,6a0500184c85cbcc,a6d7ea78ad4437af,60a6dc5c91c914cc,source_imagenet_class,8.0,ok,,,2026-09-09T17:46:04.602625
stage2_imf_r2,cc935c4b58ff,deblurring__dflow__x1,deblurring__dflow__x1,deblur,prob_c2be85f48d232774,281_05_tabby_cat,imf,meanflow,jax,latent,dflow,D-Flow,1.0,1.0,0.0,1.0,0.0,meanflow_descending,pure_prior_noise,observed,1,,,,1.0,1.0,1.0,,,,0.3,adam,,,half_mean_squared_per_measurement,,,,,,,2560,,,not_applicable,not_applicable,method,not_applicable,not_applicable,not_applicable,25.38976343209122,0.7518966103424494,0.1256636530160904,0.0673268660902977,,,,,,25.744277773445766,0.7043333030752865,0.2709390092641115,25.744277773445766,5468.379659321159,683.5474574151449,1,10244,10244,10240,10240,10240,10244,10240,10240,10240,10240,0,10244,10240,,,,,,,,,,,,0,0,0,0,0.0,,,,,,,,,,,,,,,,,,,,,,,1.0064,6.6614,5.655,"jax_device_memory_stats(peak_bytes_in_use)  [LIFETIME high-water mark: it has no reset API, so it can only over-report this job]",,,,unavailable,2,8,0,0.9525,13.26,42,0,seed=42|model=imf|rep=0,6a0500184c85cbcc,a6d7ea78ad4437af,60a6dc5c91c914cc,source_imagenet_class,8.0,ok,,,2026-09-09T17:46:04.602625
stage2_imf_r2,cc935c4b58ff,deblurring__dflow__x1,deblurring__dflow__x1,deblur,prob_c2be85f48d232774,291_06_lion,imf,meanflow,jax,latent,dflow,D-Flow,1.0,1.0,0.0,1.0,0.0,meanflow_descending,pure_prior_noise,observed,1,,,,1.0,1.0,1.0,,,,0.3,adam,,,half_mean_squared_per_measurement,,,,,,,2560,,,not_applicable,not_applicable,method,not_applicable,not_applicable,not_applicable,29.412862700178522,0.7808366751225074,0.24736091494560242,0.0673268660902977,,,,,,25.744277773445766,0.7043333030752865,0.2709390092641115,25.744277773445766,5468.379659321159,683.5474574151449,1,10244,10244,10240,10240,10240,10244,10240,10240,10240,10240,0,10244,10240,,,,,,,,,,,,0,0,0,0,0.0,,,,,,,,,,,,,,,,,,,,,,,1.0064,6.6614,5.655,"jax_device_memory_stats(peak_bytes_in_use)  [LIFETIME high-water mark: it has no reset API, so it can only over-report this job]",,,,unavailable,2,8,0,0.9525,13.26,42,0,seed=42|model=imf|rep=0,6a0500184c85cbcc,a6d7ea78ad4437af,60a6dc5c91c914cc,source_imagenet_class,8.0,ok,,,2026-09-09T17:46:04.602625
stage2_imf_r2,cc935c4b58ff,deblurring__dflow__x1,deblurring__dflow__x1,deblur,prob_c2be85f48d232774,323_07_monarch_butterfly,imf,meanflow,jax,latent,dflow,D-Flow,1.0,1.0,0.0,1.0,0.0,meanflow_descending,pure_prior_noise,observed,1,,,,1.0,1.0,1.0,,,,0.3,adam,,,half_mean_squared_per_measurement,,,,,,,2560,,,not_applicable,not_applicable,method,not_applicable,not_applicable,not_applicable,23.568241189469994,0.7121149165844822,0.30669453740119934,0.0673268660902977,,,,,,25.744277773445766,0.7043333030752865,0.2709390092641115,25.744277773445766,5468.379659321159,683.5474574151449,1,10244,10244,10240,10240,10240,10244,10240,10240,10240,10240,0,10244,10240,,,,,,,,,,,,0,0,0,0,0.0,,,,,,,,,,,,,,,,,,,,,,,1.0064,6.6614,5.655,"jax_device_memory_stats(peak_bytes_in_use)  [LIFETIME high-water mark: it has no reset API, so it can only over-report this job]",,,,unavailable,2,8,0,0.9525,13.26,42,0,seed=42|model=imf|rep=0,6a0500184c85cbcc,a6d7ea78ad4437af,60a6dc5c91c914cc,source_imagenet_class,8.0,ok,,,2026-09-09T17:46:04.602625
stage2_imf_r2,c7368ff4b743,deblurring__mpc_delta_t__x1,deblurring__mpc_delta_t__x1,deblur,prob_c2be85f48d232774,000_00_tench,imf,meanflow,jax,latent,mpc_delta_t,MPC-delta_t,1.0,1.0,0.0,1.0,0.0,meanflow_descending,pure_prior_noise,observed,,,8,0.125,0.125,0.125,0.125,,1000.0,160,0.3,adam,False,,half_sum_squared,sum_squared,none,,,,,,,,method,method,method,not_applicable,not_applicable,not_applicable,23.594669475037904,0.5581942628813467,0.6044724583625793,0.06248040869832039,,,,,,25.744277773445766,0.7043333030752865,0.2709390092641115,25.744277773445766,484.56398598942906,60.57049824867863,8,4512,4512,4480,5120,4480,4512,4480,0,0,0,0,5120,0,,,,,,,,,,,,0,0,0,0,0.0,,,,,,,,,,,,,,,,,,,,,,,1.0064,6.6614,5.655,"jax_device_memory_stats(peak_bytes_in_use)  [LIFETIME high-water mark: it has no reset API, so it can only over-report this job]",,,,unavailable,2,8,0,1.5803,13.26,42,0,seed=42|model=imf|rep=0,6a0500184c85cbcc,a6d7ea78ad4437af,60a6dc5c91c914cc,source_imagenet_class,8.0,ok,,,2026-09-09T17:54:11.755681
stage2_imf_r2,c7368ff4b743,deblurring__mpc_delta_t__x1,deblurring__mpc_delta_t__x1,deblur,prob_c2be85f48d232774,039_01_iguana,imf,meanflow,jax,latent,mpc_delta_t,MPC-delta_t,1.0,1.0,0.0,1.0,0.0,meanflow_descending,pure_prior_noise,observed,,,8,0.125,0.125,0.125,0.125,,1000.0,160,0.3,adam,False,,half_sum_squared,sum_squared,none,,,,,,,,method,method,method,not_applicable,not_applicable,not_applicable,21.742009621359696,0.7432732067806206,0.23253434896469116,0.06248040869832039,,,,,,25.744277773445766,0.7043333030752865,0.2709390092641115,25.744277773445766,484.56398598942906,60.57049824867863,8,4512,4512,4480,5120,4480,4512,4480,0,0,0,0,5120,0,,,,,,,,,,,,0,0,0,0,0.0,,,,,,,,,,,,,,,,,,,,,,,1.0064,6.6614,5.655,"jax_device_memory_stats(peak_bytes_in_use)  [LIFETIME high-water mark: it has no reset API, so it can only over-report this job]",,,,unavailable,2,8,0,1.5803,13.26,42,0,seed=42|model=imf|rep=0,6a0500184c85cbcc,a6d7ea78ad4437af,60a6dc5c91c914cc,source_imagenet_class,8.0,ok,,,2026-09-09T17:54:11.755681
stage2_imf_r2,c7368ff4b743,deblurring__mpc_delta_t__x1,deblurring__mpc_delta_t__x1,deblur,prob_c2be85f48d232774,081_02_ptarmigan,imf,meanflow,jax,latent,mpc_delta_t,MPC-delta_t,1.0,1.0,0.0,1.0,0.0,meanflow_descending,pure_prior_noise,observed,,,8,0.125,0.125,0.125,0.125,,1000.0,160,0.3,adam,False,,half_sum_squared,sum_squared,none,,,,,,,,method,method,method,not_applicable,not_applicable,not_applicable,25.936765360627895,0.755900827453117,0.20058400928974152,0.06248040869832039,,,,,,25.744277773445766,0.7043333030752865,0.2709390092641115,25.744277773445766,484.56398598942906,60.57049824867863,8,4512,4512,4480,5120,4480,4512,4480,0,0,0,0,5120,0,,,,,,,,,,,,0,0,0,0,0.0,,,,,,,,,,,,,,,,,,,,,,,1.0064,6.6614,5.655,"jax_device_memory_stats(peak_bytes_in_use)  [LIFETIME high-water mark: it has no reset API, so it can only over-report this job]",,,,unavailable,2,8,0,1.5803,13.26,42,0,seed=42|model=imf|rep=0,6a0500184c85cbcc,a6d7ea78ad4437af,60a6dc5c91c914cc,source_imagenet_class,8.0,ok,,,2026-09-09T17:54:11.755681
stage2_imf_r2,c7368ff4b743,deblurring__mpc_delta_t__x1,deblurring__mpc_delta_t__x1,deblur,prob_c2be85f48d232774,088_03_macaw,imf,meanflow,jax,latent,mpc_delta_t,MPC-delta_t,1.0,1.0,0.0,1.0,0.0,meanflow_descending,pure_prior_noise,observed,,,8,0.125,0.125,0.125,0.125,,1000.0,160,0.3,adam,False,,half_sum_squared,sum_squared,none,,,,,,,,method,method,method,not_applicable,not_applicable,not_applicable,28.117938875809088,0.7705914707798452,0.11807426810264587,0.06248040869832039,,,,,,25.744277773445766,0.7043333030752865,0.2709390092641115,25.744277773445766,484.56398598942906,60.57049824867863,8,4512,4512,4480,5120,4480,4512,4480,0,0,0,0,5120,0,,,,,,,,,,,,0,0,0,0,0.0,,,,,,,,,,,,,,,,,,,,,,,1.0064,6.6614,5.655,"jax_device_memory_stats(peak_bytes_in_use)  [LIFETIME high-water mark: it has no reset API, so it can only over-report this job]",,,,unavailable,2,8,0,1.5803,13.26,42,0,seed=42|model=imf|rep=0,6a0500184c85cbcc,a6d7ea78ad4437af,60a6dc5c91c914cc,source_imagenet_class,8.0,ok,,,2026-09-09T17:54:11.755681
stage2_imf_r2,c7368ff4b743,deblurring__mpc_delta_t__x1,deblurring__mpc_delta_t__x1,deblur,prob_c2be85f48d232774,207_04_golden_retriever,imf,meanflow,jax,latent,mpc_delta_t,MPC-delta_t,1.0,1.0,0.0,1.0,0.0,meanflow_descending,pure_prior_noise,observed,,,8,0.125,0.125,0.125,0.125,,1000.0,160,0.3,adam,False,,half_sum_squared,sum_squared,none,,,,,,,,method,method,method,not_applicable,not_applicable,not_applicable,31.677968144260692,0.80319610197684,0.20124906301498413,0.06248040869832039,,,,,,25.744277773445766,0.7043333030752865,0.2709390092641115,25.744277773445766,484.56398598942906,60.57049824867863,8,4512,4512,4480,5120,4480,4512,4480,0,0,0,0,5120,0,,,,,,,,,,,,0,0,0,0,0.0,,,,,,,,,,,,,,,,,,,,,,,1.0064,6.6614,5.655,"jax_device_memory_stats(peak_bytes_in_use)  [LIFETIME high-water mark: it has no reset API, so it can only over-report this job]",,,,unavailable,2,8,0,1.5803,13.26,42,0,seed=42|model=imf|rep=0,6a0500184c85cbcc,a6d7ea78ad4437af,60a6dc5c91c914cc,source_imagenet_class,8.0,ok,,,2026-09-09T17:54:11.755681
stage2_imf_r2,c7368ff4b743,deblurring__mpc_delta_t__x1,deblurring__mpc_delta_t__x1,deblur,prob_c2be85f48d232774,281_05_tabby_cat,imf,meanflow,jax,latent,mpc_delta_t,MPC-delta_t,1.0,1.0,0.0,1.0,0.0,meanflow_descending,pure_prior_noise,observed,,,8,0.125,0.125,0.125,0.125,,1000.0,160,0.3,adam,False,,half_sum_squared,sum_squared,none,,,,,,,,method,method,method,not_applicable,not_applicable,not_applicable,25.844024041181267,0.7603933542964917,0.12377478927373886,0.06248040869832039,,,,,,25.744277773445766,0.7043333030752865,0.2709390092641115,25.744277773445766,484.56398598942906,60.57049824867863,8,4512,4512,4480,5120,4480,4512,4480,0,0,0,0,5120,0,,,,,,,,,,,,0,0,0,0,0.0,,,,,,,,,,,,,,,,,,,,,,,1.0064,6.6614,5.655,"jax_device_memory_stats(peak_bytes_in_use)  [LIFETIME high-water mark: it has no reset API, so it can only over-report this job]",,,,unavailable,2,8,0,1.5803,13.26,42,0,seed=42|model=imf|rep=0,6a0500184c85cbcc,a6d7ea78ad4437af,60a6dc5c91c914cc,source_imagenet_class,8.0,ok,,,2026-09-09T17:54:11.755681
stage2_imf_r2,c7368ff4b743,deblurring__mpc_delta_t__x1,deblurring__mpc_delta_t__x1,deblur,prob_c2be85f48d232774,291_06_lion,imf,meanflow,jax,latent,mpc_delta_t,MPC-delta_t,1.0,1.0,0.0,1.0,0.0,meanflow_descending,pure_prior_noise,observed,,,8,0.125,0.125,0.125,0.125,,1000.0,160,0.3,adam,False,,half_sum_squared,sum_squared,none,,,,,,,,method,method,method,not_applicable,not_applicable,not_applicable,29.277000507975455,0.7822277762409425,0.21285253763198853,0.06248040869832039,,,,,,25.744277773445766,0.7043333030752865,0.2709390092641115,25.744277773445766,484.56398598942906,60.57049824867863,8,4512,4512,4480,5120,4480,4512,4480,0,0,0,0,5120,0,,,,,,,,,,,,0,0,0,0,0.0,,,,,,,,,,,,,,,,,,,,,,,1.0064,6.6614,5.655,"jax_device_memory_stats(peak_bytes_in_use)  [LIFETIME high-water mark: it has no reset API, so it can only over-report this job]",,,,unavailable,2,8,0,1.5803,13.26,42,0,seed=42|model=imf|rep=0,6a0500184c85cbcc,a6d7ea78ad4437af,60a6dc5c91c914cc,source_imagenet_class,8.0,ok,,,2026-09-09T17:54:11.755681
stage2_imf_r2,c7368ff4b743,deblurring__mpc_delta_t__x1,deblurring__mpc_delta_t__x1,deblur,prob_c2be85f48d232774,323_07_monarch_butterfly,imf,meanflow,jax,latent,mpc_delta_t,MPC-delta_t,1.0,1.0,0.0,1.0,0.0,meanflow_descending,pure_prior_noise,observed,,,8,0.125,0.125,0.125,0.125,,1000.0,160,0.3,adam,False,,half_sum_squared,sum_squared,none,,,,,,,,method,method,method,not_applicable,not_applicable,not_applicable,23.256423254438687,0.7135172149387258,0.25199654698371887,0.06248040869832039,,,,,,25.744277773445766,0.7043333030752865,0.2709390092641115,25.744277773445766,484.56398598942906,60.57049824867863,8,4512,4512,4480,5120,4480,4512,4480,0,0,0,0,5120,0,,,,,,,,,,,,0,0,0,0,0.0,,,,,,,,,,,,,,,,,,,,,,,1.0064,6.6614,5.655,"jax_device_memory_stats(peak_bytes_in_use)  [LIFETIME high-water mark: it has no reset API, so it can only over-report this job]",,,,unavailable,2,8,0,1.5803,13.26,42,0,seed=42|model=imf|rep=0,6a0500184c85cbcc,a6d7ea78ad4437af,60a6dc5c91c914cc,source_imagenet_class,8.0,ok,,,2026-09-09T17:54:11.755681
stage2_imf_r2,2521cf52d667,deblurring__rhso__x1,deblurring__rhso__x1,deblur,prob_c2be85f48d232774,000_00_tench,imf,meanflow,jax,latent,rhso,RHSO,1.0,1.0,0.0,1.0,0.0,meanflow_descending,pure_prior_noise,observed,,,,,0.03125,0.03125,0.03125,,,,0.03,adam,,,half_mean_squared_per_measurement,,,,,,,80,32,0.0,not_applicable,not_applicable,method,not_applicable,not_applicable,method,23.631070152342765,0.5638857250505493,0.5668590664863586,0.06206069141626358,,,,,,25.744277773445766,0.7043333030752865,0.2709390092641115,25.744277773445766,3723.014872687869,465.3768590859836,32,10368,10368,10240,10240,10240,10368,10240,10240,10240,10240,0,10240,10240,direct,learned_finite_interval_map,,False,False,False,,,,False,,0,0,0,0,0.0,,,,,,,,,,,,,,,,,,,,,,,1.0152,6.6794,5.6642,"jax_device_memory_stats(peak_bytes_in_use)  [LIFETIME high-water mark: it has no reset API, so it can only over-report this job]",,,,unavailable,2,8,0,33.5388,7.36,42,0,seed=42|model=imf|rep=0,6a0500184c85cbcc,a6d7ea78ad4437af,60a6dc5c91c914cc,source_imagenet_class,8.0,ok,,,2026-09-09T18:24:32.905290
stage2_imf_r2,2521cf52d667,deblurring__rhso__x1,deblurring__rhso__x1,deblur,prob_c2be85f48d232774,039_01_iguana,imf,meanflow,jax,latent,rhso,RHSO,1.0,1.0,0.0,1.0,0.0,meanflow_descending,pure_prior_noise,observed,,,,,0.03125,0.03125,0.03125,,,,0.03,adam,,,half_mean_squared_per_measurement,,,,,,,80,32,0.0,not_applicable,not_applicable,method,not_applicable,not_applicable,method,21.77145749465097,0.7423246534363894,0.2530140280723572,0.06206069141626358,,,,,,25.744277773445766,0.7043333030752865,0.2709390092641115,25.744277773445766,3723.014872687869,465.3768590859836,32,10368,10368,10240,10240,10240,10368,10240,10240,10240,10240,0,10240,10240,direct,learned_finite_interval_map,,False,False,False,,,,False,,0,0,0,0,0.0,,,,,,,,,,,,,,,,,,,,,,,1.0152,6.6794,5.6642,"jax_device_memory_stats(peak_bytes_in_use)  [LIFETIME high-water mark: it has no reset API, so it can only over-report this job]",,,,unavailable,2,8,0,33.5388,7.36,42,0,seed=42|model=imf|rep=0,6a0500184c85cbcc,a6d7ea78ad4437af,60a6dc5c91c914cc,source_imagenet_class,8.0,ok,,,2026-09-09T18:24:32.905290
stage2_imf_r2,2521cf52d667,deblurring__rhso__x1,deblurring__rhso__x1,deblur,prob_c2be85f48d232774,081_02_ptarmigan,imf,meanflow,jax,latent,rhso,RHSO,1.0,1.0,0.0,1.0,0.0,meanflow_descending,pure_prior_noise,observed,,,,,0.03125,0.03125,0.03125,,,,0.03,adam,,,half_mean_squared_per_measurement,,,,,,,80,32,0.0,not_applicable,not_applicable,method,not_applicable,not_applicable,method,25.94353565358279,0.755157891079765,0.20804116129875183,0.06206069141626358,,,,,,25.744277773445766,0.7043333030752865,0.2709390092641115,25.744277773445766,3723.014872687869,465.3768590859836,32,10368,10368,10240,10240,10240,10368,10240,10240,10240,10240,0,10240,10240,direct,learned_finite_interval_map,,False,False,False,,,,False,,0,0,0,0,0.0,,,,,,,,,,,,,,,,,,,,,,,1.0152,6.6794,5.6642,"jax_device_memory_stats(peak_bytes_in_use)  [LIFETIME high-water mark: it has no reset API, so it can only over-report this job]",,,,unavailable,2,8,0,33.5388,7.36,42,0,seed=42|model=imf|rep=0,6a0500184c85cbcc,a6d7ea78ad4437af,60a6dc5c91c914cc,source_imagenet_class,8.0,ok,,,2026-09-09T18:24:32.905290
stage2_imf_r2,2521cf52d667,deblurring__rhso__x1,deblurring__rhso__x1,deblur,prob_c2be85f48d232774,088_03_macaw,imf,meanflow,jax,latent,rhso,RHSO,1.0,1.0,0.0,1.0,0.0,meanflow_descending,pure_prior_noise,observed,,,,,0.03125,0.03125,0.03125,,,,0.03,adam,,,half_mean_squared_per_measurement,,,,,,,80,32,0.0,not_applicable,not_applicable,method,not_applicable,not_applicable,method,28.2766663543598,0.781141209117346,0.10069544613361359,0.06206069141626358,,,,,,25.744277773445766,0.7043333030752865,0.2709390092641115,25.744277773445766,3723.014872687869,465.3768590859836,32,10368,10368,10240,10240,10240,10368,10240,10240,10240,10240,0,10240,10240,direct,learned_finite_interval_map,,False,False,False,,,,False,,0,0,0,0,0.0,,,,,,,,,,,,,,,,,,,,,,,1.0152,6.6794,5.6642,"jax_device_memory_stats(peak_bytes_in_use)  [LIFETIME high-water mark: it has no reset API, so it can only over-report this job]",,,,unavailable,2,8,0,33.5388,7.36,42,0,seed=42|model=imf|rep=0,6a0500184c85cbcc,a6d7ea78ad4437af,60a6dc5c91c914cc,source_imagenet_class,8.0,ok,,,2026-09-09T18:24:32.905290
stage2_imf_r2,2521cf52d667,deblurring__rhso__x1,deblurring__rhso__x1,deblur,prob_c2be85f48d232774,207_04_golden_retriever,imf,meanflow,jax,latent,rhso,RHSO,1.0,1.0,0.0,1.0,0.0,meanflow_descending,pure_prior_noise,observed,,,,,0.03125,0.03125,0.03125,,,,0.03,adam,,,half_mean_squared_per_measurement,,,,,,,80,32,0.0,not_applicable,not_applicable,method,not_applicable,not_applicable,method,29.648271511025325,0.7440047550534322,0.19437190890312195,0.06206069141626358,,,,,,25.744277773445766,0.7043333030752865,0.2709390092641115,25.744277773445766,3723.014872687869,465.3768590859836,32,10368,10368,10240,10240,10240,10368,10240,10240,10240,10240,0,10240,10240,direct,learned_finite_interval_map,,False,False,False,,,,False,,0,0,0,0,0.0,,,,,,,,,,,,,,,,,,,,,,,1.0152,6.6794,5.6642,"jax_device_memory_stats(peak_bytes_in_use)  [LIFETIME high-water mark: it has no reset API, so it can only over-report this job]",,,,unavailable,2,8,0,33.5388,7.36,42,0,seed=42|model=imf|rep=0,6a0500184c85cbcc,a6d7ea78ad4437af,60a6dc5c91c914cc,source_imagenet_class,8.0,ok,,,2026-09-09T18:24:32.905290
stage2_imf_r2,2521cf52d667,deblurring__rhso__x1,deblurring__rhso__x1,deblur,prob_c2be85f48d232774,281_05_tabby_cat,imf,meanflow,jax,latent,rhso,RHSO,1.0,1.0,0.0,1.0,0.0,meanflow_descending,pure_prior_noise,observed,,,,,0.03125,0.03125,0.03125,,,,0.03,adam,,,half_mean_squared_per_measurement,,,,,,,80,32,0.0,not_applicable,not_applicable,method,not_applicable,not_applicable,method,27.090615776602327,0.8224886099161361,0.10552506148815155,0.06206069141626358,,,,,,25.744277773445766,0.7043333030752865,0.2709390092641115,25.744277773445766,3723.014872687869,465.3768590859836,32,10368,10368,10240,10240,10240,10368,10240,10240,10240,10240,0,10240,10240,direct,learned_finite_interval_map,,False,False,False,,,,False,,0,0,0,0,0.0,,,,,,,,,,,,,,,,,,,,,,,1.0152,6.6794,5.6642,"jax_device_memory_stats(peak_bytes_in_use)  [LIFETIME high-water mark: it has no reset API, so it can only over-report this job]",,,,unavailable,2,8,0,33.5388,7.36,42,0,seed=42|model=imf|rep=0,6a0500184c85cbcc,a6d7ea78ad4437af,60a6dc5c91c914cc,source_imagenet_class,8.0,ok,,,2026-09-09T18:24:32.905290
stage2_imf_r2,2521cf52d667,deblurring__rhso__x1,deblurring__rhso__x1,deblur,prob_c2be85f48d232774,291_06_lion,imf,meanflow,jax,latent,rhso,RHSO,1.0,1.0,0.0,1.0,0.0,meanflow_descending,pure_prior_noise,observed,,,,,0.03125,0.03125,0.03125,,,,0.03,adam,,,half_mean_squared_per_measurement,,,,,,,80,32,0.0,not_applicable,not_applicable,method,not_applicable,not_applicable,method,28.934203870243287,0.7610870356240778,0.25039905309677124,0.06206069141626358,,,,,,25.744277773445766,0.7043333030752865,0.2709390092641115,25.744277773445766,3723.014872687869,465.3768590859836,32,10368,10368,10240,10240,10240,10368,10240,10240,10240,10240,0,10240,10240,direct,learned_finite_interval_map,,False,False,False,,,,False,,0,0,0,0,0.0,,,,,,,,,,,,,,,,,,,,,,,1.0152,6.6794,5.6642,"jax_device_memory_stats(peak_bytes_in_use)  [LIFETIME high-water mark: it has no reset API, so it can only over-report this job]",,,,unavailable,2,8,0,33.5388,7.36,42,0,seed=42|model=imf|rep=0,6a0500184c85cbcc,a6d7ea78ad4437af,60a6dc5c91c914cc,source_imagenet_class,8.0,ok,,,2026-09-09T18:24:32.905290
stage2_imf_r2,2521cf52d667,deblurring__rhso__x1,deblurring__rhso__x1,deblur,prob_c2be85f48d232774,323_07_monarch_butterfly,imf,meanflow,jax,latent,rhso,RHSO,1.0,1.0,0.0,1.0,0.0,meanflow_descending,pure_prior_noise,observed,,,,,0.03125,0.03125,0.03125,,,,0.03,adam,,,half_mean_squared_per_measurement,,,,,,,80,32,0.0,not_applicable,not_applicable,method,not_applicable,not_applicable,method,23.57094114340327,0.7377574684576861,0.2552244961261749,0.06206069141626358,,,,,,25.744277773445766,0.7043333030752865,0.2709390092641115,25.744277773445766,3723.014872687869,465.3768590859836,32,10368,10368,10240,10240,10240,10368,10240,10240,10240,10240,0,10240,10240,direct,learned_finite_interval_map,,False,False,False,,,,False,,0,0,0,0,0.0,,,,,,,,,,,,,,,,,,,,,,,1.0152,6.6794,5.6642,"jax_device_memory_stats(peak_bytes_in_use)  [LIFETIME high-water mark: it has no reset API, so it can only over-report this job]",,,,unavailable,2,8,0,33.5388,7.36,42,0,seed=42|model=imf|rep=0,6a0500184c85cbcc,a6d7ea78ad4437af,60a6dc5c91c914cc,source_imagenet_class,8.0,ok,,,2026-09-09T18:24:32.905290
stage2_imf_r2,1a450020baba,super_resolution__pnp__x1,super_resolution__pnp__x1,super_resolution,prob_0f6cb8346c07d449,000_00_tench,imf,meanflow,jax,latent,pnp,PnP-Flow,1.0,1.0,0.0,1.0,0.0,meanflow_descending,pure_prior_noise,upsample_bicubic,,,,,0.0011160714285714285,0.0011160714285713969,0.0011160714285715079,,,,,,,,half_mean_squared_per_measurement,,,895,100000.0,1.0,1,,,,not_applicable,not_applicable,not_applicable,method,method,not_applicable,22.566955598764334,0.4722020030438598,0.521813690662384,0.10811106115579605,,,,,,22.72518401401371,0.6367004835325139,0.2324478104710579,24.165853270405385,1587.6729788007215,198.45912235009018,895,3584,3584,0,0,0,3584,0,3580,3580,0,3584,3580,3580,,,,,,,,,,,,0,0,0,0,0.0,,,,,,,,,,,,,,,,,,,,,,,1.0066,6.6259,5.6193,"jax_device_memory_stats(peak_bytes_in_use)  [LIFETIME high-water mark: it has no reset API, so it can only over-report this job]",,,,unavailable,2,8,0,453.5951,8.11,42,0,seed=42|model=imf|rep=0,5ea4a50404d5d00f,f1de5afd71310f5c,60a6dc5c91c914cc,source_imagenet_class,8.0,ok,,,2026-09-09T16:48:59.342335
stage2_imf_r2,1a450020baba,super_resolution__pnp__x1,super_resolution__pnp__x1,super_resolution,prob_0f6cb8346c07d449,039_01_iguana,imf,meanflow,jax,latent,pnp,PnP-Flow,1.0,1.0,0.0,1.0,0.0,meanflow_descending,pure_prior_noise,upsample_bicubic,,,,,0.0011160714285714285,0.0011160714285713969,0.0011160714285715079,,,,,,,,half_mean_squared_per_measurement,,,895,100000.0,1.0,1,,,,not_applicable,not_applicable,not_applicable,method,method,not_applicable,20.903444353875457,0.680509289337032,0.2532997727394104,0.10811106115579605,,,,,,22.72518401401371,0.6367004835325139,0.2324478104710579,24.165853270405385,1587.6729788007215,198.45912235009018,895,3584,3584,0,0,0,3584,0,3580,3580,0,3584,3580,3580,,,,,,,,,,,,0,0,0,0,0.0,,,,,,,,,,,,,,,,,,,,,,,1.0066,6.6259,5.6193,"jax_device_memory_stats(peak_bytes_in_use)  [LIFETIME high-water mark: it has no reset API, so it can only over-report this job]",,,,unavailable,2,8,0,453.5951,8.11,42,0,seed=42|model=imf|rep=0,5ea4a50404d5d00f,f1de5afd71310f5c,60a6dc5c91c914cc,source_imagenet_class,8.0,ok,,,2026-09-09T16:48:59.342335
stage2_imf_r2,1a450020baba,super_resolution__pnp__x1,super_resolution__pnp__x1,super_resolution,prob_0f6cb8346c07d449,081_02_ptarmigan,imf,meanflow,jax,latent,pnp,PnP-Flow,1.0,1.0,0.0,1.0,0.0,meanflow_descending,pure_prior_noise,upsample_bicubic,,,,,0.0011160714285714285,0.0011160714285713969,0.0011160714285715079,,,,,,,,half_mean_squared_per_measurement,,,895,100000.0,1.0,1,,,,not_applicable,not_applicable,not_applicable,method,method,not_applicable,26.18629757064225,0.742706719021294,0.21570149064064026,0.10811106115579605,,,,,,22.72518401401371,0.6367004835325139,0.2324478104710579,24.165853270405385,1587.6729788007215,198.45912235009018,895,3584,3584,0,0,0,3584,0,3580,3580,0,3584,3580,3580,,,,,,,,,,,,0,0,0,0,0.0,,,,,,,,,,,,,,,,,,,,,,,1.0066,6.6259,5.6193,"jax_device_memory_stats(peak_bytes_in_use)  [LIFETIME high-water mark: it has no reset API, so it can only over-report this job]",,,,unavailable,2,8,0,453.5951,8.11,42,0,seed=42|model=imf|rep=0,5ea4a50404d5d00f,f1de5afd71310f5c,60a6dc5c91c914cc,source_imagenet_class,8.0,ok,,,2026-09-09T16:48:59.342335
stage2_imf_r2,1a450020baba,super_resolution__pnp__x1,super_resolution__pnp__x1,super_resolution,prob_0f6cb8346c07d449,088_03_macaw,imf,meanflow,jax,latent,pnp,PnP-Flow,1.0,1.0,0.0,1.0,0.0,meanflow_descending,pure_prior_noise,upsample_bicubic,,,,,0.0011160714285714285,0.0011160714285713969,0.0011160714285715079,,,,,,,,half_mean_squared_per_measurement,,,895,100000.0,1.0,1,,,,not_applicable,not_applicable,not_applicable,method,method,not_applicable,27.30775208317125,0.7092065021627699,0.16579262912273407,0.10811106115579605,,,,,,22.72518401401371,0.6367004835325139,0.2324478104710579,24.165853270405385,1587.6729788007215,198.45912235009018,895,3584,3584,0,0,0,3584,0,3580,3580,0,3584,3580,3580,,,,,,,,,,,,0,0,0,0,0.0,,,,,,,,,,,,,,,,,,,,,,,1.0066,6.6259,5.6193,"jax_device_memory_stats(peak_bytes_in_use)  [LIFETIME high-water mark: it has no reset API, so it can only over-report this job]",,,,unavailable,2,8,0,453.5951,8.11,42,0,seed=42|model=imf|rep=0,5ea4a50404d5d00f,f1de5afd71310f5c,60a6dc5c91c914cc,source_imagenet_class,8.0,ok,,,2026-09-09T16:48:59.342335
stage2_imf_r2,1a450020baba,super_resolution__pnp__x1,super_resolution__pnp__x1,super_resolution,prob_0f6cb8346c07d449,207_04_golden_retriever,imf,meanflow,jax,latent,pnp,PnP-Flow,1.0,1.0,0.0,1.0,0.0,meanflow_descending,pure_prior_noise,upsample_bicubic,,,,,0.0011160714285714285,0.0011160714285713969,0.0011160714285715079,,,,,,,,half_mean_squared_per_measurement,,,895,100000.0,1.0,1,,,,not_applicable,not_applicable,not_applicable,method,method,not_applicable,30.10334144331859,0.7034558000062243,0.2722852826118469,0.10811106115579605,,,,,,22.72518401401371,0.6367004835325139,0.2324478104710579,24.165853270405385,1587.6729788007215,198.45912235009018,895,3584,3584,0,0,0,3584,0,3580,3580,0,3584,3580,3580,,,,,,,,,,,,0,0,0,0,0.0,,,,,,,,,,,,,,,,,,,,,,,1.0066,6.6259,5.6193,"jax_device_memory_stats(peak_bytes_in_use)  [LIFETIME high-water mark: it has no reset API, so it can only over-report this job]",,,,unavailable,2,8,0,453.5951,8.11,42,0,seed=42|model=imf|rep=0,5ea4a50404d5d00f,f1de5afd71310f5c,60a6dc5c91c914cc,source_imagenet_class,8.0,ok,,,2026-09-09T16:48:59.342335
stage2_imf_r2,1a450020baba,super_resolution__pnp__x1,super_resolution__pnp__x1,super_resolution,prob_0f6cb8346c07d449,281_05_tabby_cat,imf,meanflow,jax,latent,pnp,PnP-Flow,1.0,1.0,0.0,1.0,0.0,meanflow_descending,pure_prior_noise,upsample_bicubic,,,,,0.0011160714285714285,0.0011160714285713969,0.0011160714285715079,,,,,,,,half_mean_squared_per_measurement,,,895,100000.0,1.0,1,,,,not_applicable,not_applicable,not_applicable,method,method,not_applicable,25.329617283187723,0.7501810612216008,0.13775229454040527,0.10811106115579605,,,,,,22.72518401401371,0.6367004835325139,0.2324478104710579,24.165853270405385,1587.6729788007215,198.45912235009018,895,3584,3584,0,0,0,3584,0,3580,3580,0,3584,3580,3580,,,,,,,,,,,,0,0,0,0,0.0,,,,,,,,,,,,,,,,,,,,,,,1.0066,6.6259,5.6193,"jax_device_memory_stats(peak_bytes_in_use)  [LIFETIME high-water mark: it has no reset API, so it can only over-report this job]",,,,unavailable,2,8,0,453.5951,8.11,42,0,seed=42|model=imf|rep=0,5ea4a50404d5d00f,f1de5afd71310f5c,60a6dc5c91c914cc,source_imagenet_class,8.0,ok,,,2026-09-09T16:48:59.342335
stage2_imf_r2,1a450020baba,super_resolution__pnp__x1,super_resolution__pnp__x1,super_resolution,prob_0f6cb8346c07d449,291_06_lion,imf,meanflow,jax,latent,pnp,PnP-Flow,1.0,1.0,0.0,1.0,0.0,meanflow_descending,pure_prior_noise,upsample_bicubic,,,,,0.0011160714285714285,0.0011160714285713969,0.0011160714285715079,,,,,,,,half_mean_squared_per_measurement,,,895,100000.0,1.0,1,,,,not_applicable,not_applicable,not_applicable,method,method,not_applicable,28.538043556649257,0.7151959159091498,0.28369447588920593,0.10811106115579605,,,,,,22.72518401401371,0.6367004835325139,0.2324478104710579,24.165853270405385,1587.6729788007215,198.45912235009018,895,3584,3584,0,0,0,3584,0,3580,3580,0,3584,3580,3580,,,,,,,,,,,,0,0,0,0,0.0,,,,,,,,,,,,,,,,,,,,,,,1.0066,6.6259,5.6193,"jax_device_memory_stats(peak_bytes_in_use)  [LIFETIME high-water mark: it has no reset API, so it can only over-report this job]",,,,unavailable,2,8,0,453.5951,8.11,42,0,seed=42|model=imf|rep=0,5ea4a50404d5d00f,f1de5afd71310f5c,60a6dc5c91c914cc,source_imagenet_class,8.0,ok,,,2026-09-09T16:48:59.342335
stage2_imf_r2,1a450020baba,super_resolution__pnp__x1,super_resolution__pnp__x1,super_resolution,prob_0f6cb8346c07d449,323_07_monarch_butterfly,imf,meanflow,jax,latent,pnp,PnP-Flow,1.0,1.0,0.0,1.0,0.0,meanflow_descending,pure_prior_noise,upsample_bicubic,,,,,0.0011160714285714285,0.0011160714285713969,0.0011160714285715079,,,,,,,,half_mean_squared_per_measurement,,,895,100000.0,1.0,1,,,,not_applicable,not_applicable,not_applicable,method,method,not_applicable,23.05270851252835,0.6781305461615638,0.24601387977600098,0.10811106115579605,,,,,,22.72518401401371,0.6367004835325139,0.2324478104710579,24.165853270405385,1587.6729788007215,198.45912235009018,895,3584,3584,0,0,0,3584,0,3580,3580,0,3584,3580,3580,,,,,,,,,,,,0,0,0,0,0.0,,,,,,,,,,,,,,,,,,,,,,,1.0066,6.6259,5.6193,"jax_device_memory_stats(peak_bytes_in_use)  [LIFETIME high-water mark: it has no reset API, so it can only over-report this job]",,,,unavailable,2,8,0,453.5951,8.11,42,0,seed=42|model=imf|rep=0,5ea4a50404d5d00f,f1de5afd71310f5c,60a6dc5c91c914cc,source_imagenet_class,8.0,ok,,,2026-09-09T16:48:59.342335
stage2_imf_r2,7ce1530fd2d0,super_resolution__dflow__x1,super_resolution__dflow__x1,super_resolution,prob_0f6cb8346c07d449,000_00_tench,imf,meanflow,jax,latent,dflow,D-Flow,1.0,1.0,0.0,1.0,0.0,meanflow_descending,pure_prior_noise,upsample_bicubic,1,,,,1.0,1.0,1.0,,,,0.3,adam,,,half_mean_squared_per_measurement,,,,,,,2560,,,not_applicable,not_applicable,method,not_applicable,not_applicable,not_applicable,21.45341211550415,0.3757013524489783,0.5358657836914062,0.1042942926287651,,,,,,22.72518401401371,0.6367004835325139,0.2324478104710579,24.165853270405385,3960.9997806008905,495.1249725751113,1,10244,10244,10240,10240,10240,10244,10240,10240,10240,10240,0,10244,10240,,,,,,,,,,,,0,0,0,0,0.0,,,,,,,,,,,,,,,,,,,,,,,1.0064,6.6123,5.6059,"jax_device_memory_stats(peak_bytes_in_use)  [LIFETIME high-water mark: it has no reset API, so it can only over-report this job]",,,,unavailable,2,8,0,0.7294,13.33,42,0,seed=42|model=imf|rep=0,5ea4a50404d5d00f,f1de5afd71310f5c,60a6dc5c91c914cc,source_imagenet_class,8.0,ok,,,2026-09-09T17:20:52.854250
stage2_imf_r2,7ce1530fd2d0,super_resolution__dflow__x1,super_resolution__dflow__x1,super_resolution,prob_0f6cb8346c07d449,039_01_iguana,imf,meanflow,jax,latent,dflow,D-Flow,1.0,1.0,0.0,1.0,0.0,meanflow_descending,pure_prior_noise,upsample_bicubic,1,,,,1.0,1.0,1.0,,,,0.3,adam,,,half_mean_squared_per_measurement,,,,,,,2560,,,not_applicable,not_applicable,method,not_applicable,not_applicable,not_applicable,19.67898005440042,0.6495882257891897,0.2293154001235962,0.1042942926287651,,,,,,22.72518401401371,0.6367004835325139,0.2324478104710579,24.165853270405385,3960.9997806008905,495.1249725751113,1,10244,10244,10240,10240,10240,10244,10240,10240,10240,10240,0,10244,10240,,,,,,,,,,,,0,0,0,0,0.0,,,,,,,,,,,,,,,,,,,,,,,1.0064,6.6123,5.6059,"jax_device_memory_stats(peak_bytes_in_use)  [LIFETIME high-water mark: it has no reset API, so it can only over-report this job]",,,,unavailable,2,8,0,0.7294,13.33,42,0,seed=42|model=imf|rep=0,5ea4a50404d5d00f,f1de5afd71310f5c,60a6dc5c91c914cc,source_imagenet_class,8.0,ok,,,2026-09-09T17:20:52.854250
stage2_imf_r2,7ce1530fd2d0,super_resolution__dflow__x1,super_resolution__dflow__x1,super_resolution,prob_0f6cb8346c07d449,081_02_ptarmigan,imf,meanflow,jax,latent,dflow,D-Flow,1.0,1.0,0.0,1.0,0.0,meanflow_descending,pure_prior_noise,upsample_bicubic,1,,,,1.0,1.0,1.0,,,,0.3,adam,,,half_mean_squared_per_measurement,,,,,,,2560,,,not_applicable,not_applicable,method,not_applicable,not_applicable,not_applicable,25.383387507495453,0.7234538238137134,0.19600710272789001,0.1042942926287651,,,,,,22.72518401401371,0.6367004835325139,0.2324478104710579,24.165853270405385,3960.9997806008905,495.1249725751113,1,10244,10244,10240,10240,10240,10244,10240,10240,10240,10240,0,10244,10240,,,,,,,,,,,,0,0,0,0,0.0,,,,,,,,,,,,,,,,,,,,,,,1.0064,6.6123,5.6059,"jax_device_memory_stats(peak_bytes_in_use)  [LIFETIME high-water mark: it has no reset API, so it can only over-report this job]",,,,unavailable,2,8,0,0.7294,13.33,42,0,seed=42|model=imf|rep=0,5ea4a50404d5d00f,f1de5afd71310f5c,60a6dc5c91c914cc,source_imagenet_class,8.0,ok,,,2026-09-09T17:20:52.854250
stage2_imf_r2,7ce1530fd2d0,super_resolution__dflow__x1,super_resolution__dflow__x1,super_resolution,prob_0f6cb8346c07d449,088_03_macaw,imf,meanflow,jax,latent,dflow,D-Flow,1.0,1.0,0.0,1.0,0.0,meanflow_descending,pure_prior_noise,upsample_bicubic,1,,,,1.0,1.0,1.0,,,,0.3,adam,,,half_mean_squared_per_measurement,,,,,,,2560,,,not_applicable,not_applicable,method,not_applicable,not_applicable,not_applicable,27.245076836944758,0.7288833173978887,0.14614133536815643,0.1042942926287651,,,,,,22.72518401401371,0.6367004835325139,0.2324478104710579,24.165853270405385,3960.9997806008905,495.1249725751113,1,10244,10244,10240,10240,10240,10244,10240,10240,10240,10240,0,10244,10240,,,,,,,,,,,,0,0,0,0,0.0,,,,,,,,,,,,,,,,,,,,,,,1.0064,6.6123,5.6059,"jax_device_memory_stats(peak_bytes_in_use)  [LIFETIME high-water mark: it has no reset API, so it can only over-report this job]",,,,unavailable,2,8,0,0.7294,13.33,42,0,seed=42|model=imf|rep=0,5ea4a50404d5d00f,f1de5afd71310f5c,60a6dc5c91c914cc,source_imagenet_class,8.0,ok,,,2026-09-09T17:20:52.854250
stage2_imf_r2,7ce1530fd2d0,super_resolution__dflow__x1,super_resolution__dflow__x1,super_resolution,prob_0f6cb8346c07d449,207_04_golden_retriever,imf,meanflow,jax,latent,dflow,D-Flow,1.0,1.0,0.0,1.0,0.0,meanflow_descending,pure_prior_noise,upsample_bicubic,1,,,,1.0,1.0,1.0,,,,0.3,adam,,,half_mean_squared_per_measurement,,,,,,,2560,,,not_applicable,not_applicable,method,not_applicable,not_applicable,not_applicable,30.37930344139026,0.7508551598228291,0.21652618050575256,0.1042942926287651,,,,,,22.72518401401371,0.6367004835325139,0.2324478104710579,24.165853270405385,3960.9997806008905,495.1249725751113,1,10244,10244,10240,10240,10240,10244,10240,10240,10240,10240,0,10244,10240,,,,,,,,,,,,0,0,0,0,0.0,,,,,,,,,,,,,,,,,,,,,,,1.0064,6.6123,5.6059,"jax_device_memory_stats(peak_bytes_in_use)  [LIFETIME high-water mark: it has no reset API, so it can only over-report this job]",,,,unavailable,2,8,0,0.7294,13.33,42,0,seed=42|model=imf|rep=0,5ea4a50404d5d00f,f1de5afd71310f5c,60a6dc5c91c914cc,source_imagenet_class,8.0,ok,,,2026-09-09T17:20:52.854250
stage2_imf_r2,7ce1530fd2d0,super_resolution__dflow__x1,super_resolution__dflow__x1,super_resolution,prob_0f6cb8346c07d449,281_05_tabby_cat,imf,meanflow,jax,latent,dflow,D-Flow,1.0,1.0,0.0,1.0,0.0,meanflow_descending,pure_prior_noise,upsample_bicubic,1,,,,1.0,1.0,1.0,,,,0.3,adam,,,half_mean_squared_per_measurement,,,,,,,2560,,,not_applicable,not_applicable,method,not_applicable,not_applicable,not_applicable,22.896865153977878,0.681828311020865,0.20669861137866974,0.1042942926287651,,,,,,22.72518401401371,0.6367004835325139,0.2324478104710579,24.165853270405385,3960.9997806008905,495.1249725751113,1,10244,10244,10240,10240,10240,10244,10240,10240,10240,10240,0,10244,10240,,,,,,,,,,,,0,0,0,0,0.0,,,,,,,,,,,,,,,,,,,,,,,1.0064,6.6123,5.6059,"jax_device_memory_stats(peak_bytes_in_use)  [LIFETIME high-water mark: it has no reset API, so it can only over-report this job]",,,,unavailable,2,8,0,0.7294,13.33,42,0,seed=42|model=imf|rep=0,5ea4a50404d5d00f,f1de5afd71310f5c,60a6dc5c91c914cc,source_imagenet_class,8.0,ok,,,2026-09-09T17:20:52.854250
stage2_imf_r2,7ce1530fd2d0,super_resolution__dflow__x1,super_resolution__dflow__x1,super_resolution,prob_0f6cb8346c07d449,291_06_lion,imf,meanflow,jax,latent,dflow,D-Flow,1.0,1.0,0.0,1.0,0.0,meanflow_descending,pure_prior_noise,upsample_bicubic,1,,,,1.0,1.0,1.0,,,,0.3,adam,,,half_mean_squared_per_measurement,,,,,,,2560,,,not_applicable,not_applicable,method,not_applicable,not_applicable,not_applicable,26.215975503920372,0.624152065020422,0.3797900080680847,0.1042942926287651,,,,,,22.72518401401371,0.6367004835325139,0.2324478104710579,24.165853270405385,3960.9997806008905,495.1249725751113,1,10244,10244,10240,10240,10240,10244,10240,10240,10240,10240,0,10244,10240,,,,,,,,,,,,0,0,0,0,0.0,,,,,,,,,,,,,,,,,,,,,,,1.0064,6.6123,5.6059,"jax_device_memory_stats(peak_bytes_in_use)  [LIFETIME high-water mark: it has no reset API, so it can only over-report this job]",,,,unavailable,2,8,0,0.7294,13.33,42,0,seed=42|model=imf|rep=0,5ea4a50404d5d00f,f1de5afd71310f5c,60a6dc5c91c914cc,source_imagenet_class,8.0,ok,,,2026-09-09T17:20:52.854250
stage2_imf_r2,7ce1530fd2d0,super_resolution__dflow__x1,super_resolution__dflow__x1,super_resolution,prob_0f6cb8346c07d449,323_07_monarch_butterfly,imf,meanflow,jax,latent,dflow,D-Flow,1.0,1.0,0.0,1.0,0.0,meanflow_descending,pure_prior_noise,upsample_bicubic,1,,,,1.0,1.0,1.0,,,,0.3,adam,,,half_mean_squared_per_measurement,,,,,,,2560,,,not_applicable,not_applicable,method,not_applicable,not_applicable,not_applicable,22.569906963559262,0.6746033621194236,0.1824062466621399,0.1042942926287651,,,,,,22.72518401401371,0.6367004835325139,0.2324478104710579,24.165853270405385,3960.9997806008905,495.1249725751113,1,10244,10244,10240,10240,10240,10244,10240,10240,10240,10240,0,10244,10240,,,,,,,,,,,,0,0,0,0,0.0,,,,,,,,,,,,,,,,,,,,,,,1.0064,6.6123,5.6059,"jax_device_memory_stats(peak_bytes_in_use)  [LIFETIME high-water mark: it has no reset API, so it can only over-report this job]",,,,unavailable,2,8,0,0.7294,13.33,42,0,seed=42|model=imf|rep=0,5ea4a50404d5d00f,f1de5afd71310f5c,60a6dc5c91c914cc,source_imagenet_class,8.0,ok,,,2026-09-09T17:20:52.854250
stage2_imf_r2,a3e1ae7df59e,super_resolution__mpc_delta_t__x1,super_resolution__mpc_delta_t__x1,super_resolution,prob_0f6cb8346c07d449,000_00_tench,imf,meanflow,jax,latent,mpc_delta_t,MPC-delta_t,1.0,1.0,0.0,1.0,0.0,meanflow_descending,pure_prior_noise,upsample_bicubic,,,8,0.125,0.125,0.125,0.125,,6300.0,40,0.3,adam,False,,half_sum_squared,sum_squared,none,,,,,,,,method,method,method,not_applicable,not_applicable,not_applicable,22.49124606109153,0.5050965943228182,0.5434461236000061,0.10245337337255478,,,,,,22.72518401401371,0.6367004835325139,0.2324478104710579,24.165853270405385,408.2544895205647,51.031811190070584,8,1152,1152,1120,1280,1120,1152,1120,0,0,0,0,1280,0,,,,,,,,,,,,0,0,0,0,0.0,,,,,,,,,,,,,,,,,,,,,,,1.0064,6.6123,5.6059,"jax_device_memory_stats(peak_bytes_in_use)  [LIFETIME high-water mark: it has no reset API, so it can only over-report this job]",,,,unavailable,2,8,0,3.8783,13.33,42,0,seed=42|model=imf|rep=0,5ea4a50404d5d00f,f1de5afd71310f5c,60a6dc5c91c914cc,source_imagenet_class,8.0,ok,,,2026-09-09T17:27:46.555667
stage2_imf_r2,a3e1ae7df59e,super_resolution__mpc_delta_t__x1,super_resolution__mpc_delta_t__x1,super_resolution,prob_0f6cb8346c07d449,039_01_iguana,imf,meanflow,jax,latent,mpc_delta_t,MPC-delta_t,1.0,1.0,0.0,1.0,0.0,meanflow_descending,pure_prior_noise,upsample_bicubic,,,8,0.125,0.125,0.125,0.125,,6300.0,40,0.3,adam,False,,half_sum_squared,sum_squared,none,,,,,,,,method,method,method,not_applicable,not_applicable,not_applicable,19.99407885280386,0.6656646257873181,0.19333495199680328,0.10245337337255478,,,,,,22.72518401401371,0.6367004835325139,0.2324478104710579,24.165853270405385,408.2544895205647,51.031811190070584,8,1152,1152,1120,1280,1120,1152,1120,0,0,0,0,1280,0,,,,,,,,,,,,0,0,0,0,0.0,,,,,,,,,,,,,,,,,,,,,,,1.0064,6.6123,5.6059,"jax_device_memory_stats(peak_bytes_in_use)  [LIFETIME high-water mark: it has no reset API, so it can only over-report this job]",,,,unavailable,2,8,0,3.8783,13.33,42,0,seed=42|model=imf|rep=0,5ea4a50404d5d00f,f1de5afd71310f5c,60a6dc5c91c914cc,source_imagenet_class,8.0,ok,,,2026-09-09T17:27:46.555667
stage2_imf_r2,a3e1ae7df59e,super_resolution__mpc_delta_t__x1,super_resolution__mpc_delta_t__x1,super_resolution,prob_0f6cb8346c07d449,081_02_ptarmigan,imf,meanflow,jax,latent,mpc_delta_t,MPC-delta_t,1.0,1.0,0.0,1.0,0.0,meanflow_descending,pure_prior_noise,upsample_bicubic,,,8,0.125,0.125,0.125,0.125,,6300.0,40,0.3,adam,False,,half_sum_squared,sum_squared,none,,,,,,,,method,method,method,not_applicable,not_applicable,not_applicable,25.05046033523626,0.7001913018660552,0.19961318373680115,0.10245337337255478,,,,,,22.72518401401371,0.6367004835325139,0.2324478104710579,24.165853270405385,408.2544895205647,51.031811190070584,8,1152,1152,1120,1280,1120,1152,1120,0,0,0,0,1280,0,,,,,,,,,,,,0,0,0,0,0.0,,,,,,,,,,,,,,,,,,,,,,,1.0064,6.6123,5.6059,"jax_device_memory_stats(peak_bytes_in_use)  [LIFETIME high-water mark: it has no reset API, so it can only over-report this job]",,,,unavailable,2,8,0,3.8783,13.33,42,0,seed=42|model=imf|rep=0,5ea4a50404d5d00f,f1de5afd71310f5c,60a6dc5c91c914cc,source_imagenet_class,8.0,ok,,,2026-09-09T17:27:46.555667
stage2_imf_r2,a3e1ae7df59e,super_resolution__mpc_delta_t__x1,super_resolution__mpc_delta_t__x1,super_resolution,prob_0f6cb8346c07d449,088_03_macaw,imf,meanflow,jax,latent,mpc_delta_t,MPC-delta_t,1.0,1.0,0.0,1.0,0.0,meanflow_descending,pure_prior_noise,upsample_bicubic,,,8,0.125,0.125,0.125,0.125,,6300.0,40,0.3,adam,False,,half_sum_squared,sum_squared,none,,,,,,,,method,method,method,not_applicable,not_applicable,not_applicable,27.19643698418193,0.7521002840244093,0.10493369400501251,0.10245337337255478,,,,,,22.72518401401371,0.6367004835325139,0.2324478104710579,24.165853270405385,408.2544895205647,51.031811190070584,8,1152,1152,1120,1280,1120,1152,1120,0,0,0,0,1280,0,,,,,,,,,,,,0,0,0,0,0.0,,,,,,,,,,,,,,,,,,,,,,,1.0064,6.6123,5.6059,"jax_device_memory_stats(peak_bytes_in_use)  [LIFETIME high-water mark: it has no reset API, so it can only over-report this job]",,,,unavailable,2,8,0,3.8783,13.33,42,0,seed=42|model=imf|rep=0,5ea4a50404d5d00f,f1de5afd71310f5c,60a6dc5c91c914cc,source_imagenet_class,8.0,ok,,,2026-09-09T17:27:46.555667
stage2_imf_r2,a3e1ae7df59e,super_resolution__mpc_delta_t__x1,super_resolution__mpc_delta_t__x1,super_resolution,prob_0f6cb8346c07d449,207_04_golden_retriever,imf,meanflow,jax,latent,mpc_delta_t,MPC-delta_t,1.0,1.0,0.0,1.0,0.0,meanflow_descending,pure_prior_noise,upsample_bicubic,,,8,0.125,0.125,0.125,0.125,,6300.0,40,0.3,adam,False,,half_sum_squared,sum_squared,none,,,,,,,,method,method,method,not_applicable,not_applicable,not_applicable,30.269294797956427,0.7613136241313764,0.17621463537216187,0.10245337337255478,,,,,,22.72518401401371,0.6367004835325139,0.2324478104710579,24.165853270405385,408.2544895205647,51.031811190070584,8,1152,1152,1120,1280,1120,1152,1120,0,0,0,0,1280,0,,,,,,,,,,,,0,0,0,0,0.0,,,,,,,,,,,,,,,,,,,,,,,1.0064,6.6123,5.6059,"jax_device_memory_stats(peak_bytes_in_use)  [LIFETIME high-water mark: it has no reset API, so it can only over-report this job]",,,,unavailable,2,8,0,3.8783,13.33,42,0,seed=42|model=imf|rep=0,5ea4a50404d5d00f,f1de5afd71310f5c,60a6dc5c91c914cc,source_imagenet_class,8.0,ok,,,2026-09-09T17:27:46.555667
stage2_imf_r2,a3e1ae7df59e,super_resolution__mpc_delta_t__x1,super_resolution__mpc_delta_t__x1,super_resolution,prob_0f6cb8346c07d449,281_05_tabby_cat,imf,meanflow,jax,latent,mpc_delta_t,MPC-delta_t,1.0,1.0,0.0,1.0,0.0,meanflow_descending,pure_prior_noise,upsample_bicubic,,,8,0.125,0.125,0.125,0.125,,6300.0,40,0.3,adam,False,,half_sum_squared,sum_squared,none,,,,,,,,method,method,method,not_applicable,not_applicable,not_applicable,24.456567714108814,0.7537963151742462,0.13766518235206604,0.10245337337255478,,,,,,22.72518401401371,0.6367004835325139,0.2324478104710579,24.165853270405385,408.2544895205647,51.031811190070584,8,1152,1152,1120,1280,1120,1152,1120,0,0,0,0,1280,0,,,,,,,,,,,,0,0,0,0,0.0,,,,,,,,,,,,,,,,,,,,,,,1.0064,6.6123,5.6059,"jax_device_memory_stats(peak_bytes_in_use)  [LIFETIME high-water mark: it has no reset API, so it can only over-report this job]",,,,unavailable,2,8,0,3.8783,13.33,42,0,seed=42|model=imf|rep=0,5ea4a50404d5d00f,f1de5afd71310f5c,60a6dc5c91c914cc,source_imagenet_class,8.0,ok,,,2026-09-09T17:27:46.555667
stage2_imf_r2,a3e1ae7df59e,super_resolution__mpc_delta_t__x1,super_resolution__mpc_delta_t__x1,super_resolution,prob_0f6cb8346c07d449,291_06_lion,imf,meanflow,jax,latent,mpc_delta_t,MPC-delta_t,1.0,1.0,0.0,1.0,0.0,meanflow_descending,pure_prior_noise,upsample_bicubic,,,8,0.125,0.125,0.125,0.125,,6300.0,40,0.3,adam,False,,half_sum_squared,sum_squared,none,,,,,,,,method,method,method,not_applicable,not_applicable,not_applicable,28.59648142994007,0.731775512313566,0.2941463589668274,0.10245337337255478,,,,,,22.72518401401371,0.6367004835325139,0.2324478104710579,24.165853270405385,408.2544895205647,51.031811190070584,8,1152,1152,1120,1280,1120,1152,1120,0,0,0,0,1280,0,,,,,,,,,,,,0,0,0,0,0.0,,,,,,,,,,,,,,,,,,,,,,,1.0064,6.6123,5.6059,"jax_device_memory_stats(peak_bytes_in_use)  [LIFETIME high-water mark: it has no reset API, so it can only over-report this job]",,,,unavailable,2,8,0,3.8783,13.33,42,0,seed=42|model=imf|rep=0,5ea4a50404d5d00f,f1de5afd71310f5c,60a6dc5c91c914cc,source_imagenet_class,8.0,ok,,,2026-09-09T17:27:46.555667
stage2_imf_r2,a3e1ae7df59e,super_resolution__mpc_delta_t__x1,super_resolution__mpc_delta_t__x1,super_resolution,prob_0f6cb8346c07d449,323_07_monarch_butterfly,imf,meanflow,jax,latent,mpc_delta_t,MPC-delta_t,1.0,1.0,0.0,1.0,0.0,meanflow_descending,pure_prior_noise,upsample_bicubic,,,8,0.125,0.125,0.125,0.125,,6300.0,40,0.3,adam,False,,half_sum_squared,sum_squared,none,,,,,,,,method,method,method,not_applicable,not_applicable,not_applicable,22.40682686049023,0.6922610303133694,0.19977408647537231,0.10245337337255478,,,,,,22.72518401401371,0.6367004835325139,0.2324478104710579,24.165853270405385,408.2544895205647,51.031811190070584,8,1152,1152,1120,1280,1120,1152,1120,0,0,0,0,1280,0,,,,,,,,,,,,0,0,0,0,0.0,,,,,,,,,,,,,,,,,,,,,,,1.0064,6.6123,5.6059,"jax_device_memory_stats(peak_bytes_in_use)  [LIFETIME high-water mark: it has no reset API, so it can only over-report this job]",,,,unavailable,2,8,0,3.8783,13.33,42,0,seed=42|model=imf|rep=0,5ea4a50404d5d00f,f1de5afd71310f5c,60a6dc5c91c914cc,source_imagenet_class,8.0,ok,,,2026-09-09T17:27:46.555667
stage2_imf_r2,4cb482a55f19,super_resolution__rhso__x1,super_resolution__rhso__x1,super_resolution,prob_0f6cb8346c07d449,000_00_tench,imf,meanflow,jax,latent,rhso,RHSO,1.0,1.0,0.0,1.0,0.0,meanflow_descending,pure_prior_noise,upsample_bicubic,,,,,0.03125,0.03125,0.03125,,,,0.03,adam,,,half_mean_squared_per_measurement,,,,,,,80,32,0.0,not_applicable,not_applicable,method,not_applicable,not_applicable,method,21.9477375089741,0.4935822015371305,0.4384033977985382,0.09910115599632263,,,,,,22.72518401401371,0.6367004835325139,0.2324478104710579,24.165853270405385,4560.083807663061,570.0104759578826,32,10368,10368,10240,10240,10240,10368,10240,10240,10240,10240,0,10240,10240,direct,learned_finite_interval_map,,False,False,False,,,,False,,0,0,0,0,0.0,,,,,,,,,,,,,,,,,,,,,,,1.0066,6.8306,5.824,"jax_device_memory_stats(peak_bytes_in_use)  [LIFETIME high-water mark: it has no reset API, so it can only over-report this job]",,,,unavailable,2,8,0,19.3954,8.11,42,0,seed=42|model=imf|rep=0,5ea4a50404d5d00f,f1de5afd71310f5c,60a6dc5c91c914cc,source_imagenet_class,8.0,ok,,,2026-09-09T18:05:20.623151
stage2_imf_r2,4cb482a55f19,super_resolution__rhso__x1,super_resolution__rhso__x1,super_resolution,prob_0f6cb8346c07d449,039_01_iguana,imf,meanflow,jax,latent,rhso,RHSO,1.0,1.0,0.0,1.0,0.0,meanflow_descending,pure_prior_noise,upsample_bicubic,,,,,0.03125,0.03125,0.03125,,,,0.03,adam,,,half_mean_squared_per_measurement,,,,,,,80,32,0.0,not_applicable,not_applicable,method,not_applicable,not_applicable,method,19.007350570004395,0.6236462193434267,0.25972574949264526,0.09910115599632263,,,,,,22.72518401401371,0.6367004835325139,0.2324478104710579,24.165853270405385,4560.083807663061,570.0104759578826,32,10368,10368,10240,10240,10240,10368,10240,10240,10240,10240,0,10240,10240,direct,learned_finite_interval_map,,False,False,False,,,,False,,0,0,0,0,0.0,,,,,,,,,,,,,,,,,,,,,,,1.0066,6.8306,5.824,"jax_device_memory_stats(peak_bytes_in_use)  [LIFETIME high-water mark: it has no reset API, so it can only over-report this job]",,,,unavailable,2,8,0,19.3954,8.11,42,0,seed=42|model=imf|rep=0,5ea4a50404d5d00f,f1de5afd71310f5c,60a6dc5c91c914cc,source_imagenet_class,8.0,ok,,,2026-09-09T18:05:20.623151
stage2_imf_r2,4cb482a55f19,super_resolution__rhso__x1,super_resolution__rhso__x1,super_resolution,prob_0f6cb8346c07d449,081_02_ptarmigan,imf,meanflow,jax,latent,rhso,RHSO,1.0,1.0,0.0,1.0,0.0,meanflow_descending,pure_prior_noise,upsample_bicubic,,,,,0.03125,0.03125,0.03125,,,,0.03,adam,,,half_mean_squared_per_measurement,,,,,,,80,32,0.0,not_applicable,not_applicable,method,not_applicable,not_applicable,method,23.963967200390208,0.642155479232197,0.28094303607940674,0.09910115599632263,,,,,,22.72518401401371,0.6367004835325139,0.2324478104710579,24.165853270405385,4560.083807663061,570.0104759578826,32,10368,10368,10240,10240,10240,10368,10240,10240,10240,10240,0,10240,10240,direct,learned_finite_interval_map,,False,False,False,,,,False,,0,0,0,0,0.0,,,,,,,,,,,,,,,,,,,,,,,1.0066,6.8306,5.824,"jax_device_memory_stats(peak_bytes_in_use)  [LIFETIME high-water mark: it has no reset API, so it can only over-report this job]",,,,unavailable,2,8,0,19.3954,8.11,42,0,seed=42|model=imf|rep=0,5ea4a50404d5d00f,f1de5afd71310f5c,60a6dc5c91c914cc,source_imagenet_class,8.0,ok,,,2026-09-09T18:05:20.623151
stage2_imf_r2,4cb482a55f19,super_resolution__rhso__x1,super_resolution__rhso__x1,super_resolution,prob_0f6cb8346c07d449,088_03_macaw,imf,meanflow,jax,latent,rhso,RHSO,1.0,1.0,0.0,1.0,0.0,meanflow_descending,pure_prior_noise,upsample_bicubic,,,,,0.03125,0.03125,0.03125,,,,0.03,adam,,,half_mean_squared_per_measurement,,,,,,,80,32,0.0,not_applicable,not_applicable,method,not_applicable,not_applicable,method,25.21615214830803,0.6540453161480889,0.19739481806755066,0.09910115599632263,,,,,,22.72518401401371,0.6367004835325139,0.2324478104710579,24.165853270405385,4560.083807663061,570.0104759578826,32,10368,10368,10240,10240,10240,10368,10240,10240,10240,10240,0,10240,10240,direct,learned_finite_interval_map,,False,False,False,,,,False,,0,0,0,0,0.0,,,,,,,,,,,,,,,,,,,,,,,1.0066,6.8306,5.824,"jax_device_memory_stats(peak_bytes_in_use)  [LIFETIME high-water mark: it has no reset API, so it can only over-report this job]",,,,unavailable,2,8,0,19.3954,8.11,42,0,seed=42|model=imf|rep=0,5ea4a50404d5d00f,f1de5afd71310f5c,60a6dc5c91c914cc,source_imagenet_class,8.0,ok,,,2026-09-09T18:05:20.623151
stage2_imf_r2,4cb482a55f19,super_resolution__rhso__x1,super_resolution__rhso__x1,super_resolution,prob_0f6cb8346c07d449,207_04_golden_retriever,imf,meanflow,jax,latent,rhso,RHSO,1.0,1.0,0.0,1.0,0.0,meanflow_descending,pure_prior_noise,upsample_bicubic,,,,,0.03125,0.03125,0.03125,,,,0.03,adam,,,half_mean_squared_per_measurement,,,,,,,80,32,0.0,not_applicable,not_applicable,method,not_applicable,not_applicable,method,29.00575418420452,0.7105638864103337,0.18851515650749207,0.09910115599632263,,,,,,22.72518401401371,0.6367004835325139,0.2324478104710579,24.165853270405385,4560.083807663061,570.0104759578826,32,10368,10368,10240,10240,10240,10368,10240,10240,10240,10240,0,10240,10240,direct,learned_finite_interval_map,,False,False,False,,,,False,,0,0,0,0,0.0,,,,,,,,,,,,,,,,,,,,,,,1.0066,6.8306,5.824,"jax_device_memory_stats(peak_bytes_in_use)  [LIFETIME high-water mark: it has no reset API, so it can only over-report this job]",,,,unavailable,2,8,0,19.3954,8.11,42,0,seed=42|model=imf|rep=0,5ea4a50404d5d00f,f1de5afd71310f5c,60a6dc5c91c914cc,source_imagenet_class,8.0,ok,,,2026-09-09T18:05:20.623151
stage2_imf_r2,4cb482a55f19,super_resolution__rhso__x1,super_resolution__rhso__x1,super_resolution,prob_0f6cb8346c07d449,281_05_tabby_cat,imf,meanflow,jax,latent,rhso,RHSO,1.0,1.0,0.0,1.0,0.0,meanflow_descending,pure_prior_noise,upsample_bicubic,,,,,0.03125,0.03125,0.03125,,,,0.03,adam,,,half_mean_squared_per_measurement,,,,,,,80,32,0.0,not_applicable,not_applicable,method,not_applicable,not_applicable,method,24.433681331921193,0.7657974292793118,0.1191931962966919,0.09910115599632263,,,,,,22.72518401401371,0.6367004835325139,0.2324478104710579,24.165853270405385,4560.083807663061,570.0104759578826,32,10368,10368,10240,10240,10240,10368,10240,10240,10240,10240,0,10240,10240,direct,learned_finite_interval_map,,False,False,False,,,,False,,0,0,0,0,0.0,,,,,,,,,,,,,,,,,,,,,,,1.0066,6.8306,5.824,"jax_device_memory_stats(peak_bytes_in_use)  [LIFETIME high-water mark: it has no reset API, so it can only over-report this job]",,,,unavailable,2,8,0,19.3954,8.11,42,0,seed=42|model=imf|rep=0,5ea4a50404d5d00f,f1de5afd71310f5c,60a6dc5c91c914cc,source_imagenet_class,8.0,ok,,,2026-09-09T18:05:20.623151
stage2_imf_r2,4cb482a55f19,super_resolution__rhso__x1,super_resolution__rhso__x1,super_resolution,prob_0f6cb8346c07d449,291_06_lion,imf,meanflow,jax,latent,rhso,RHSO,1.0,1.0,0.0,1.0,0.0,meanflow_descending,pure_prior_noise,upsample_bicubic,,,,,0.03125,0.03125,0.03125,,,,0.03,adam,,,half_mean_squared_per_measurement,,,,,,,80,32,0.0,not_applicable,not_applicable,method,not_applicable,not_applicable,method,28.060128729783052,0.7237387865992814,0.24710136651992798,0.09910115599632263,,,,,,22.72518401401371,0.6367004835325139,0.2324478104710579,24.165853270405385,4560.083807663061,570.0104759578826,32,10368,10368,10240,10240,10240,10368,10240,10240,10240,10240,0,10240,10240,direct,learned_finite_interval_map,,False,False,False,,,,False,,0,0,0,0,0.0,,,,,,,,,,,,,,,,,,,,,,,1.0066,6.8306,5.824,"jax_device_memory_stats(peak_bytes_in_use)  [LIFETIME high-water mark: it has no reset API, so it can only over-report this job]",,,,unavailable,2,8,0,19.3954,8.11,42,0,seed=42|model=imf|rep=0,5ea4a50404d5d00f,f1de5afd71310f5c,60a6dc5c91c914cc,source_imagenet_class,8.0,ok,,,2026-09-09T18:05:20.623151
stage2_imf_r2,4cb482a55f19,super_resolution__rhso__x1,super_resolution__rhso__x1,super_resolution,prob_0f6cb8346c07d449,323_07_monarch_butterfly,imf,meanflow,jax,latent,rhso,RHSO,1.0,1.0,0.0,1.0,0.0,meanflow_descending,pure_prior_noise,upsample_bicubic,,,,,0.03125,0.03125,0.03125,,,,0.03,adam,,,half_mean_squared_per_measurement,,,,,,,80,32,0.0,not_applicable,not_applicable,method,not_applicable,not_applicable,method,21.56924162320111,0.6579926145941358,0.21916359663009644,0.09910115599632263,,,,,,22.72518401401371,0.6367004835325139,0.2324478104710579,24.165853270405385,4560.083807663061,570.0104759578826,32,10368,10368,10240,10240,10240,10368,10240,10240,10240,10240,0,10240,10240,direct,learned_finite_interval_map,,False,False,False,,,,False,,0,0,0,0,0.0,,,,,,,,,,,,,,,,,,,,,,,1.0066,6.8306,5.824,"jax_device_memory_stats(peak_bytes_in_use)  [LIFETIME high-water mark: it has no reset API, so it can only over-report this job]",,,,unavailable,2,8,0,19.3954,8.11,42,0,seed=42|model=imf|rep=0,5ea4a50404d5d00f,f1de5afd71310f5c,60a6dc5c91c914cc,source_imagenet_class,8.0,ok,,,2026-09-09T18:05:20.623151
stage2_imf_r2,c7bad4161f54,random_inpainting__pnp__x1,random_inpainting__pnp__x1,random_inpaint,prob_afb9ac8da51f5e92,000_00_tench,imf,meanflow,jax,latent,pnp,PnP-Flow,1.0,1.0,0.0,1.0,0.0,meanflow_descending,pure_prior_noise,zero_fill,,,,,0.0011160714285714285,0.0011160714285713969,0.0011160714285715079,,,,,,,,half_mean_squared_per_measurement,,,895,100000.0,1.0,1,,,,not_applicable,not_applicable,not_applicable,method,method,not_applicable,22.54937897341527,0.4707695795293272,0.531017541885376,0.053184282034635544,0.132083314747094,23.60364072540051,,0.09650355494840598,26.329733674167667,12.719088983386953,0.152621716640785,1.0188368633389473,12.719088983386953,1551.5786361144856,193.9473295143107,895,3584,3584,0,0,0,3584,0,3580,3580,0,3584,3580,3580,,,,,,,,,,,,0,0,0,0,0.0,,,,,,,,,,,,,,,,,,,,,,,1.0081,6.6419,5.6338,"jax_device_memory_stats(peak_bytes_in_use)  [LIFETIME high-water mark: it has no reset API, so it can only over-report this job]",,,,unavailable,2,8,0,440.6943,6.95,42,0,seed=42|model=imf|rep=0,0f6770a3fd505440,161f0ec2d4e64414,60a6dc5c91c914cc,source_imagenet_class,8.0,ok,,,2026-09-09T16:48:08.791265
stage2_imf_r2,c7bad4161f54,random_inpainting__pnp__x1,random_inpainting__pnp__x1,random_inpaint,prob_afb9ac8da51f5e92,039_01_iguana,imf,meanflow,jax,latent,pnp,PnP-Flow,1.0,1.0,0.0,1.0,0.0,meanflow_descending,pure_prior_noise,zero_fill,,,,,0.0011160714285714285,0.0011160714285713969,0.0011160714285715079,,,,,,,,half_mean_squared_per_measurement,,,895,100000.0,1.0,1,,,,not_applicable,not_applicable,not_applicable,method,method,not_applicable,20.591195072396026,0.6620652209518475,0.28027042746543884,0.053184282034635544,0.132083314747094,23.60364072540051,,0.09650355494840598,26.329733674167667,12.719088983386953,0.152621716640785,1.0188368633389473,12.719088983386953,1551.5786361144856,193.9473295143107,895,3584,3584,0,0,0,3584,0,3580,3580,0,3584,3580,3580,,,,,,,,,,,,0,0,0,0,0.0,,,,,,,,,,,,,,,,,,,,,,,1.0081,6.6419,5.6338,"jax_device_memory_stats(peak_bytes_in_use)  [LIFETIME high-water mark: it has no reset API, so it can only over-report this job]",,,,unavailable,2,8,0,440.6943,6.95,42,0,seed=42|model=imf|rep=0,0f6770a3fd505440,161f0ec2d4e64414,60a6dc5c91c914cc,source_imagenet_class,8.0,ok,,,2026-09-09T16:48:08.791265
stage2_imf_r2,c7bad4161f54,random_inpainting__pnp__x1,random_inpainting__pnp__x1,random_inpaint,prob_afb9ac8da51f5e92,081_02_ptarmigan,imf,meanflow,jax,latent,pnp,PnP-Flow,1.0,1.0,0.0,1.0,0.0,meanflow_descending,pure_prior_noise,zero_fill,,,,,0.0011160714285714285,0.0011160714285713969,0.0011160714285715079,,,,,,,,half_mean_squared_per_measurement,,,895,100000.0,1.0,1,,,,not_applicable,not_applicable,not_applicable,method,method,not_applicable,25.77723889640231,0.7274132860400421,0.23058724403381348,0.053184282034635544,0.132083314747094,23.60364072540051,,0.09650355494840598,26.329733674167667,12.719088983386953,0.152621716640785,1.0188368633389473,12.719088983386953,1551.5786361144856,193.9473295143107,895,3584,3584,0,0,0,3584,0,3580,3580,0,3584,3580,3580,,,,,,,,,,,,0,0,0,0,0.0,,,,,,,,,,,,,,,,,,,,,,,1.0081,6.6419,5.6338,"jax_device_memory_stats(peak_bytes_in_use)  [LIFETIME high-water mark: it has no reset API, so it can only over-report this job]",,,,unavailable,2,8,0,440.6943,6.95,42,0,seed=42|model=imf|rep=0,0f6770a3fd505440,161f0ec2d4e64414,60a6dc5c91c914cc,source_imagenet_class,8.0,ok,,,2026-09-09T16:48:08.791265
stage2_imf_r2,c7bad4161f54,random_inpainting__pnp__x1,random_inpainting__pnp__x1,random_inpaint,prob_afb9ac8da51f5e92,088_03_macaw,imf,meanflow,jax,latent,pnp,PnP-Flow,1.0,1.0,0.0,1.0,0.0,meanflow_descending,pure_prior_noise,zero_fill,,,,,0.0011160714285714285,0.0011160714285713969,0.0011160714285715079,,,,,,,,half_mean_squared_per_measurement,,,895,100000.0,1.0,1,,,,not_applicable,not_applicable,not_applicable,method,method,not_applicable,26.84837606547559,0.7000681597263813,0.17442746460437775,0.053184282034635544,0.132083314747094,23.60364072540051,,0.09650355494840598,26.329733674167667,12.719088983386953,0.152621716640785,1.0188368633389473,12.719088983386953,1551.5786361144856,193.9473295143107,895,3584,3584,0,0,0,3584,0,3580,3580,0,3584,3580,3580,,,,,,,,,,,,0,0,0,0,0.0,,,,,,,,,,,,,,,,,,,,,,,1.0081,6.6419,5.6338,"jax_device_memory_stats(peak_bytes_in_use)  [LIFETIME high-water mark: it has no reset API, so it can only over-report this job]",,,,unavailable,2,8,0,440.6943,6.95,42,0,seed=42|model=imf|rep=0,0f6770a3fd505440,161f0ec2d4e64414,60a6dc5c91c914cc,source_imagenet_class,8.0,ok,,,2026-09-09T16:48:08.791265
stage2_imf_r2,c7bad4161f54,random_inpainting__pnp__x1,random_inpainting__pnp__x1,random_inpaint,prob_afb9ac8da51f5e92,207_04_golden_retriever,imf,meanflow,jax,latent,pnp,PnP-Flow,1.0,1.0,0.0,1.0,0.0,meanflow_descending,pure_prior_noise,zero_fill,,,,,0.0011160714285714285,0.0011160714285713969,0.0011160714285715079,,,,,,,,half_mean_squared_per_measurement,,,895,100000.0,1.0,1,,,,not_applicable,not_applicable,not_applicable,method,method,not_applicable,29.983181426629848,0.703323036324064,0.28612959384918213,0.053184282034635544,0.132083314747094,23.60364072540051,,0.09650355494840598,26.329733674167667,12.719088983386953,0.152621716640785,1.0188368633389473,12.719088983386953,1551.5786361144856,193.9473295143107,895,3584,3584,0,0,0,3584,0,3580,3580,0,3584,3580,3580,,,,,,,,,,,,0,0,0,0,0.0,,,,,,,,,,,,,,,,,,,,,,,1.0081,6.6419,5.6338,"jax_device_memory_stats(peak_bytes_in_use)  [LIFETIME high-water mark: it has no reset API, so it can only over-report this job]",,,,unavailable,2,8,0,440.6943,6.95,42,0,seed=42|model=imf|rep=0,0f6770a3fd505440,161f0ec2d4e64414,60a6dc5c91c914cc,source_imagenet_class,8.0,ok,,,2026-09-09T16:48:08.791265
stage2_imf_r2,c7bad4161f54,random_inpainting__pnp__x1,random_inpainting__pnp__x1,random_inpaint,prob_afb9ac8da51f5e92,281_05_tabby_cat,imf,meanflow,jax,latent,pnp,PnP-Flow,1.0,1.0,0.0,1.0,0.0,meanflow_descending,pure_prior_noise,zero_fill,,,,,0.0011160714285714285,0.0011160714285713969,0.0011160714285715079,,,,,,,,half_mean_squared_per_measurement,,,895,100000.0,1.0,1,,,,not_applicable,not_applicable,not_applicable,method,method,not_applicable,25.381440862633198,0.7416584775723333,0.1449853479862213,0.053184282034635544,0.132083314747094,23.60364072540051,,0.09650355494840598,26.329733674167667,12.719088983386953,0.152621716640785,1.0188368633389473,12.719088983386953,1551.5786361144856,193.9473295143107,895,3584,3584,0,0,0,3584,0,3580,3580,0,3584,3580,3580,,,,,,,,,,,,0,0,0,0,0.0,,,,,,,,,,,,,,,,,,,,,,,1.0081,6.6419,5.6338,"jax_device_memory_stats(peak_bytes_in_use)  [LIFETIME high-water mark: it has no reset API, so it can only over-report this job]",,,,unavailable,2,8,0,440.6943,6.95,42,0,seed=42|model=imf|rep=0,0f6770a3fd505440,161f0ec2d4e64414,60a6dc5c91c914cc,source_imagenet_class,8.0,ok,,,2026-09-09T16:48:08.791265
stage2_imf_r2,c7bad4161f54,random_inpainting__pnp__x1,random_inpainting__pnp__x1,random_inpaint,prob_afb9ac8da51f5e92,291_06_lion,imf,meanflow,jax,latent,pnp,PnP-Flow,1.0,1.0,0.0,1.0,0.0,meanflow_descending,pure_prior_noise,zero_fill,,,,,0.0011160714285714285,0.0011160714285713969,0.0011160714285715079,,,,,,,,half_mean_squared_per_measurement,,,895,100000.0,1.0,1,,,,not_applicable,not_applicable,not_applicable,method,method,not_applicable,28.27535902850564,0.7130905106389793,0.29319503903388977,0.053184282034635544,0.132083314747094,23.60364072540051,,0.09650355494840598,26.329733674167667,12.719088983386953,0.152621716640785,1.0188368633389473,12.719088983386953,1551.5786361144856,193.9473295143107,895,3584,3584,0,0,0,3584,0,3580,3580,0,3584,3580,3580,,,,,,,,,,,,0,0,0,0,0.0,,,,,,,,,,,,,,,,,,,,,,,1.0081,6.6419,5.6338,"jax_device_memory_stats(peak_bytes_in_use)  [LIFETIME high-water mark: it has no reset API, so it can only over-report this job]",,,,unavailable,2,8,0,440.6943,6.95,42,0,seed=42|model=imf|rep=0,0f6770a3fd505440,161f0ec2d4e64414,60a6dc5c91c914cc,source_imagenet_class,8.0,ok,,,2026-09-09T16:48:08.791265
stage2_imf_r2,c7bad4161f54,random_inpainting__pnp__x1,random_inpainting__pnp__x1,random_inpaint,prob_afb9ac8da51f5e92,323_07_monarch_butterfly,imf,meanflow,jax,latent,pnp,PnP-Flow,1.0,1.0,0.0,1.0,0.0,meanflow_descending,pure_prior_noise,zero_fill,,,,,0.0011160714285714285,0.0011160714285713969,0.0011160714285715079,,,,,,,,half_mean_squared_per_measurement,,,895,100000.0,1.0,1,,,,not_applicable,not_applicable,not_applicable,method,method,not_applicable,22.505860756806406,0.6634313452582523,0.26696303486824036,0.053184282034635544,0.132083314747094,23.60364072540051,,0.09650355494840598,26.329733674167667,12.719088983386953,0.152621716640785,1.0188368633389473,12.719088983386953,1551.5786361144856,193.9473295143107,895,3584,3584,0,0,0,3584,0,3580,3580,0,3584,3580,3580,,,,,,,,,,,,0,0,0,0,0.0,,,,,,,,,,,,,,,,,,,,,,,1.0081,6.6419,5.6338,"jax_device_memory_stats(peak_bytes_in_use)  [LIFETIME high-water mark: it has no reset API, so it can only over-report this job]",,,,unavailable,2,8,0,440.6943,6.95,42,0,seed=42|model=imf|rep=0,0f6770a3fd505440,161f0ec2d4e64414,60a6dc5c91c914cc,source_imagenet_class,8.0,ok,,,2026-09-09T16:48:08.791265
stage2_imf_r2,c6c02d7dd120,random_inpainting__dflow__x1,random_inpainting__dflow__x1,random_inpaint,prob_afb9ac8da51f5e92,000_00_tench,imf,meanflow,jax,latent,dflow,D-Flow,1.0,1.0,0.0,1.0,0.0,meanflow_descending,pure_prior_noise,zero_fill,1,,,,1.0,1.0,1.0,,,,0.3,adam,,,half_mean_squared_per_measurement,,,,,,,2560,,,not_applicable,not_applicable,method,not_applicable,not_applicable,not_applicable,21.588047886215733,0.3926748271577129,0.5106455087661743,0.05255943164229393,0.14827837128873197,22.59904377268441,,0.09539960416336554,26.42966845903477,12.719088983386953,0.152621716640785,1.0188368633389473,12.719088983386953,3895.4154096208513,486.9269262026064,1,10244,10244,10240,10240,10240,10244,10240,10240,10240,10240,0,10244,10240,,,,,,,,,,,,0,0,0,0,0.0,,,,,,,,,,,,,,,,,,,,,,,1.0037,6.6011,5.5974,"jax_device_memory_stats(peak_bytes_in_use)  [LIFETIME high-water mark: it has no reset API, so it can only over-report this job]",,,,unavailable,2,8,0,0.3735,12.1,42,0,seed=42|model=imf|rep=0,0f6770a3fd505440,161f0ec2d4e64414,60a6dc5c91c914cc,source_imagenet_class,8.0,ok,,,2026-09-09T17:19:41.322507
stage2_imf_r2,c6c02d7dd120,random_inpainting__dflow__x1,random_inpainting__dflow__x1,random_inpaint,prob_afb9ac8da51f5e92,039_01_iguana,imf,meanflow,jax,latent,dflow,D-Flow,1.0,1.0,0.0,1.0,0.0,meanflow_descending,pure_prior_noise,zero_fill,1,,,,1.0,1.0,1.0,,,,0.3,adam,,,half_mean_squared_per_measurement,,,,,,,2560,,,not_applicable,not_applicable,method,not_applicable,not_applicable,not_applicable,19.789482163159022,0.6411378067966373,0.257129043340683,0.05255943164229393,0.14827837128873197,22.59904377268441,,0.09539960416336554,26.42966845903477,12.719088983386953,0.152621716640785,1.0188368633389473,12.719088983386953,3895.4154096208513,486.9269262026064,1,10244,10244,10240,10240,10240,10244,10240,10240,10240,10240,0,10244,10240,,,,,,,,,,,,0,0,0,0,0.0,,,,,,,,,,,,,,,,,,,,,,,1.0037,6.6011,5.5974,"jax_device_memory_stats(peak_bytes_in_use)  [LIFETIME high-water mark: it has no reset API, so it can only over-report this job]",,,,unavailable,2,8,0,0.3735,12.1,42,0,seed=42|model=imf|rep=0,0f6770a3fd505440,161f0ec2d4e64414,60a6dc5c91c914cc,source_imagenet_class,8.0,ok,,,2026-09-09T17:19:41.322507
stage2_imf_r2,c6c02d7dd120,random_inpainting__dflow__x1,random_inpainting__dflow__x1,random_inpaint,prob_afb9ac8da51f5e92,081_02_ptarmigan,imf,meanflow,jax,latent,dflow,D-Flow,1.0,1.0,0.0,1.0,0.0,meanflow_descending,pure_prior_noise,zero_fill,1,,,,1.0,1.0,1.0,,,,0.3,adam,,,half_mean_squared_per_measurement,,,,,,,2560,,,not_applicable,not_applicable,method,not_applicable,not_applicable,not_applicable,24.887764979489045,0.7233247449702803,0.22016873955726624,0.05255943164229393,0.14827837128873197,22.59904377268441,,0.09539960416336554,26.42966845903477,12.719088983386953,0.152621716640785,1.0188368633389473,12.719088983386953,3895.4154096208513,486.9269262026064,1,10244,10244,10240,10240,10240,10244,10240,10240,10240,10240,0,10244,10240,,,,,,,,,,,,0,0,0,0,0.0,,,,,,,,,,,,,,,,,,,,,,,1.0037,6.6011,5.5974,"jax_device_memory_stats(peak_bytes_in_use)  [LIFETIME high-water mark: it has no reset API, so it can only over-report this job]",,,,unavailable,2,8,0,0.3735,12.1,42,0,seed=42|model=imf|rep=0,0f6770a3fd505440,161f0ec2d4e64414,60a6dc5c91c914cc,source_imagenet_class,8.0,ok,,,2026-09-09T17:19:41.322507
stage2_imf_r2,c6c02d7dd120,random_inpainting__dflow__x1,random_inpainting__dflow__x1,random_inpaint,prob_afb9ac8da51f5e92,088_03_macaw,imf,meanflow,jax,latent,dflow,D-Flow,1.0,1.0,0.0,1.0,0.0,meanflow_descending,pure_prior_noise,zero_fill,1,,,,1.0,1.0,1.0,,,,0.3,adam,,,half_mean_squared_per_measurement,,,,,,,2560,,,not_applicable,not_applicable,method,not_applicable,not_applicable,not_applicable,26.9982046832196,0.728887340852833,0.13925227522850037,0.05255943164229393,0.14827837128873197,22.59904377268441,,0.09539960416336554,26.42966845903477,12.719088983386953,0.152621716640785,1.0188368633389473,12.719088983386953,3895.4154096208513,486.9269262026064,1,10244,10244,10240,10240,10240,10244,10240,10240,10240,10240,0,10244,10240,,,,,,,,,,,,0,0,0,0,0.0,,,,,,,,,,,,,,,,,,,,,,,1.0037,6.6011,5.5974,"jax_device_memory_stats(peak_bytes_in_use)  [LIFETIME high-water mark: it has no reset API, so it can only over-report this job]",,,,unavailable,2,8,0,0.3735,12.1,42,0,seed=42|model=imf|rep=0,0f6770a3fd505440,161f0ec2d4e64414,60a6dc5c91c914cc,source_imagenet_class,8.0,ok,,,2026-09-09T17:19:41.322507
stage2_imf_r2,c6c02d7dd120,random_inpainting__dflow__x1,random_inpainting__dflow__x1,random_inpaint,prob_afb9ac8da51f5e92,207_04_golden_retriever,imf,meanflow,jax,latent,dflow,D-Flow,1.0,1.0,0.0,1.0,0.0,meanflow_descending,pure_prior_noise,zero_fill,1,,,,1.0,1.0,1.0,,,,0.3,adam,,,half_mean_squared_per_measurement,,,,,,,2560,,,not_applicable,not_applicable,method,not_applicable,not_applicable,not_applicable,30.25454261220423,0.7570009336098145,0.22585651278495789,0.05255943164229393,0.14827837128873197,22.59904377268441,,0.09539960416336554,26.42966845903477,12.719088983386953,0.152621716640785,1.0188368633389473,12.719088983386953,3895.4154096208513,486.9269262026064,1,10244,10244,10240,10240,10240,10244,10240,10240,10240,10240,0,10244,10240,,,,,,,,,,,,0,0,0,0,0.0,,,,,,,,,,,,,,,,,,,,,,,1.0037,6.6011,5.5974,"jax_device_memory_stats(peak_bytes_in_use)  [LIFETIME high-water mark: it has no reset API, so it can only over-report this job]",,,,unavailable,2,8,0,0.3735,12.1,42,0,seed=42|model=imf|rep=0,0f6770a3fd505440,161f0ec2d4e64414,60a6dc5c91c914cc,source_imagenet_class,8.0,ok,,,2026-09-09T17:19:41.322507
stage2_imf_r2,c6c02d7dd120,random_inpainting__dflow__x1,random_inpainting__dflow__x1,random_inpaint,prob_afb9ac8da51f5e92,281_05_tabby_cat,imf,meanflow,jax,latent,dflow,D-Flow,1.0,1.0,0.0,1.0,0.0,meanflow_descending,pure_prior_noise,zero_fill,1,,,,1.0,1.0,1.0,,,,0.3,adam,,,half_mean_squared_per_measurement,,,,,,,2560,,,not_applicable,not_applicable,method,not_applicable,not_applicable,not_applicable,23.483225931599417,0.7228923669535142,0.16277778148651123,0.05255943164229393,0.14827837128873197,22.59904377268441,,0.09539960416336554,26.42966845903477,12.719088983386953,0.152621716640785,1.0188368633389473,12.719088983386953,3895.4154096208513,486.9269262026064,1,10244,10244,10240,10240,10240,10244,10240,10240,10240,10240,0,10244,10240,,,,,,,,,,,,0,0,0,0,0.0,,,,,,,,,,,,,,,,,,,,,,,1.0037,6.6011,5.5974,"jax_device_memory_stats(peak_bytes_in_use)  [LIFETIME high-water mark: it has no reset API, so it can only over-report this job]",,,,unavailable,2,8,0,0.3735,12.1,42,0,seed=42|model=imf|rep=0,0f6770a3fd505440,161f0ec2d4e64414,60a6dc5c91c914cc,source_imagenet_class,8.0,ok,,,2026-09-09T17:19:41.322507
stage2_imf_r2,c6c02d7dd120,random_inpainting__dflow__x1,random_inpainting__dflow__x1,random_inpaint,prob_afb9ac8da51f5e92,291_06_lion,imf,meanflow,jax,latent,dflow,D-Flow,1.0,1.0,0.0,1.0,0.0,meanflow_descending,pure_prior_noise,zero_fill,1,,,,1.0,1.0,1.0,,,,0.3,adam,,,half_mean_squared_per_measurement,,,,,,,2560,,,not_applicable,not_applicable,method,not_applicable,not_applicable,not_applicable,26.793047113705533,0.6535552381876454,0.32221123576164246,0.05255943164229393,0.14827837128873197,22.59904377268441,,0.09539960416336554,26.42966845903477,12.719088983386953,0.152621716640785,1.0188368633389473,12.719088983386953,3895.4154096208513,486.9269262026064,1,10244,10244,10240,10240,10240,10244,10240,10240,10240,10240,0,10244,10240,,,,,,,,,,,,0,0,0,0,0.0,,,,,,,,,,,,,,,,,,,,,,,1.0037,6.6011,5.5974,"jax_device_memory_stats(peak_bytes_in_use)  [LIFETIME high-water mark: it has no reset API, so it can only over-report this job]",,,,unavailable,2,8,0,0.3735,12.1,42,0,seed=42|model=imf|rep=0,0f6770a3fd505440,161f0ec2d4e64414,60a6dc5c91c914cc,source_imagenet_class,8.0,ok,,,2026-09-09T17:19:41.322507
stage2_imf_r2,c6c02d7dd120,random_inpainting__dflow__x1,random_inpainting__dflow__x1,random_inpaint,prob_afb9ac8da51f5e92,323_07_monarch_butterfly,imf,meanflow,jax,latent,dflow,D-Flow,1.0,1.0,0.0,1.0,0.0,meanflow_descending,pure_prior_noise,zero_fill,1,,,,1.0,1.0,1.0,,,,0.3,adam,,,half_mean_squared_per_measurement,,,,,,,2560,,,not_applicable,not_applicable,method,not_applicable,not_applicable,not_applicable,22.19754967190086,0.6768458964729986,0.19776873290538788,0.05255943164229393,0.14827837128873197,22.59904377268441,,0.09539960416336554,26.42966845903477,12.719088983386953,0.152621716640785,1.0188368633389473,12.719088983386953,3895.4154096208513,486.9269262026064,1,10244,10244,10240,10240,10240,10244,10240,10240,10240,10240,0,10244,10240,,,,,,,,,,,,0,0,0,0,0.0,,,,,,,,,,,,,,,,,,,,,,,1.0037,6.6011,5.5974,"jax_device_memory_stats(peak_bytes_in_use)  [LIFETIME high-water mark: it has no reset API, so it can only over-report this job]",,,,unavailable,2,8,0,0.3735,12.1,42,0,seed=42|model=imf|rep=0,0f6770a3fd505440,161f0ec2d4e64414,60a6dc5c91c914cc,source_imagenet_class,8.0,ok,,,2026-09-09T17:19:41.322507
stage2_imf_r2,9365c967d4a9,random_inpainting__mpc_delta_t__x1,random_inpainting__mpc_delta_t__x1,random_inpaint,prob_afb9ac8da51f5e92,000_00_tench,imf,meanflow,jax,latent,mpc_delta_t,MPC-delta_t,1.0,1.0,0.0,1.0,0.0,meanflow_descending,pure_prior_noise,zero_fill,,,8,0.125,0.125,0.125,0.125,,1000.0,160,0.3,adam,False,,half_sum_squared,sum_squared,none,,,,,,,,method,method,method,not_applicable,not_applicable,not_applicable,22.13182979231549,0.5018653596133121,0.5088251829147339,0.04739171266555786,0.14443567503053545,22.827110403824186,,0.08593254825261772,27.33744610134694,12.719088983386953,0.152621716640785,1.0188368633389473,12.719088983386953,1355.9500078447163,169.49375098058954,8,4512,4512,4480,5120,4480,4512,4480,0,0,0,0,5120,0,,,,,,,,,,,,0,0,0,0,0.0,,,,,,,,,,,,,,,,,,,,,,,1.0037,6.6011,5.5974,"jax_device_memory_stats(peak_bytes_in_use)  [LIFETIME high-water mark: it has no reset API, so it can only over-report this job]",,,,unavailable,2,8,0,3.5746,12.1,42,0,seed=42|model=imf|rep=0,0f6770a3fd505440,161f0ec2d4e64414,60a6dc5c91c914cc,source_imagenet_class,8.0,ok,,,2026-09-09T17:42:22.317419
stage2_imf_r2,9365c967d4a9,random_inpainting__mpc_delta_t__x1,random_inpainting__mpc_delta_t__x1,random_inpaint,prob_afb9ac8da51f5e92,039_01_iguana,imf,meanflow,jax,latent,mpc_delta_t,MPC-delta_t,1.0,1.0,0.0,1.0,0.0,meanflow_descending,pure_prior_noise,zero_fill,,,8,0.125,0.125,0.125,0.125,,1000.0,160,0.3,adam,False,,half_sum_squared,sum_squared,none,,,,,,,,method,method,method,not_applicable,not_applicable,not_applicable,19.844777215357645,0.6668360311984266,0.19926589727401733,0.04739171266555786,0.14443567503053545,22.827110403824186,,0.08593254825261772,27.33744610134694,12.719088983386953,0.152621716640785,1.0188368633389473,12.719088983386953,1355.9500078447163,169.49375098058954,8,4512,4512,4480,5120,4480,4512,4480,0,0,0,0,5120,0,,,,,,,,,,,,0,0,0,0,0.0,,,,,,,,,,,,,,,,,,,,,,,1.0037,6.6011,5.5974,"jax_device_memory_stats(peak_bytes_in_use)  [LIFETIME high-water mark: it has no reset API, so it can only over-report this job]",,,,unavailable,2,8,0,3.5746,12.1,42,0,seed=42|model=imf|rep=0,0f6770a3fd505440,161f0ec2d4e64414,60a6dc5c91c914cc,source_imagenet_class,8.0,ok,,,2026-09-09T17:42:22.317419
stage2_imf_r2,9365c967d4a9,random_inpainting__mpc_delta_t__x1,random_inpainting__mpc_delta_t__x1,random_inpaint,prob_afb9ac8da51f5e92,081_02_ptarmigan,imf,meanflow,jax,latent,mpc_delta_t,MPC-delta_t,1.0,1.0,0.0,1.0,0.0,meanflow_descending,pure_prior_noise,zero_fill,,,8,0.125,0.125,0.125,0.125,,1000.0,160,0.3,adam,False,,half_sum_squared,sum_squared,none,,,,,,,,method,method,method,not_applicable,not_applicable,not_applicable,24.649080122354285,0.7053844831993491,0.17599859833717346,0.04739171266555786,0.14443567503053545,22.827110403824186,,0.08593254825261772,27.33744610134694,12.719088983386953,0.152621716640785,1.0188368633389473,12.719088983386953,1355.9500078447163,169.49375098058954,8,4512,4512,4480,5120,4480,4512,4480,0,0,0,0,5120,0,,,,,,,,,,,,0,0,0,0,0.0,,,,,,,,,,,,,,,,,,,,,,,1.0037,6.6011,5.5974,"jax_device_memory_stats(peak_bytes_in_use)  [LIFETIME high-water mark: it has no reset API, so it can only over-report this job]",,,,unavailable,2,8,0,3.5746,12.1,42,0,seed=42|model=imf|rep=0,0f6770a3fd505440,161f0ec2d4e64414,60a6dc5c91c914cc,source_imagenet_class,8.0,ok,,,2026-09-09T17:42:22.317419
stage2_imf_r2,9365c967d4a9,random_inpainting__mpc_delta_t__x1,random_inpainting__mpc_delta_t__x1,random_inpaint,prob_afb9ac8da51f5e92,088_03_macaw,imf,meanflow,jax,latent,mpc_delta_t,MPC-delta_t,1.0,1.0,0.0,1.0,0.0,meanflow_descending,pure_prior_noise,zero_fill,,,8,0.125,0.125,0.125,0.125,,1000.0,160,0.3,adam,False,,half_sum_squared,sum_squared,none,,,,,,,,method,method,method,not_applicable,not_applicable,not_applicable,27.251639022672922,0.7577580826901681,0.10900761187076569,0.04739171266555786,0.14443567503053545,22.827110403824186,,0.08593254825261772,27.33744610134694,12.719088983386953,0.152621716640785,1.0188368633389473,12.719088983386953,1355.9500078447163,169.49375098058954,8,4512,4512,4480,5120,4480,4512,4480,0,0,0,0,5120,0,,,,,,,,,,,,0,0,0,0,0.0,,,,,,,,,,,,,,,,,,,,,,,1.0037,6.6011,5.5974,"jax_device_memory_stats(peak_bytes_in_use)  [LIFETIME high-water mark: it has no reset API, so it can only over-report this job]",,,,unavailable,2,8,0,3.5746,12.1,42,0,seed=42|model=imf|rep=0,0f6770a3fd505440,161f0ec2d4e64414,60a6dc5c91c914cc,source_imagenet_class,8.0,ok,,,2026-09-09T17:42:22.317419
stage2_imf_r2,9365c967d4a9,random_inpainting__mpc_delta_t__x1,random_inpainting__mpc_delta_t__x1,random_inpaint,prob_afb9ac8da51f5e92,207_04_golden_retriever,imf,meanflow,jax,latent,mpc_delta_t,MPC-delta_t,1.0,1.0,0.0,1.0,0.0,meanflow_descending,pure_prior_noise,zero_fill,,,8,0.125,0.125,0.125,0.125,,1000.0,160,0.3,adam,False,,half_sum_squared,sum_squared,none,,,,,,,,method,method,method,not_applicable,not_applicable,not_applicable,30.437873365226306,0.7755755451067557,0.16922977566719055,0.04739171266555786,0.14443567503053545,22.827110403824186,,0.08593254825261772,27.33744610134694,12.719088983386953,0.152621716640785,1.0188368633389473,12.719088983386953,1355.9500078447163,169.49375098058954,8,4512,4512,4480,5120,4480,4512,4480,0,0,0,0,5120,0,,,,,,,,,,,,0,0,0,0,0.0,,,,,,,,,,,,,,,,,,,,,,,1.0037,6.6011,5.5974,"jax_device_memory_stats(peak_bytes_in_use)  [LIFETIME high-water mark: it has no reset API, so it can only over-report this job]",,,,unavailable,2,8,0,3.5746,12.1,42,0,seed=42|model=imf|rep=0,0f6770a3fd505440,161f0ec2d4e64414,60a6dc5c91c914cc,source_imagenet_class,8.0,ok,,,2026-09-09T17:42:22.317419
stage2_imf_r2,9365c967d4a9,random_inpainting__mpc_delta_t__x1,random_inpainting__mpc_delta_t__x1,random_inpaint,prob_afb9ac8da51f5e92,281_05_tabby_cat,imf,meanflow,jax,latent,mpc_delta_t,MPC-delta_t,1.0,1.0,0.0,1.0,0.0,meanflow_descending,pure_prior_noise,zero_fill,,,8,0.125,0.125,0.125,0.125,,1000.0,160,0.3,adam,False,,half_sum_squared,sum_squared,none,,,,,,,,method,method,method,not_applicable,not_applicable,not_applicable,25.171843951059003,0.7716044562102174,0.11936862021684647,0.04739171266555786,0.14443567503053545,22.827110403824186,,0.08593254825261772,27.33744610134694,12.719088983386953,0.152621716640785,1.0188368633389473,12.719088983386953,1355.9500078447163,169.49375098058954,8,4512,4512,4480,5120,4480,4512,4480,0,0,0,0,5120,0,,,,,,,,,,,,0,0,0,0,0.0,,,,,,,,,,,,,,,,,,,,,,,1.0037,6.6011,5.5974,"jax_device_memory_stats(peak_bytes_in_use)  [LIFETIME high-water mark: it has no reset API, so it can only over-report this job]",,,,unavailable,2,8,0,3.5746,12.1,42,0,seed=42|model=imf|rep=0,0f6770a3fd505440,161f0ec2d4e64414,60a6dc5c91c914cc,source_imagenet_class,8.0,ok,,,2026-09-09T17:42:22.317419
stage2_imf_r2,9365c967d4a9,random_inpainting__mpc_delta_t__x1,random_inpainting__mpc_delta_t__x1,random_inpaint,prob_afb9ac8da51f5e92,291_06_lion,imf,meanflow,jax,latent,mpc_delta_t,MPC-delta_t,1.0,1.0,0.0,1.0,0.0,meanflow_descending,pure_prior_noise,zero_fill,,,8,0.125,0.125,0.125,0.125,,1000.0,160,0.3,adam,False,,half_sum_squared,sum_squared,none,,,,,,,,method,method,method,not_applicable,not_applicable,not_applicable,28.101837200509912,0.737983067515239,0.22602298855781555,0.04739171266555786,0.14443567503053545,22.827110403824186,,0.08593254825261772,27.33744610134694,12.719088983386953,0.152621716640785,1.0188368633389473,12.719088983386953,1355.9500078447163,169.49375098058954,8,4512,4512,4480,5120,4480,4512,4480,0,0,0,0,5120,0,,,,,,,,,,,,0,0,0,0,0.0,,,,,,,,,,,,,,,,,,,,,,,1.0037,6.6011,5.5974,"jax_device_memory_stats(peak_bytes_in_use)  [LIFETIME high-water mark: it has no reset API, so it can only over-report this job]",,,,unavailable,2,8,0,3.5746,12.1,42,0,seed=42|model=imf|rep=0,0f6770a3fd505440,161f0ec2d4e64414,60a6dc5c91c914cc,source_imagenet_class,8.0,ok,,,2026-09-09T17:42:22.317419
stage2_imf_r2,9365c967d4a9,random_inpainting__mpc_delta_t__x1,random_inpainting__mpc_delta_t__x1,random_inpaint,prob_afb9ac8da51f5e92,323_07_monarch_butterfly,imf,meanflow,jax,latent,mpc_delta_t,MPC-delta_t,1.0,1.0,0.0,1.0,0.0,meanflow_descending,pure_prior_noise,zero_fill,,,8,0.125,0.125,0.125,0.125,,1000.0,160,0.3,adam,False,,half_sum_squared,sum_squared,none,,,,,,,,method,method,method,not_applicable,not_applicable,not_applicable,21.985625552323512,0.6787366665128256,0.19194626808166504,0.04739171266555786,0.14443567503053545,22.827110403824186,,0.08593254825261772,27.33744610134694,12.719088983386953,0.152621716640785,1.0188368633389473,12.719088983386953,1355.9500078447163,169.49375098058954,8,4512,4512,4480,5120,4480,4512,4480,0,0,0,0,5120,0,,,,,,,,,,,,0,0,0,0,0.0,,,,,,,,,,,,,,,,,,,,,,,1.0037,6.6011,5.5974,"jax_device_memory_stats(peak_bytes_in_use)  [LIFETIME high-water mark: it has no reset API, so it can only over-report this job]",,,,unavailable,2,8,0,3.5746,12.1,42,0,seed=42|model=imf|rep=0,0f6770a3fd505440,161f0ec2d4e64414,60a6dc5c91c914cc,source_imagenet_class,8.0,ok,,,2026-09-09T17:42:22.317419
stage2_imf_r2,6b3dbece01e3,random_inpainting__rhso__x1,random_inpainting__rhso__x1,random_inpaint,prob_afb9ac8da51f5e92,000_00_tench,imf,meanflow,jax,latent,rhso,RHSO,1.0,1.0,0.0,1.0,0.0,meanflow_descending,pure_prior_noise,zero_fill,,,,,0.125,0.125,0.125,,,,0.03,adam,,,half_mean_squared_per_measurement,,,,,,,320,8,0.0,not_applicable,not_applicable,method,not_applicable,not_applicable,method,22.014985766374316,0.4926297602552965,0.42268261313438416,0.04696983844041824,0.15052294103943792,22.468546006700898,,0.08518738806169983,27.41309386316743,12.719088983386953,0.152621716640785,1.0188368633389473,12.719088983386953,4549.301718231291,568.6627147789113,8,10272,10272,10240,10240,10240,10272,10240,10240,10240,10240,0,10240,10240,direct,learned_finite_interval_map,,False,False,False,,,,False,,0,0,0,0,0.0,,,,,,,,,,,,,,,,,,,,,,,1.0081,6.6419,5.6338,"jax_device_memory_stats(peak_bytes_in_use)  [LIFETIME high-water mark: it has no reset API, so it can only over-report this job]",,,,unavailable,2,8,0,5.0089,6.95,42,0,seed=42|model=imf|rep=0,0f6770a3fd505440,161f0ec2d4e64414,60a6dc5c91c914cc,source_imagenet_class,8.0,ok,,,2026-09-09T18:04:05.119570
stage2_imf_r2,6b3dbece01e3,random_inpainting__rhso__x1,random_inpainting__rhso__x1,random_inpaint,prob_afb9ac8da51f5e92,039_01_iguana,imf,meanflow,jax,latent,rhso,RHSO,1.0,1.0,0.0,1.0,0.0,meanflow_descending,pure_prior_noise,zero_fill,,,,,0.125,0.125,0.125,,,,0.03,adam,,,half_mean_squared_per_measurement,,,,,,,320,8,0.0,not_applicable,not_applicable,method,not_applicable,not_applicable,method,19.40371938749415,0.6489615301001951,0.19015103578567505,0.04696983844041824,0.15052294103943792,22.468546006700898,,0.08518738806169983,27.41309386316743,12.719088983386953,0.152621716640785,1.0188368633389473,12.719088983386953,4549.301718231291,568.6627147789113,8,10272,10272,10240,10240,10240,10272,10240,10240,10240,10240,0,10240,10240,direct,learned_finite_interval_map,,False,False,False,,,,False,,0,0,0,0,0.0,,,,,,,,,,,,,,,,,,,,,,,1.0081,6.6419,5.6338,"jax_device_memory_stats(peak_bytes_in_use)  [LIFETIME high-water mark: it has no reset API, so it can only over-report this job]",,,,unavailable,2,8,0,5.0089,6.95,42,0,seed=42|model=imf|rep=0,0f6770a3fd505440,161f0ec2d4e64414,60a6dc5c91c914cc,source_imagenet_class,8.0,ok,,,2026-09-09T18:04:05.119570
stage2_imf_r2,6b3dbece01e3,random_inpainting__rhso__x1,random_inpainting__rhso__x1,random_inpaint,prob_afb9ac8da51f5e92,081_02_ptarmigan,imf,meanflow,jax,latent,rhso,RHSO,1.0,1.0,0.0,1.0,0.0,meanflow_descending,pure_prior_noise,zero_fill,,,,,0.125,0.125,0.125,,,,0.03,adam,,,half_mean_squared_per_measurement,,,,,,,320,8,0.0,not_applicable,not_applicable,method,not_applicable,not_applicable,method,24.04372357953415,0.6783231715977379,0.20639877021312714,0.04696983844041824,0.15052294103943792,22.468546006700898,,0.08518738806169983,27.41309386316743,12.719088983386953,0.152621716640785,1.0188368633389473,12.719088983386953,4549.301718231291,568.6627147789113,8,10272,10272,10240,10240,10240,10272,10240,10240,10240,10240,0,10240,10240,direct,learned_finite_interval_map,,False,False,False,,,,False,,0,0,0,0,0.0,,,,,,,,,,,,,,,,,,,,,,,1.0081,6.6419,5.6338,"jax_device_memory_stats(peak_bytes_in_use)  [LIFETIME high-water mark: it has no reset API, so it can only over-report this job]",,,,unavailable,2,8,0,5.0089,6.95,42,0,seed=42|model=imf|rep=0,0f6770a3fd505440,161f0ec2d4e64414,60a6dc5c91c914cc,source_imagenet_class,8.0,ok,,,2026-09-09T18:04:05.119570
stage2_imf_r2,6b3dbece01e3,random_inpainting__rhso__x1,random_inpainting__rhso__x1,random_inpaint,prob_afb9ac8da51f5e92,088_03_macaw,imf,meanflow,jax,latent,rhso,RHSO,1.0,1.0,0.0,1.0,0.0,meanflow_descending,pure_prior_noise,zero_fill,,,,,0.125,0.125,0.125,,,,0.03,adam,,,half_mean_squared_per_measurement,,,,,,,320,8,0.0,not_applicable,not_applicable,method,not_applicable,not_applicable,method,27.43306312067446,0.7840302079544347,0.0928858071565628,0.04696983844041824,0.15052294103943792,22.468546006700898,,0.08518738806169983,27.41309386316743,12.719088983386953,0.152621716640785,1.0188368633389473,12.719088983386953,4549.301718231291,568.6627147789113,8,10272,10272,10240,10240,10240,10272,10240,10240,10240,10240,0,10240,10240,direct,learned_finite_interval_map,,False,False,False,,,,False,,0,0,0,0,0.0,,,,,,,,,,,,,,,,,,,,,,,1.0081,6.6419,5.6338,"jax_device_memory_stats(peak_bytes_in_use)  [LIFETIME high-water mark: it has no reset API, so it can only over-report this job]",,,,unavailable,2,8,0,5.0089,6.95,42,0,seed=42|model=imf|rep=0,0f6770a3fd505440,161f0ec2d4e64414,60a6dc5c91c914cc,source_imagenet_class,8.0,ok,,,2026-09-09T18:04:05.119570
stage2_imf_r2,6b3dbece01e3,random_inpainting__rhso__x1,random_inpainting__rhso__x1,random_inpaint,prob_afb9ac8da51f5e92,207_04_golden_retriever,imf,meanflow,jax,latent,rhso,RHSO,1.0,1.0,0.0,1.0,0.0,meanflow_descending,pure_prior_noise,zero_fill,,,,,0.125,0.125,0.125,,,,0.03,adam,,,half_mean_squared_per_measurement,,,,,,,320,8,0.0,not_applicable,not_applicable,method,not_applicable,not_applicable,method,29.76856493714981,0.7500383568840503,0.1945512890815735,0.04696983844041824,0.15052294103943792,22.468546006700898,,0.08518738806169983,27.41309386316743,12.719088983386953,0.152621716640785,1.0188368633389473,12.719088983386953,4549.301718231291,568.6627147789113,8,10272,10272,10240,10240,10240,10272,10240,10240,10240,10240,0,10240,10240,direct,learned_finite_interval_map,,False,False,False,,,,False,,0,0,0,0,0.0,,,,,,,,,,,,,,,,,,,,,,,1.0081,6.6419,5.6338,"jax_device_memory_stats(peak_bytes_in_use)  [LIFETIME high-water mark: it has no reset API, so it can only over-report this job]",,,,unavailable,2,8,0,5.0089,6.95,42,0,seed=42|model=imf|rep=0,0f6770a3fd505440,161f0ec2d4e64414,60a6dc5c91c914cc,source_imagenet_class,8.0,ok,,,2026-09-09T18:04:05.119570
stage2_imf_r2,6b3dbece01e3,random_inpainting__rhso__x1,random_inpainting__rhso__x1,random_inpaint,prob_afb9ac8da51f5e92,281_05_tabby_cat,imf,meanflow,jax,latent,rhso,RHSO,1.0,1.0,0.0,1.0,0.0,meanflow_descending,pure_prior_noise,zero_fill,,,,,0.125,0.125,0.125,,,,0.03,adam,,,half_mean_squared_per_measurement,,,,,,,320,8,0.0,not_applicable,not_applicable,method,not_applicable,not_applicable,method,24.67302907244445,0.7740661777558859,0.12238960713148117,0.04696983844041824,0.15052294103943792,22.468546006700898,,0.08518738806169983,27.41309386316743,12.719088983386953,0.152621716640785,1.0188368633389473,12.719088983386953,4549.301718231291,568.6627147789113,8,10272,10272,10240,10240,10240,10272,10240,10240,10240,10240,0,10240,10240,direct,learned_finite_interval_map,,False,False,False,,,,False,,0,0,0,0,0.0,,,,,,,,,,,,,,,,,,,,,,,1.0081,6.6419,5.6338,"jax_device_memory_stats(peak_bytes_in_use)  [LIFETIME high-water mark: it has no reset API, so it can only over-report this job]",,,,unavailable,2,8,0,5.0089,6.95,42,0,seed=42|model=imf|rep=0,0f6770a3fd505440,161f0ec2d4e64414,60a6dc5c91c914cc,source_imagenet_class,8.0,ok,,,2026-09-09T18:04:05.119570
stage2_imf_r2,6b3dbece01e3,random_inpainting__rhso__x1,random_inpainting__rhso__x1,random_inpaint,prob_afb9ac8da51f5e92,291_06_lion,imf,meanflow,jax,latent,rhso,RHSO,1.0,1.0,0.0,1.0,0.0,meanflow_descending,pure_prior_noise,zero_fill,,,,,0.125,0.125,0.125,,,,0.03,adam,,,half_mean_squared_per_measurement,,,,,,,320,8,0.0,not_applicable,not_applicable,method,not_applicable,not_applicable,method,28.204974671724177,0.7469259368273945,0.20171822607517242,0.04696983844041824,0.15052294103943792,22.468546006700898,,0.08518738806169983,27.41309386316743,12.719088983386953,0.152621716640785,1.0188368633389473,12.719088983386953,4549.301718231291,568.6627147789113,8,10272,10272,10240,10240,10240,10272,10240,10240,10240,10240,0,10240,10240,direct,learned_finite_interval_map,,False,False,False,,,,False,,0,0,0,0,0.0,,,,,,,,,,,,,,,,,,,,,,,1.0081,6.6419,5.6338,"jax_device_memory_stats(peak_bytes_in_use)  [LIFETIME high-water mark: it has no reset API, so it can only over-report this job]",,,,unavailable,2,8,0,5.0089,6.95,42,0,seed=42|model=imf|rep=0,0f6770a3fd505440,161f0ec2d4e64414,60a6dc5c91c914cc,source_imagenet_class,8.0,ok,,,2026-09-09T18:04:05.119570
stage2_imf_r2,6b3dbece01e3,random_inpainting__rhso__x1,random_inpainting__rhso__x1,random_inpaint,prob_afb9ac8da51f5e92,323_07_monarch_butterfly,imf,meanflow,jax,latent,rhso,RHSO,1.0,1.0,0.0,1.0,0.0,meanflow_descending,pure_prior_noise,zero_fill,,,,,0.125,0.125,0.125,,,,0.03,adam,,,half_mean_squared_per_measurement,,,,,,,320,8,0.0,not_applicable,not_applicable,method,not_applicable,not_applicable,method,21.824165098665375,0.67913649987109,0.1789727807044983,0.04696983844041824,0.15052294103943792,22.468546006700898,,0.08518738806169983,27.41309386316743,12.719088983386953,0.152621716640785,1.0188368633389473,12.719088983386953,4549.301718231291,568.6627147789113,8,10272,10272,10240,10240,10240,10272,10240,10240,10240,10240,0,10240,10240,direct,learned_finite_interval_map,,False,False,False,,,,False,,0,0,0,0,0.0,,,,,,,,,,,,,,,,,,,,,,,1.0081,6.6419,5.6338,"jax_device_memory_stats(peak_bytes_in_use)  [LIFETIME high-water mark: it has no reset API, so it can only over-report this job]",,,,unavailable,2,8,0,5.0089,6.95,42,0,seed=42|model=imf|rep=0,0f6770a3fd505440,161f0ec2d4e64414,60a6dc5c91c914cc,source_imagenet_class,8.0,ok,,,2026-09-09T18:04:05.119570
stage2_imf_r2,42d9bcefb4df,box_inpainting__pnp__x1,box_inpainting__pnp__x1,box_inpaint,prob_4459e49fb12d0091,000_00_tench,imf,meanflow,jax,latent,pnp,PnP-Flow,1.0,1.0,0.0,1.0,0.0,meanflow_descending,pure_prior_noise,zero_fill,,,,,0.0011160714285714285,0.0011160714285713969,0.0011160714285715079,,,,,,,,half_mean_squared_per_measurement,,,895,100000.0,1.0,1,,,,not_applicable,not_applicable,not_applicable,method,method,not_applicable,23.085024243556546,0.46680260043390587,0.5720118284225464,0.11622731387615204,0.25845890533826144,17.772769901128697,0.2003792994592492,0.10691019210846839,25.44021771453542,27.503961494217513,0.827546941632692,0.10103151760995388,27.503961494217513,1554.6281053889543,194.32851317361929,895,3584,3584,0,0,0,3584,0,3580,3580,0,3584,3580,3580,,,,,,,,,,,,0,0,0,0,0.0,,,,,,,,,,,,,,,,,,,,,,,1.007,6.6419,5.6349,"jax_device_memory_stats(peak_bytes_in_use)  [LIFETIME high-water mark: it has no reset API, so it can only over-report this job]",,,,unavailable,2,8,0,435.0489,6.97,42,0,seed=42|model=imf|rep=0,c136b139bc17dfba,3bf57218b76797cc,60a6dc5c91c914cc,source_imagenet_class,8.0,ok,,,2026-09-09T16:47:57.775063
stage2_imf_r2,42d9bcefb4df,box_inpainting__pnp__x1,box_inpainting__pnp__x1,box_inpaint,prob_4459e49fb12d0091,039_01_iguana,imf,meanflow,jax,latent,pnp,PnP-Flow,1.0,1.0,0.0,1.0,0.0,meanflow_descending,pure_prior_noise,zero_fill,,,,,0.0011160714285714285,0.0011160714285713969,0.0011160714285715079,,,,,,,,half_mean_squared_per_measurement,,,895,100000.0,1.0,1,,,,not_applicable,not_applicable,not_applicable,method,method,not_applicable,21.630919728513334,0.7090391112961857,0.2582113444805145,0.11622731387615204,0.25845890533826144,17.772769901128697,0.2003792994592492,0.10691019210846839,25.44021771453542,27.503961494217513,0.827546941632692,0.10103151760995388,27.503961494217513,1554.6281053889543,194.32851317361929,895,3584,3584,0,0,0,3584,0,3580,3580,0,3584,3580,3580,,,,,,,,,,,,0,0,0,0,0.0,,,,,,,,,,,,,,,,,,,,,,,1.007,6.6419,5.6349,"jax_device_memory_stats(peak_bytes_in_use)  [LIFETIME high-water mark: it has no reset API, so it can only over-report this job]",,,,unavailable,2,8,0,435.0489,6.97,42,0,seed=42|model=imf|rep=0,c136b139bc17dfba,3bf57218b76797cc,60a6dc5c91c914cc,source_imagenet_class,8.0,ok,,,2026-09-09T16:47:57.775063
stage2_imf_r2,42d9bcefb4df,box_inpainting__pnp__x1,box_inpainting__pnp__x1,box_inpaint,prob_4459e49fb12d0091,081_02_ptarmigan,imf,meanflow,jax,latent,pnp,PnP-Flow,1.0,1.0,0.0,1.0,0.0,meanflow_descending,pure_prior_noise,zero_fill,,,,,0.0011160714285714285,0.0011160714285713969,0.0011160714285715079,,,,,,,,half_mean_squared_per_measurement,,,895,100000.0,1.0,1,,,,not_applicable,not_applicable,not_applicable,method,method,not_applicable,26.50548456897621,0.7481094533360064,0.2426188737154007,0.11622731387615204,0.25845890533826144,17.772769901128697,0.2003792994592492,0.10691019210846839,25.44021771453542,27.503961494217513,0.827546941632692,0.10103151760995388,27.503961494217513,1554.6281053889543,194.32851317361929,895,3584,3584,0,0,0,3584,0,3580,3580,0,3584,3580,3580,,,,,,,,,,,,0,0,0,0,0.0,,,,,,,,,,,,,,,,,,,,,,,1.007,6.6419,5.6349,"jax_device_memory_stats(peak_bytes_in_use)  [LIFETIME high-water mark: it has no reset API, so it can only over-report this job]",,,,unavailable,2,8,0,435.0489,6.97,42,0,seed=42|model=imf|rep=0,c136b139bc17dfba,3bf57218b76797cc,60a6dc5c91c914cc,source_imagenet_class,8.0,ok,,,2026-09-09T16:47:57.775063
stage2_imf_r2,42d9bcefb4df,box_inpainting__pnp__x1,box_inpainting__pnp__x1,box_inpaint,prob_4459e49fb12d0091,088_03_macaw,imf,meanflow,jax,latent,pnp,PnP-Flow,1.0,1.0,0.0,1.0,0.0,meanflow_descending,pure_prior_noise,zero_fill,,,,,0.0011160714285714285,0.0011160714285713969,0.0011160714285715079,,,,,,,,half_mean_squared_per_measurement,,,895,100000.0,1.0,1,,,,not_applicable,not_applicable,not_applicable,method,method,not_applicable,27.188919692954098,0.7146273540630365,0.1749788522720337,0.11622731387615204,0.25845890533826144,17.772769901128697,0.2003792994592492,0.10691019210846839,25.44021771453542,27.503961494217513,0.827546941632692,0.10103151760995388,27.503961494217513,1554.6281053889543,194.32851317361929,895,3584,3584,0,0,0,3584,0,3580,3580,0,3584,3580,3580,,,,,,,,,,,,0,0,0,0,0.0,,,,,,,,,,,,,,,,,,,,,,,1.007,6.6419,5.6349,"jax_device_memory_stats(peak_bytes_in_use)  [LIFETIME high-water mark: it has no reset API, so it can only over-report this job]",,,,unavailable,2,8,0,435.0489,6.97,42,0,seed=42|model=imf|rep=0,c136b139bc17dfba,3bf57218b76797cc,60a6dc5c91c914cc,source_imagenet_class,8.0,ok,,,2026-09-09T16:47:57.775063
stage2_imf_r2,42d9bcefb4df,box_inpainting__pnp__x1,box_inpainting__pnp__x1,box_inpaint,prob_4459e49fb12d0091,207_04_golden_retriever,imf,meanflow,jax,latent,pnp,PnP-Flow,1.0,1.0,0.0,1.0,0.0,meanflow_descending,pure_prior_noise,zero_fill,,,,,0.0011160714285714285,0.0011160714285713969,0.0011160714285715079,,,,,,,,half_mean_squared_per_measurement,,,895,100000.0,1.0,1,,,,not_applicable,not_applicable,not_applicable,method,method,not_applicable,29.69941723803316,0.6994865690197823,0.2966764271259308,0.11622731387615204,0.25845890533826144,17.772769901128697,0.2003792994592492,0.10691019210846839,25.44021771453542,27.503961494217513,0.827546941632692,0.10103151760995388,27.503961494217513,1554.6281053889543,194.32851317361929,895,3584,3584,0,0,0,3584,0,3580,3580,0,3584,3580,3580,,,,,,,,,,,,0,0,0,0,0.0,,,,,,,,,,,,,,,,,,,,,,,1.007,6.6419,5.6349,"jax_device_memory_stats(peak_bytes_in_use)  [LIFETIME high-water mark: it has no reset API, so it can only over-report this job]",,,,unavailable,2,8,0,435.0489,6.97,42,0,seed=42|model=imf|rep=0,c136b139bc17dfba,3bf57218b76797cc,60a6dc5c91c914cc,source_imagenet_class,8.0,ok,,,2026-09-09T16:47:57.775063
stage2_imf_r2,42d9bcefb4df,box_inpainting__pnp__x1,box_inpainting__pnp__x1,box_inpaint,prob_4459e49fb12d0091,281_05_tabby_cat,imf,meanflow,jax,latent,pnp,PnP-Flow,1.0,1.0,0.0,1.0,0.0,meanflow_descending,pure_prior_noise,zero_fill,,,,,0.0011160714285714285,0.0011160714285713969,0.0011160714285715079,,,,,,,,half_mean_squared_per_measurement,,,895,100000.0,1.0,1,,,,not_applicable,not_applicable,not_applicable,method,method,not_applicable,26.763997754337755,0.7660571070167457,0.1414373815059662,0.11622731387615204,0.25845890533826144,17.772769901128697,0.2003792994592492,0.10691019210846839,25.44021771453542,27.503961494217513,0.827546941632692,0.10103151760995388,27.503961494217513,1554.6281053889543,194.32851317361929,895,3584,3584,0,0,0,3584,0,3580,3580,0,3584,3580,3580,,,,,,,,,,,,0,0,0,0,0.0,,,,,,,,,,,,,,,,,,,,,,,1.007,6.6419,5.6349,"jax_device_memory_stats(peak_bytes_in_use)  [LIFETIME high-water mark: it has no reset API, so it can only over-report this job]",,,,unavailable,2,8,0,435.0489,6.97,42,0,seed=42|model=imf|rep=0,c136b139bc17dfba,3bf57218b76797cc,60a6dc5c91c914cc,source_imagenet_class,8.0,ok,,,2026-09-09T16:47:57.775063
stage2_imf_r2,42d9bcefb4df,box_inpainting__pnp__x1,box_inpainting__pnp__x1,box_inpaint,prob_4459e49fb12d0091,291_06_lion,imf,meanflow,jax,latent,pnp,PnP-Flow,1.0,1.0,0.0,1.0,0.0,meanflow_descending,pure_prior_noise,zero_fill,,,,,0.0011160714285714285,0.0011160714285713969,0.0011160714285715079,,,,,,,,half_mean_squared_per_measurement,,,895,100000.0,1.0,1,,,,not_applicable,not_applicable,not_applicable,method,method,not_applicable,28.117460440627422,0.7194754853437525,0.2865448296070099,0.11622731387615204,0.25845890533826144,17.772769901128697,0.2003792994592492,0.10691019210846839,25.44021771453542,27.503961494217513,0.827546941632692,0.10103151760995388,27.503961494217513,1554.6281053889543,194.32851317361929,895,3584,3584,0,0,0,3584,0,3580,3580,0,3584,3580,3580,,,,,,,,,,,,0,0,0,0,0.0,,,,,,,,,,,,,,,,,,,,,,,1.007,6.6419,5.6349,"jax_device_memory_stats(peak_bytes_in_use)  [LIFETIME high-water mark: it has no reset API, so it can only over-report this job]",,,,unavailable,2,8,0,435.0489,6.97,42,0,seed=42|model=imf|rep=0,c136b139bc17dfba,3bf57218b76797cc,60a6dc5c91c914cc,source_imagenet_class,8.0,ok,,,2026-09-09T16:47:57.775063
stage2_imf_r2,42d9bcefb4df,box_inpainting__pnp__x1,box_inpainting__pnp__x1,box_inpaint,prob_4459e49fb12d0091,323_07_monarch_butterfly,imf,meanflow,jax,latent,pnp,PnP-Flow,1.0,1.0,0.0,1.0,0.0,meanflow_descending,pure_prior_noise,zero_fill,,,,,0.0011160714285714285,0.0011160714285713969,0.0011160714285715079,,,,,,,,half_mean_squared_per_measurement,,,895,100000.0,1.0,1,,,,not_applicable,not_applicable,not_applicable,method,method,not_applicable,23.087294667807544,0.69754345673898,0.25906628370285034,0.11622731387615204,0.25845890533826144,17.772769901128697,0.2003792994592492,0.10691019210846839,25.44021771453542,27.503961494217513,0.827546941632692,0.10103151760995388,27.503961494217513,1554.6281053889543,194.32851317361929,895,3584,3584,0,0,0,3584,0,3580,3580,0,3584,3580,3580,,,,,,,,,,,,0,0,0,0,0.0,,,,,,,,,,,,,,,,,,,,,,,1.007,6.6419,5.6349,"jax_device_memory_stats(peak_bytes_in_use)  [LIFETIME high-water mark: it has no reset API, so it can only over-report this job]",,,,unavailable,2,8,0,435.0489,6.97,42,0,seed=42|model=imf|rep=0,c136b139bc17dfba,3bf57218b76797cc,60a6dc5c91c914cc,source_imagenet_class,8.0,ok,,,2026-09-09T16:47:57.775063
stage2_imf_r2,5b3af4b53171,box_inpainting__dflow__x1,box_inpainting__dflow__x1,box_inpaint,prob_4459e49fb12d0091,000_00_tench,imf,meanflow,jax,latent,dflow,D-Flow,1.0,1.0,0.0,1.0,0.0,meanflow_descending,pure_prior_noise,zero_fill,1,,,,1.0,1.0,1.0,,,,0.3,adam,,,half_mean_squared_per_measurement,,,,,,,2560,,,not_applicable,not_applicable,method,not_applicable,not_applicable,not_applicable,23.575777226537934,0.519887804147669,0.43981659412384033,0.11046220362186432,0.3164121467550886,16.015536967496903,0.1633111859794154,0.10076591093557889,25.9543272069029,27.503961494217513,0.827546941632692,0.10103151760995388,27.503961494217513,3893.593766144477,486.6992207680596,1,10244,10244,10240,10240,10240,10244,10240,10240,10240,10240,0,10244,10240,,,,,,,,,,,,0,0,0,0,0.0,,,,,,,,,,,,,,,,,,,,,,,1.0152,6.5715,5.5563,"jax_device_memory_stats(peak_bytes_in_use)  [LIFETIME high-water mark: it has no reset API, so it can only over-report this job]",,,,unavailable,2,8,0,0.3069,11.97,42,0,seed=42|model=imf|rep=0,c136b139bc17dfba,3bf57218b76797cc,60a6dc5c91c914cc,source_imagenet_class,8.0,ok,,,2026-09-09T17:19:37.743849
stage2_imf_r2,5b3af4b53171,box_inpainting__dflow__x1,box_inpainting__dflow__x1,box_inpaint,prob_4459e49fb12d0091,039_01_iguana,imf,meanflow,jax,latent,dflow,D-Flow,1.0,1.0,0.0,1.0,0.0,meanflow_descending,pure_prior_noise,zero_fill,1,,,,1.0,1.0,1.0,,,,0.3,adam,,,half_mean_squared_per_measurement,,,,,,,2560,,,not_applicable,not_applicable,method,not_applicable,not_applicable,not_applicable,21.71415288534213,0.7261825929616009,0.23452329635620117,0.11046220362186432,0.3164121467550886,16.015536967496903,0.1633111859794154,0.10076591093557889,25.9543272069029,27.503961494217513,0.827546941632692,0.10103151760995388,27.503961494217513,3893.593766144477,486.6992207680596,1,10244,10244,10240,10240,10240,10244,10240,10240,10240,10240,0,10244,10240,,,,,,,,,,,,0,0,0,0,0.0,,,,,,,,,,,,,,,,,,,,,,,1.0152,6.5715,5.5563,"jax_device_memory_stats(peak_bytes_in_use)  [LIFETIME high-water mark: it has no reset API, so it can only over-report this job]",,,,unavailable,2,8,0,0.3069,11.97,42,0,seed=42|model=imf|rep=0,c136b139bc17dfba,3bf57218b76797cc,60a6dc5c91c914cc,source_imagenet_class,8.0,ok,,,2026-09-09T17:19:37.743849
stage2_imf_r2,5b3af4b53171,box_inpainting__dflow__x1,box_inpainting__dflow__x1,box_inpaint,prob_4459e49fb12d0091,081_02_ptarmigan,imf,meanflow,jax,latent,dflow,D-Flow,1.0,1.0,0.0,1.0,0.0,meanflow_descending,pure_prior_noise,zero_fill,1,,,,1.0,1.0,1.0,,,,0.3,adam,,,half_mean_squared_per_measurement,,,,,,,2560,,,not_applicable,not_applicable,method,not_applicable,not_applicable,not_applicable,25.922177108752873,0.7718304197585205,0.23275581002235413,0.11046220362186432,0.3164121467550886,16.015536967496903,0.1633111859794154,0.10076591093557889,25.9543272069029,27.503961494217513,0.827546941632692,0.10103151760995388,27.503961494217513,3893.593766144477,486.6992207680596,1,10244,10244,10240,10240,10240,10244,10240,10240,10240,10240,0,10244,10240,,,,,,,,,,,,0,0,0,0,0.0,,,,,,,,,,,,,,,,,,,,,,,1.0152,6.5715,5.5563,"jax_device_memory_stats(peak_bytes_in_use)  [LIFETIME high-water mark: it has no reset API, so it can only over-report this job]",,,,unavailable,2,8,0,0.3069,11.97,42,0,seed=42|model=imf|rep=0,c136b139bc17dfba,3bf57218b76797cc,60a6dc5c91c914cc,source_imagenet_class,8.0,ok,,,2026-09-09T17:19:37.743849
stage2_imf_r2,5b3af4b53171,box_inpainting__dflow__x1,box_inpainting__dflow__x1,box_inpaint,prob_4459e49fb12d0091,088_03_macaw,imf,meanflow,jax,latent,dflow,D-Flow,1.0,1.0,0.0,1.0,0.0,meanflow_descending,pure_prior_noise,zero_fill,1,,,,1.0,1.0,1.0,,,,0.3,adam,,,half_mean_squared_per_measurement,,,,,,,2560,,,not_applicable,not_applicable,method,not_applicable,not_applicable,not_applicable,28.01380086733736,0.743061951006699,0.1312495321035385,0.11046220362186432,0.3164121467550886,16.015536967496903,0.1633111859794154,0.10076591093557889,25.9543272069029,27.503961494217513,0.827546941632692,0.10103151760995388,27.503961494217513,3893.593766144477,486.6992207680596,1,10244,10244,10240,10240,10240,10244,10240,10240,10240,10240,0,10244,10240,,,,,,,,,,,,0,0,0,0,0.0,,,,,,,,,,,,,,,,,,,,,,,1.0152,6.5715,5.5563,"jax_device_memory_stats(peak_bytes_in_use)  [LIFETIME high-water mark: it has no reset API, so it can only over-report this job]",,,,unavailable,2,8,0,0.3069,11.97,42,0,seed=42|model=imf|rep=0,c136b139bc17dfba,3bf57218b76797cc,60a6dc5c91c914cc,source_imagenet_class,8.0,ok,,,2026-09-09T17:19:37.743849
stage2_imf_r2,5b3af4b53171,box_inpainting__dflow__x1,box_inpainting__dflow__x1,box_inpaint,prob_4459e49fb12d0091,207_04_golden_retriever,imf,meanflow,jax,latent,dflow,D-Flow,1.0,1.0,0.0,1.0,0.0,meanflow_descending,pure_prior_noise,zero_fill,1,,,,1.0,1.0,1.0,,,,0.3,adam,,,half_mean_squared_per_measurement,,,,,,,2560,,,not_applicable,not_applicable,method,not_applicable,not_applicable,not_applicable,31.060667559091,0.8082468912796906,0.18014012277126312,0.11046220362186432,0.3164121467550886,16.015536967496903,0.1633111859794154,0.10076591093557889,25.9543272069029,27.503961494217513,0.827546941632692,0.10103151760995388,27.503961494217513,3893.593766144477,486.6992207680596,1,10244,10244,10240,10240,10240,10244,10240,10240,10240,10240,0,10244,10240,,,,,,,,,,,,0,0,0,0,0.0,,,,,,,,,,,,,,,,,,,,,,,1.0152,6.5715,5.5563,"jax_device_memory_stats(peak_bytes_in_use)  [LIFETIME high-water mark: it has no reset API, so it can only over-report this job]",,,,unavailable,2,8,0,0.3069,11.97,42,0,seed=42|model=imf|rep=0,c136b139bc17dfba,3bf57218b76797cc,60a6dc5c91c914cc,source_imagenet_class,8.0,ok,,,2026-09-09T17:19:37.743849
stage2_imf_r2,5b3af4b53171,box_inpainting__dflow__x1,box_inpainting__dflow__x1,box_inpaint,prob_4459e49fb12d0091,281_05_tabby_cat,imf,meanflow,jax,latent,dflow,D-Flow,1.0,1.0,0.0,1.0,0.0,meanflow_descending,pure_prior_noise,zero_fill,1,,,,1.0,1.0,1.0,,,,0.3,adam,,,half_mean_squared_per_measurement,,,,,,,2560,,,not_applicable,not_applicable,method,not_applicable,not_applicable,not_applicable,26.88514844166624,0.7887454441227543,0.1027742475271225,0.11046220362186432,0.3164121467550886,16.015536967496903,0.1633111859794154,0.10076591093557889,25.9543272069029,27.503961494217513,0.827546941632692,0.10103151760995388,27.503961494217513,3893.593766144477,486.6992207680596,1,10244,10244,10240,10240,10240,10244,10240,10240,10240,10240,0,10244,10240,,,,,,,,,,,,0,0,0,0,0.0,,,,,,,,,,,,,,,,,,,,,,,1.0152,6.5715,5.5563,"jax_device_memory_stats(peak_bytes_in_use)  [LIFETIME high-water mark: it has no reset API, so it can only over-report this job]",,,,unavailable,2,8,0,0.3069,11.97,42,0,seed=42|model=imf|rep=0,c136b139bc17dfba,3bf57218b76797cc,60a6dc5c91c914cc,source_imagenet_class,8.0,ok,,,2026-09-09T17:19:37.743849
stage2_imf_r2,5b3af4b53171,box_inpainting__dflow__x1,box_inpainting__dflow__x1,box_inpaint,prob_4459e49fb12d0091,291_06_lion,imf,meanflow,jax,latent,dflow,D-Flow,1.0,1.0,0.0,1.0,0.0,meanflow_descending,pure_prior_noise,zero_fill,1,,,,1.0,1.0,1.0,,,,0.3,adam,,,half_mean_squared_per_measurement,,,,,,,2560,,,not_applicable,not_applicable,method,not_applicable,not_applicable,not_applicable,28.331427385509507,0.7488606352479567,0.23177477717399597,0.11046220362186432,0.3164121467550886,16.015536967496903,0.1633111859794154,0.10076591093557889,25.9543272069029,27.503961494217513,0.827546941632692,0.10103151760995388,27.503961494217513,3893.593766144477,486.6992207680596,1,10244,10244,10240,10240,10240,10244,10240,10240,10240,10240,0,10244,10240,,,,,,,,,,,,0,0,0,0,0.0,,,,,,,,,,,,,,,,,,,,,,,1.0152,6.5715,5.5563,"jax_device_memory_stats(peak_bytes_in_use)  [LIFETIME high-water mark: it has no reset API, so it can only over-report this job]",,,,unavailable,2,8,0,0.3069,11.97,42,0,seed=42|model=imf|rep=0,c136b139bc17dfba,3bf57218b76797cc,60a6dc5c91c914cc,source_imagenet_class,8.0,ok,,,2026-09-09T17:19:37.743849
stage2_imf_r2,5b3af4b53171,box_inpainting__dflow__x1,box_inpainting__dflow__x1,box_inpaint,prob_4459e49fb12d0091,323_07_monarch_butterfly,imf,meanflow,jax,latent,dflow,D-Flow,1.0,1.0,0.0,1.0,0.0,meanflow_descending,pure_prior_noise,zero_fill,1,,,,1.0,1.0,1.0,,,,0.3,adam,,,half_mean_squared_per_measurement,,,,,,,2560,,,not_applicable,not_applicable,method,not_applicable,not_applicable,not_applicable,22.895274893207475,0.7225757323176597,0.22230787575244904,0.11046220362186432,0.3164121467550886,16.015536967496903,0.1633111859794154,0.10076591093557889,25.9543272069029,27.503961494217513,0.827546941632692,0.10103151760995388,27.503961494217513,3893.593766144477,486.6992207680596,1,10244,10244,10240,10240,10240,10244,10240,10240,10240,10240,0,10244,10240,,,,,,,,,,,,0,0,0,0,0.0,,,,,,,,,,,,,,,,,,,,,,,1.0152,6.5715,5.5563,"jax_device_memory_stats(peak_bytes_in_use)  [LIFETIME high-water mark: it has no reset API, so it can only over-report this job]",,,,unavailable,2,8,0,0.3069,11.97,42,0,seed=42|model=imf|rep=0,c136b139bc17dfba,3bf57218b76797cc,60a6dc5c91c914cc,source_imagenet_class,8.0,ok,,,2026-09-09T17:19:37.743849
stage2_imf_r2,2241f8b2b24c,box_inpainting__mpc_delta_t__x1,box_inpainting__mpc_delta_t__x1,box_inpaint,prob_4459e49fb12d0091,000_00_tench,imf,meanflow,jax,latent,mpc_delta_t,MPC-delta_t,1.0,1.0,0.0,1.0,0.0,meanflow_descending,pure_prior_noise,zero_fill,,,8,0.125,0.125,0.125,0.125,,1000.0,160,0.3,adam,False,,half_sum_squared,sum_squared,none,,,,,,,,method,method,method,not_applicable,not_applicable,not_applicable,24.080950192586347,0.5993743157874865,0.4735281765460968,0.10538558661937714,0.38446534918708647,14.323455830789074,0.14582031654128527,0.09509487677135937,26.457457513514026,27.503961494217513,0.827546941632692,0.10103151760995388,27.503961494217513,1354.9882730236277,169.37353412795346,8,4512,4512,4480,5120,4480,4512,4480,0,0,0,0,5120,0,,,,,,,,,,,,0,0,0,0,0.0,,,,,,,,,,,,,,,,,,,,,,,1.0152,6.5715,5.5563,"jax_device_memory_stats(peak_bytes_in_use)  [LIFETIME high-water mark: it has no reset API, so it can only over-report this job]",,,,unavailable,2,8,0,3.5582,11.97,42,0,seed=42|model=imf|rep=0,c136b139bc17dfba,3bf57218b76797cc,60a6dc5c91c914cc,source_imagenet_class,8.0,ok,,,2026-09-09T17:42:17.955669
stage2_imf_r2,2241f8b2b24c,box_inpainting__mpc_delta_t__x1,box_inpainting__mpc_delta_t__x1,box_inpaint,prob_4459e49fb12d0091,039_01_iguana,imf,meanflow,jax,latent,mpc_delta_t,MPC-delta_t,1.0,1.0,0.0,1.0,0.0,meanflow_descending,pure_prior_noise,zero_fill,,,8,0.125,0.125,0.125,0.125,,1000.0,160,0.3,adam,False,,half_sum_squared,sum_squared,none,,,,,,,,method,method,method,not_applicable,not_applicable,not_applicable,21.411001329836946,0.7458645438871443,0.2029706835746765,0.10538558661937714,0.38446534918708647,14.323455830789074,0.14582031654128527,0.09509487677135937,26.457457513514026,27.503961494217513,0.827546941632692,0.10103151760995388,27.503961494217513,1354.9882730236277,169.37353412795346,8,4512,4512,4480,5120,4480,4512,4480,0,0,0,0,5120,0,,,,,,,,,,,,0,0,0,0,0.0,,,,,,,,,,,,,,,,,,,,,,,1.0152,6.5715,5.5563,"jax_device_memory_stats(peak_bytes_in_use)  [LIFETIME high-water mark: it has no reset API, so it can only over-report this job]",,,,unavailable,2,8,0,3.5582,11.97,42,0,seed=42|model=imf|rep=0,c136b139bc17dfba,3bf57218b76797cc,60a6dc5c91c914cc,source_imagenet_class,8.0,ok,,,2026-09-09T17:42:17.955669
stage2_imf_r2,2241f8b2b24c,box_inpainting__mpc_delta_t__x1,box_inpainting__mpc_delta_t__x1,box_inpaint,prob_4459e49fb12d0091,081_02_ptarmigan,imf,meanflow,jax,latent,mpc_delta_t,MPC-delta_t,1.0,1.0,0.0,1.0,0.0,meanflow_descending,pure_prior_noise,zero_fill,,,8,0.125,0.125,0.125,0.125,,1000.0,160,0.3,adam,False,,half_sum_squared,sum_squared,none,,,,,,,,method,method,method,not_applicable,not_applicable,not_applicable,24.822937140655334,0.7846672141451423,0.20038364827632904,0.10538558661937714,0.38446534918708647,14.323455830789074,0.14582031654128527,0.09509487677135937,26.457457513514026,27.503961494217513,0.827546941632692,0.10103151760995388,27.503961494217513,1354.9882730236277,169.37353412795346,8,4512,4512,4480,5120,4480,4512,4480,0,0,0,0,5120,0,,,,,,,,,,,,0,0,0,0,0.0,,,,,,,,,,,,,,,,,,,,,,,1.0152,6.5715,5.5563,"jax_device_memory_stats(peak_bytes_in_use)  [LIFETIME high-water mark: it has no reset API, so it can only over-report this job]",,,,unavailable,2,8,0,3.5582,11.97,42,0,seed=42|model=imf|rep=0,c136b139bc17dfba,3bf57218b76797cc,60a6dc5c91c914cc,source_imagenet_class,8.0,ok,,,2026-09-09T17:42:17.955669
stage2_imf_r2,2241f8b2b24c,box_inpainting__mpc_delta_t__x1,box_inpainting__mpc_delta_t__x1,box_inpaint,prob_4459e49fb12d0091,088_03_macaw,imf,meanflow,jax,latent,mpc_delta_t,MPC-delta_t,1.0,1.0,0.0,1.0,0.0,meanflow_descending,pure_prior_noise,zero_fill,,,8,0.125,0.125,0.125,0.125,,1000.0,160,0.3,adam,False,,half_sum_squared,sum_squared,none,,,,,,,,method,method,method,not_applicable,not_applicable,not_applicable,28.975780147869514,0.8057020015282168,0.08583635091781616,0.10538558661937714,0.38446534918708647,14.323455830789074,0.14582031654128527,0.09509487677135937,26.457457513514026,27.503961494217513,0.827546941632692,0.10103151760995388,27.503961494217513,1354.9882730236277,169.37353412795346,8,4512,4512,4480,5120,4480,4512,4480,0,0,0,0,5120,0,,,,,,,,,,,,0,0,0,0,0.0,,,,,,,,,,,,,,,,,,,,,,,1.0152,6.5715,5.5563,"jax_device_memory_stats(peak_bytes_in_use)  [LIFETIME high-water mark: it has no reset API, so it can only over-report this job]",,,,unavailable,2,8,0,3.5582,11.97,42,0,seed=42|model=imf|rep=0,c136b139bc17dfba,3bf57218b76797cc,60a6dc5c91c914cc,source_imagenet_class,8.0,ok,,,2026-09-09T17:42:17.955669
stage2_imf_r2,2241f8b2b24c,box_inpainting__mpc_delta_t__x1,box_inpainting__mpc_delta_t__x1,box_inpaint,prob_4459e49fb12d0091,207_04_golden_retriever,imf,meanflow,jax,latent,mpc_delta_t,MPC-delta_t,1.0,1.0,0.0,1.0,0.0,meanflow_descending,pure_prior_noise,zero_fill,,,8,0.125,0.125,0.125,0.125,,1000.0,160,0.3,adam,False,,half_sum_squared,sum_squared,none,,,,,,,,method,method,method,not_applicable,not_applicable,not_applicable,30.423334156340967,0.8294617760443912,0.16809220612049103,0.10538558661937714,0.38446534918708647,14.323455830789074,0.14582031654128527,0.09509487677135937,26.457457513514026,27.503961494217513,0.827546941632692,0.10103151760995388,27.503961494217513,1354.9882730236277,169.37353412795346,8,4512,4512,4480,5120,4480,4512,4480,0,0,0,0,5120,0,,,,,,,,,,,,0,0,0,0,0.0,,,,,,,,,,,,,,,,,,,,,,,1.0152,6.5715,5.5563,"jax_device_memory_stats(peak_bytes_in_use)  [LIFETIME high-water mark: it has no reset API, so it can only over-report this job]",,,,unavailable,2,8,0,3.5582,11.97,42,0,seed=42|model=imf|rep=0,c136b139bc17dfba,3bf57218b76797cc,60a6dc5c91c914cc,source_imagenet_class,8.0,ok,,,2026-09-09T17:42:17.955669
stage2_imf_r2,2241f8b2b24c,box_inpainting__mpc_delta_t__x1,box_inpainting__mpc_delta_t__x1,box_inpaint,prob_4459e49fb12d0091,281_05_tabby_cat,imf,meanflow,jax,latent,mpc_delta_t,MPC-delta_t,1.0,1.0,0.0,1.0,0.0,meanflow_descending,pure_prior_noise,zero_fill,,,8,0.125,0.125,0.125,0.125,,1000.0,160,0.3,adam,False,,half_sum_squared,sum_squared,none,,,,,,,,method,method,method,not_applicable,not_applicable,not_applicable,28.007270391130955,0.8332057773374787,0.10128388553857803,0.10538558661937714,0.38446534918708647,14.323455830789074,0.14582031654128527,0.09509487677135937,26.457457513514026,27.503961494217513,0.827546941632692,0.10103151760995388,27.503961494217513,1354.9882730236277,169.37353412795346,8,4512,4512,4480,5120,4480,4512,4480,0,0,0,0,5120,0,,,,,,,,,,,,0,0,0,0,0.0,,,,,,,,,,,,,,,,,,,,,,,1.0152,6.5715,5.5563,"jax_device_memory_stats(peak_bytes_in_use)  [LIFETIME high-water mark: it has no reset API, so it can only over-report this job]",,,,unavailable,2,8,0,3.5582,11.97,42,0,seed=42|model=imf|rep=0,c136b139bc17dfba,3bf57218b76797cc,60a6dc5c91c914cc,source_imagenet_class,8.0,ok,,,2026-09-09T17:42:17.955669
stage2_imf_r2,2241f8b2b24c,box_inpainting__mpc_delta_t__x1,box_inpainting__mpc_delta_t__x1,box_inpaint,prob_4459e49fb12d0091,291_06_lion,imf,meanflow,jax,latent,mpc_delta_t,MPC-delta_t,1.0,1.0,0.0,1.0,0.0,meanflow_descending,pure_prior_noise,zero_fill,,,8,0.125,0.125,0.125,0.125,,1000.0,160,0.3,adam,False,,half_sum_squared,sum_squared,none,,,,,,,,method,method,method,not_applicable,not_applicable,not_applicable,28.781332044124316,0.8210284067361103,0.19526390731334686,0.10538558661937714,0.38446534918708647,14.323455830789074,0.14582031654128527,0.09509487677135937,26.457457513514026,27.503961494217513,0.827546941632692,0.10103151760995388,27.503961494217513,1354.9882730236277,169.37353412795346,8,4512,4512,4480,5120,4480,4512,4480,0,0,0,0,5120,0,,,,,,,,,,,,0,0,0,0,0.0,,,,,,,,,,,,,,,,,,,,,,,1.0152,6.5715,5.5563,"jax_device_memory_stats(peak_bytes_in_use)  [LIFETIME high-water mark: it has no reset API, so it can only over-report this job]",,,,unavailable,2,8,0,3.5582,11.97,42,0,seed=42|model=imf|rep=0,c136b139bc17dfba,3bf57218b76797cc,60a6dc5c91c914cc,source_imagenet_class,8.0,ok,,,2026-09-09T17:42:17.955669
stage2_imf_r2,2241f8b2b24c,box_inpainting__mpc_delta_t__x1,box_inpainting__mpc_delta_t__x1,box_inpaint,prob_4459e49fb12d0091,323_07_monarch_butterfly,imf,meanflow,jax,latent,mpc_delta_t,MPC-delta_t,1.0,1.0,0.0,1.0,0.0,meanflow_descending,pure_prior_noise,zero_fill,,,8,0.125,0.125,0.125,0.125,,1000.0,160,0.3,adam,False,,half_sum_squared,sum_squared,none,,,,,,,,method,method,method,not_applicable,not_applicable,not_applicable,22.71219749718362,0.737642885269612,0.17444653809070587,0.10538558661937714,0.38446534918708647,14.323455830789074,0.14582031654128527,0.09509487677135937,26.457457513514026,27.503961494217513,0.827546941632692,0.10103151760995388,27.503961494217513,1354.9882730236277,169.37353412795346,8,4512,4512,4480,5120,4480,4512,4480,0,0,0,0,5120,0,,,,,,,,,,,,0,0,0,0,0.0,,,,,,,,,,,,,,,,,,,,,,,1.0152,6.5715,5.5563,"jax_device_memory_stats(peak_bytes_in_use)  [LIFETIME high-water mark: it has no reset API, so it can only over-report this job]",,,,unavailable,2,8,0,3.5582,11.97,42,0,seed=42|model=imf|rep=0,c136b139bc17dfba,3bf57218b76797cc,60a6dc5c91c914cc,source_imagenet_class,8.0,ok,,,2026-09-09T17:42:17.955669
stage2_imf_r2,f0ff45652a3e,box_inpainting__rhso__x1,box_inpainting__rhso__x1,box_inpaint,prob_4459e49fb12d0091,000_00_tench,imf,meanflow,jax,latent,rhso,RHSO,1.0,1.0,0.0,1.0,0.0,meanflow_descending,pure_prior_noise,zero_fill,,,,,0.03125,0.03125,0.03125,,,,0.03,adam,,,half_mean_squared_per_measurement,,,,,,,80,32,0.0,not_applicable,not_applicable,method,not_applicable,not_applicable,method,24.221314228760328,0.5991708995658581,0.42618852853775024,0.10419435799121857,0.35240835962073913,15.079675874546572,0.14811412684541286,0.09375999776176758,26.58024814714829,27.503961494217513,0.827546941632692,0.10103151760995388,27.503961494217513,4543.57700425107,567.9471255313838,32,10368,10368,10240,10240,10240,10368,10240,10240,10240,10240,0,10240,10240,direct,learned_finite_interval_map,,False,False,False,,,,False,,0,0,0,0,0.0,,,,,,,,,,,,,,,,,,,,,,,1.007,6.6419,5.6349,"jax_device_memory_stats(peak_bytes_in_use)  [LIFETIME high-water mark: it has no reset API, so it can only over-report this job]",,,,unavailable,2,8,0,19.5891,6.97,42,0,seed=42|model=imf|rep=0,c136b139bc17dfba,3bf57218b76797cc,60a6dc5c91c914cc,source_imagenet_class,8.0,ok,,,2026-09-09T18:04:02.874424
stage2_imf_r2,f0ff45652a3e,box_inpainting__rhso__x1,box_inpainting__rhso__x1,box_inpaint,prob_4459e49fb12d0091,039_01_iguana,imf,meanflow,jax,latent,rhso,RHSO,1.0,1.0,0.0,1.0,0.0,meanflow_descending,pure_prior_noise,zero_fill,,,,,0.03125,0.03125,0.03125,,,,0.03,adam,,,half_mean_squared_per_measurement,,,,,,,80,32,0.0,not_applicable,not_applicable,method,not_applicable,not_applicable,method,21.42933034417974,0.7469958741143133,0.20024235546588898,0.10419435799121857,0.35240835962073913,15.079675874546572,0.14811412684541286,0.09375999776176758,26.58024814714829,27.503961494217513,0.827546941632692,0.10103151760995388,27.503961494217513,4543.57700425107,567.9471255313838,32,10368,10368,10240,10240,10240,10368,10240,10240,10240,10240,0,10240,10240,direct,learned_finite_interval_map,,False,False,False,,,,False,,0,0,0,0,0.0,,,,,,,,,,,,,,,,,,,,,,,1.007,6.6419,5.6349,"jax_device_memory_stats(peak_bytes_in_use)  [LIFETIME high-water mark: it has no reset API, so it can only over-report this job]",,,,unavailable,2,8,0,19.5891,6.97,42,0,seed=42|model=imf|rep=0,c136b139bc17dfba,3bf57218b76797cc,60a6dc5c91c914cc,source_imagenet_class,8.0,ok,,,2026-09-09T18:04:02.874424
stage2_imf_r2,f0ff45652a3e,box_inpainting__rhso__x1,box_inpainting__rhso__x1,box_inpaint,prob_4459e49fb12d0091,081_02_ptarmigan,imf,meanflow,jax,latent,rhso,RHSO,1.0,1.0,0.0,1.0,0.0,meanflow_descending,pure_prior_noise,zero_fill,,,,,0.03125,0.03125,0.03125,,,,0.03,adam,,,half_mean_squared_per_measurement,,,,,,,80,32,0.0,not_applicable,not_applicable,method,not_applicable,not_applicable,method,27.053725661059943,0.796125053092345,0.2036917358636856,0.10419435799121857,0.35240835962073913,15.079675874546572,0.14811412684541286,0.09375999776176758,26.58024814714829,27.503961494217513,0.827546941632692,0.10103151760995388,27.503961494217513,4543.57700425107,567.9471255313838,32,10368,10368,10240,10240,10240,10368,10240,10240,10240,10240,0,10240,10240,direct,learned_finite_interval_map,,False,False,False,,,,False,,0,0,0,0,0.0,,,,,,,,,,,,,,,,,,,,,,,1.007,6.6419,5.6349,"jax_device_memory_stats(peak_bytes_in_use)  [LIFETIME high-water mark: it has no reset API, so it can only over-report this job]",,,,unavailable,2,8,0,19.5891,6.97,42,0,seed=42|model=imf|rep=0,c136b139bc17dfba,3bf57218b76797cc,60a6dc5c91c914cc,source_imagenet_class,8.0,ok,,,2026-09-09T18:04:02.874424
stage2_imf_r2,f0ff45652a3e,box_inpainting__rhso__x1,box_inpainting__rhso__x1,box_inpaint,prob_4459e49fb12d0091,088_03_macaw,imf,meanflow,jax,latent,rhso,RHSO,1.0,1.0,0.0,1.0,0.0,meanflow_descending,pure_prior_noise,zero_fill,,,,,0.03125,0.03125,0.03125,,,,0.03,adam,,,half_mean_squared_per_measurement,,,,,,,80,32,0.0,not_applicable,not_applicable,method,not_applicable,not_applicable,method,26.772257936008707,0.8100316524464709,0.09167415648698807,0.10419435799121857,0.35240835962073913,15.079675874546572,0.14811412684541286,0.09375999776176758,26.58024814714829,27.503961494217513,0.827546941632692,0.10103151760995388,27.503961494217513,4543.57700425107,567.9471255313838,32,10368,10368,10240,10240,10240,10368,10240,10240,10240,10240,0,10240,10240,direct,learned_finite_interval_map,,False,False,False,,,,False,,0,0,0,0,0.0,,,,,,,,,,,,,,,,,,,,,,,1.007,6.6419,5.6349,"jax_device_memory_stats(peak_bytes_in_use)  [LIFETIME high-water mark: it has no reset API, so it can only over-report this job]",,,,unavailable,2,8,0,19.5891,6.97,42,0,seed=42|model=imf|rep=0,c136b139bc17dfba,3bf57218b76797cc,60a6dc5c91c914cc,source_imagenet_class,8.0,ok,,,2026-09-09T18:04:02.874424
stage2_imf_r2,f0ff45652a3e,box_inpainting__rhso__x1,box_inpainting__rhso__x1,box_inpaint,prob_4459e49fb12d0091,207_04_golden_retriever,imf,meanflow,jax,latent,rhso,RHSO,1.0,1.0,0.0,1.0,0.0,meanflow_descending,pure_prior_noise,zero_fill,,,,,0.03125,0.03125,0.03125,,,,0.03,adam,,,half_mean_squared_per_measurement,,,,,,,80,32,0.0,not_applicable,not_applicable,method,not_applicable,not_applicable,method,29.722087997840575,0.8430337465343819,0.1567912995815277,0.10419435799121857,0.35240835962073913,15.079675874546572,0.14811412684541286,0.09375999776176758,26.58024814714829,27.503961494217513,0.827546941632692,0.10103151760995388,27.503961494217513,4543.57700425107,567.9471255313838,32,10368,10368,10240,10240,10240,10368,10240,10240,10240,10240,0,10240,10240,direct,learned_finite_interval_map,,False,False,False,,,,False,,0,0,0,0,0.0,,,,,,,,,,,,,,,,,,,,,,,1.007,6.6419,5.6349,"jax_device_memory_stats(peak_bytes_in_use)  [LIFETIME high-water mark: it has no reset API, so it can only over-report this job]",,,,unavailable,2,8,0,19.5891,6.97,42,0,seed=42|model=imf|rep=0,c136b139bc17dfba,3bf57218b76797cc,60a6dc5c91c914cc,source_imagenet_class,8.0,ok,,,2026-09-09T18:04:02.874424
stage2_imf_r2,f0ff45652a3e,box_inpainting__rhso__x1,box_inpainting__rhso__x1,box_inpaint,prob_4459e49fb12d0091,281_05_tabby_cat,imf,meanflow,jax,latent,rhso,RHSO,1.0,1.0,0.0,1.0,0.0,meanflow_descending,pure_prior_noise,zero_fill,,,,,0.03125,0.03125,0.03125,,,,0.03,adam,,,half_mean_squared_per_measurement,,,,,,,80,32,0.0,not_applicable,not_applicable,method,not_applicable,not_applicable,method,27.98492886841027,0.8320818322460859,0.10078580677509308,0.10419435799121857,0.35240835962073913,15.079675874546572,0.14811412684541286,0.09375999776176758,26.58024814714829,27.503961494217513,0.827546941632692,0.10103151760995388,27.503961494217513,4543.57700425107,567.9471255313838,32,10368,10368,10240,10240,10240,10368,10240,10240,10240,10240,0,10240,10240,direct,learned_finite_interval_map,,False,False,False,,,,False,,0,0,0,0,0.0,,,,,,,,,,,,,,,,,,,,,,,1.007,6.6419,5.6349,"jax_device_memory_stats(peak_bytes_in_use)  [LIFETIME high-water mark: it has no reset API, so it can only over-report this job]",,,,unavailable,2,8,0,19.5891,6.97,42,0,seed=42|model=imf|rep=0,c136b139bc17dfba,3bf57218b76797cc,60a6dc5c91c914cc,source_imagenet_class,8.0,ok,,,2026-09-09T18:04:02.874424
stage2_imf_r2,f0ff45652a3e,box_inpainting__rhso__x1,box_inpainting__rhso__x1,box_inpaint,prob_4459e49fb12d0091,291_06_lion,imf,meanflow,jax,latent,rhso,RHSO,1.0,1.0,0.0,1.0,0.0,meanflow_descending,pure_prior_noise,zero_fill,,,,,0.03125,0.03125,0.03125,,,,0.03,adam,,,half_mean_squared_per_measurement,,,,,,,80,32,0.0,not_applicable,not_applicable,method,not_applicable,not_applicable,method,29.1218550054065,0.8225125171932647,0.19803811609745026,0.10419435799121857,0.35240835962073913,15.079675874546572,0.14811412684541286,0.09375999776176758,26.58024814714829,27.503961494217513,0.827546941632692,0.10103151760995388,27.503961494217513,4543.57700425107,567.9471255313838,32,10368,10368,10240,10240,10240,10368,10240,10240,10240,10240,0,10240,10240,direct,learned_finite_interval_map,,False,False,False,,,,False,,0,0,0,0,0.0,,,,,,,,,,,,,,,,,,,,,,,1.007,6.6419,5.6349,"jax_device_memory_stats(peak_bytes_in_use)  [LIFETIME high-water mark: it has no reset API, so it can only over-report this job]",,,,unavailable,2,8,0,19.5891,6.97,42,0,seed=42|model=imf|rep=0,c136b139bc17dfba,3bf57218b76797cc,60a6dc5c91c914cc,source_imagenet_class,8.0,ok,,,2026-09-09T18:04:02.874424
stage2_imf_r2,f0ff45652a3e,box_inpainting__rhso__x1,box_inpainting__rhso__x1,box_inpaint,prob_4459e49fb12d0091,323_07_monarch_butterfly,imf,meanflow,jax,latent,rhso,RHSO,1.0,1.0,0.0,1.0,0.0,meanflow_descending,pure_prior_noise,zero_fill,,,,,0.03125,0.03125,0.03125,,,,0.03,adam,,,half_mean_squared_per_measurement,,,,,,,80,32,0.0,not_applicable,not_applicable,method,not_applicable,not_applicable,method,23.68170903942476,0.7382736716568298,0.1800241619348526,0.10419435799121857,0.35240835962073913,15.079675874546572,0.14811412684541286,0.09375999776176758,26.58024814714829,27.503961494217513,0.827546941632692,0.10103151760995388,27.503961494217513,4543.57700425107,567.9471255313838,32,10368,10368,10240,10240,10240,10368,10240,10240,10240,10240,0,10240,10240,direct,learned_finite_interval_map,,False,False,False,,,,False,,0,0,0,0,0.0,,,,,,,,,,,,,,,,,,,,,,,1.007,6.6419,5.6349,"jax_device_memory_stats(peak_bytes_in_use)  [LIFETIME high-water mark: it has no reset API, so it can only over-report this job]",,,,unavailable,2,8,0,19.5891,6.97,42,0,seed=42|model=imf|rep=0,c136b139bc17dfba,3bf57218b76797cc,60a6dc5c91c914cc,source_imagenet_class,8.0,ok,,,2026-09-09T18:04:02.874424
