run_id,job_id,task,experiment,problem,problem_key,image_id,model,model_family,framework,state_space,method,method_title,t0,beta,canonical_start_time,native_start_time,native_end_time,native_time_mapping,initialization_kind,initialization_guide_mode,steps,solver,num_mpc_steps,delta,delta_nominal_uniform,delta_min,delta_max,K,lam,n_ctrl,lr,optimizer,warm_start,grad_clip,phi_normalization,control_cost_normalization,delta_t_lambda_scaling,num_pnp_steps,gamma0,alpha,noise_samples,num_opt_steps,num_rhso_steps,mu,hyperparameter_source_lam,hyperparameter_source_n_ctrl,hyperparameter_source_lr,hyperparameter_source_gamma0,hyperparameter_source_alpha,hyperparameter_source_mu,psnr,ssim,lpips,measurement_rmse,missing_rmse,missing_psnr,missing_ssim,observed_rmse,observed_psnr,degraded_psnr,degraded_ssim,degraded_lpips,guide_psnr,runtime,runtime_per_image,reconstruction_steps,network_forwards,model_evaluations,planning_model_evaluations,control_iterations,backprops_through_model,expected_model_evaluations,expected_backprops,objective_evaluations,data_gradient_evaluations,optimizer_iterations,denoiser_samples,expected_objective_evaluations,expected_data_gradients,rhso_terminal_mode,rhso_terminal_planner,rhso_consistency_kind,rhso_stage_diagnostics,rhso_consistency_diagnostics,rhso_jacobian_diagnostics,rhso_jacobian_probes,rhso_jacobian_power_iters,rhso_jacobian_seed,rhso_gradient_authority_diagnostics,measurement_noise_group,diagnostic_model_evaluations,diagnostic_network_forwards,diagnostic_jvps,diagnostic_vjps,diagnostic_seconds,stage_count,stage_delta_first,stage_delta_last,stage_delta_per_step_first,stage_delta_per_step_last,stage_theta_first,stage_theta_last,stage_v_pre_first,stage_v_post_last,endpoint_shift_native_relative_mean,endpoint_shift_pixel_rmse_mean,fidelity_shift_execution_mean,next_stage_recovery_mean,jacobian_sigma_max_first,jacobian_sigma_max_last,jacobian_log_anisotropy_first,jacobian_log_anisotropy_last,gradient_aligned_authority_first,gradient_aligned_authority_last,gradient_aligned_authority_mean,endpoint_fidelity_grad_norm_mean,state_fidelity_grad_norm_mean,gpu_baseline_gib,gpu_peak_gib,gpu_incremental_peak_gib,gpu_memory_source,gpu_process_baseline_gib,gpu_process_peak_gib,gpu_process_incremental_peak_gib,gpu_process_memory_source,batch_size,num_images,padded_items,warmup_seconds,model_load_seconds,seed,replicate,generative_noise_id,measurement_id,guide_id,initial_state_fingerprint,conditioning_label,cfg_scale,status,failure,output_dir,timestamp
stage2_pmf,447e27185651,denoising__sdedit__c1,denoising__sdedit__c1,denoising,prob_114badd1eeb1e559,ALL,pmf,meanflow,jax,pixel,sdedit,SDEdit,1.0,1.0,0.0,1.0,0.0,meanflow_descending,pure_prior_noise,identity,1,,,,1.0,1.0,1.0,,,,,,,,,,,,,,,,,,not_applicable,not_applicable,not_applicable,not_applicable,not_applicable,not_applicable,9.407303578598258,0.02289314944216632,0.7175162509083748,0.7473037838935852,,,,,,20.460494989421008,0.40600529352712283,0.4711836613714695,20.460494989421008,0.15924376714974642,0.019905470893718302,1,2,2,0,0,0,2,0,0,0,0,0,0,0,,,,,,,,,,,,0,0,0,0,0.0,,,,,,,,,,,,,,,,,,,,,,,1.5871,8.0,6.4129,"jax_device_memory_stats(peak_bytes_in_use)  [LIFETIME high-water mark: it has no reset API, so it can only over-report this job]",,,,unavailable,4,8,0,0.0963,28.93,42,0,seed=42|model=pmf|rep=0,a5f596e7c82cd3db,2b589d88aa3382a8,f20a75fb006ed8cc,source_imagenet_class,7.0,ok,,,2026-09-09T12:22:08.776003
stage2_pmf,231e28232080,denoising__sdedit__c2,denoising__sdedit__c2,denoising,prob_114badd1eeb1e559,ALL,pmf,meanflow,jax,pixel,sdedit,SDEdit,1.0,1.0,0.0,1.0,0.0,meanflow_descending,pure_prior_noise,identity,2,,,,0.5,0.5,0.5,,,,,,,,,,,,,,,,,,not_applicable,not_applicable,not_applicable,not_applicable,not_applicable,not_applicable,9.345331010307149,0.018918637487890258,0.7135526463389397,0.7509838938713074,,,,,,20.460494989421008,0.40600529352712283,0.4711836613714695,20.460494989421008,0.3100709691643715,0.038758871145546436,2,4,4,0,0,0,4,0,0,0,0,0,0,0,,,,,,,,,,,,0,0,0,0,0.0,,,,,,,,,,,,,,,,,,,,,,,1.5871,8.0,6.4129,"jax_device_memory_stats(peak_bytes_in_use)  [LIFETIME high-water mark: it has no reset API, so it can only over-report this job]",,,,unavailable,4,8,0,0.1814,28.93,42,0,seed=42|model=pmf|rep=0,a5f596e7c82cd3db,2b589d88aa3382a8,f20a75fb006ed8cc,source_imagenet_class,7.0,ok,,,2026-09-09T12:22:10.045058
stage2_pmf,ad8aede7adac,denoising__sdedit__c3,denoising__sdedit__c3,denoising,prob_114badd1eeb1e559,ALL,pmf,meanflow,jax,pixel,sdedit,SDEdit,1.0,1.0,0.0,1.0,0.0,meanflow_descending,pure_prior_noise,identity,4,,,,0.25,0.25,0.25,,,,,,,,,,,,,,,,,,not_applicable,not_applicable,not_applicable,not_applicable,not_applicable,not_applicable,9.259562586426785,0.017496156754925867,0.7164966240525246,0.7569249272346497,,,,,,20.460494989421008,0.40600529352712283,0.4711836613714695,20.460494989421008,0.19969270192086697,0.02496158774010837,4,8,8,0,0,0,8,0,0,0,0,0,0,0,,,,,,,,,,,,0,0,0,0,0.0,,,,,,,,,,,,,,,,,,,,,,,1.5871,8.0,6.4129,"jax_device_memory_stats(peak_bytes_in_use)  [LIFETIME high-water mark: it has no reset API, so it can only over-report this job]",,,,unavailable,4,8,0,0.1809,28.93,42,0,seed=42|model=pmf|rep=0,a5f596e7c82cd3db,2b589d88aa3382a8,f20a75fb006ed8cc,source_imagenet_class,7.0,ok,,,2026-09-09T12:22:11.176264
stage2_pmf,f0ba0a1a6b3d,denoising__pnp__c1,denoising__pnp__c1,denoising,prob_114badd1eeb1e559,ALL,pmf,meanflow,jax,pixel,pnp,PnP-Flow,1.0,1.0,0.0,1.0,0.0,meanflow_descending,pure_prior_noise,identity,,,,,0.09090909090909091,0.09090909090909083,0.09090909090909094,,,,,,,,half_mean_squared_per_measurement,,,10,200000.0,0.1,1,,,,not_applicable,not_applicable,not_applicable,method,method,not_applicable,27.305592457011432,0.81001261927849,0.07872081408277154,0.20767119526863098,,,,,,20.460494989421008,0.40600529352712283,0.4711836613714695,20.460494989421008,2.734353373758495,0.34179417171981186,10,22,22,0,0,0,22,0,20,20,0,22,20,20,,,,,,,,,,,,0,0,0,0,0.0,,,,,,,,,,,,,,,,,,,,,,,1.5871,8.0,6.4129,"jax_device_memory_stats(peak_bytes_in_use)  [LIFETIME high-water mark: it has no reset API, so it can only over-report this job]",,,,unavailable,4,8,0,1.6234,28.93,42,0,seed=42|model=pmf|rep=0,a5f596e7c82cd3db,2b589d88aa3382a8,f20a75fb006ed8cc,source_imagenet_class,7.0,ok,,,2026-09-09T12:14:57.443816
stage2_pmf,65f6ca9ebede,denoising__pnp__c2,denoising__pnp__c2,denoising,prob_114badd1eeb1e559,ALL,pmf,meanflow,jax,pixel,pnp,PnP-Flow,1.0,1.0,0.0,1.0,0.0,meanflow_descending,pure_prior_noise,identity,,,,,0.09090909090909091,0.09090909090909083,0.09090909090909094,,,,,,,,half_mean_squared_per_measurement,,,10,400000.0,0.5,1,,,,not_applicable,not_applicable,not_applicable,method,method,not_applicable,27.549837524518807,0.806110669463395,0.08059405209496617,0.20771083235740662,,,,,,20.460494989421008,0.40600529352712283,0.4711836613714695,20.460494989421008,2.7558761797845364,0.34448452247306705,10,22,22,0,0,0,22,0,20,20,0,22,20,20,,,,,,,,,,,,0,0,0,0,0.0,,,,,,,,,,,,,,,,,,,,,,,1.5871,8.0,6.4129,"jax_device_memory_stats(peak_bytes_in_use)  [LIFETIME high-water mark: it has no reset API, so it can only over-report this job]",,,,unavailable,4,8,0,1.6234,28.93,42,0,seed=42|model=pmf|rep=0,a5f596e7c82cd3db,2b589d88aa3382a8,f20a75fb006ed8cc,source_imagenet_class,7.0,ok,,,2026-09-09T12:15:00.956559
stage2_pmf,a79fbfdf310f,denoising__pnp__c3,denoising__pnp__c3,denoising,prob_114badd1eeb1e559,ALL,pmf,meanflow,jax,pixel,pnp,PnP-Flow,1.0,1.0,0.0,1.0,0.0,meanflow_descending,pure_prior_noise,identity,,,,,0.09090909090909091,0.09090909090909083,0.09090909090909094,,,,,,,,half_mean_squared_per_measurement,,,10,800000.0,0.75,1,,,,not_applicable,not_applicable,not_applicable,method,method,not_applicable,27.174779114587743,0.7980968232284111,0.08163017686456442,0.2081543356180191,,,,,,20.460494989421008,0.40600529352712283,0.4711836613714695,20.460494989421008,2.717822616919875,0.3397278271149844,10,22,22,0,0,0,22,0,20,20,0,22,20,20,,,,,,,,,,,,0,0,0,0,0.0,,,,,,,,,,,,,,,,,,,,,,,1.5871,8.0,6.4129,"jax_device_memory_stats(peak_bytes_in_use)  [LIFETIME high-water mark: it has no reset API, so it can only over-report this job]",,,,unavailable,4,8,0,1.6234,28.93,42,0,seed=42|model=pmf|rep=0,a5f596e7c82cd3db,2b589d88aa3382a8,f20a75fb006ed8cc,source_imagenet_class,7.0,ok,,,2026-09-09T12:15:04.430459
stage2_pmf,2d58418533d9,denoising__pnp__c4,denoising__pnp__c4,denoising,prob_114badd1eeb1e559,ALL,pmf,meanflow,jax,pixel,pnp,PnP-Flow,1.0,1.0,0.0,1.0,0.0,meanflow_descending,pure_prior_noise,identity,,,,,0.0196078431372549,0.019607843137254832,0.019607843137254943,,,,,,,,half_mean_squared_per_measurement,,,50,800000.0,0.75,1,,,,not_applicable,not_applicable,not_applicable,method,method,not_applicable,27.212816364985663,0.7468314044629072,0.11444413056597114,0.17538991570472717,,,,,,20.460494989421008,0.40600529352712283,0.4711836613714695,20.460494989421008,12.829232357442379,1.6036540446802974,50,102,102,0,0,0,102,0,100,100,0,102,100,100,,,,,,,,,,,,0,0,0,0,0.0,,,,,,,,,,,,,,,,,,,,,,,1.5871,8.0,6.4129,"jax_device_memory_stats(peak_bytes_in_use)  [LIFETIME high-water mark: it has no reset API, so it can only over-report this job]",,,,unavailable,4,8,0,6.3634,28.93,42,0,seed=42|model=pmf|rep=0,a5f596e7c82cd3db,2b589d88aa3382a8,f20a75fb006ed8cc,source_imagenet_class,7.0,ok,,,2026-09-09T12:15:24.380039
stage2_pmf,ed7bebad7bc9,denoising__dflow__c1,denoising__dflow__c1,denoising,prob_114badd1eeb1e559,ALL,pmf,meanflow,jax,pixel,dflow,D-Flow,1.0,1.0,0.0,1.0,0.0,meanflow_descending,pure_prior_noise,identity,1,,,,1.0,1.0,1.0,,,,0.1,adam,,,half_mean_squared_per_measurement,,,,,,,640,,,not_applicable,not_applicable,method,not_applicable,not_applicable,not_applicable,25.643940488860977,0.6740594173403406,0.24988728016614914,0.22760024666786194,,,,,,20.460494989421008,0.40600529352712283,0.4711836613714695,20.460494989421008,360.8492002496496,45.1061500312062,1,1282,1282,1280,1280,1280,1282,1280,1280,1280,1280,0,1282,1280,,,,,,,,,,,,0,0,0,0,0.0,,,,,,,,,,,,,,,,,,,,,,,1.5832,8.0,6.4168,"jax_device_memory_stats(peak_bytes_in_use)  [LIFETIME high-water mark: it has no reset API, so it can only over-report this job]",,,,unavailable,4,8,0,0.4256,20.54,42,0,seed=42|model=pmf|rep=0,a5f596e7c82cd3db,2b589d88aa3382a8,f20a75fb006ed8cc,source_imagenet_class,7.0,ok,,,2026-09-09T12:34:32.145141
stage2_pmf,65e8eb06659a,denoising__dflow__c2,denoising__dflow__c2,denoising,prob_114badd1eeb1e559,ALL,pmf,meanflow,jax,pixel,dflow,D-Flow,1.0,1.0,0.0,1.0,0.0,meanflow_descending,pure_prior_noise,identity,1,,,,1.0,1.0,1.0,,,,0.03,adam,,,half_mean_squared_per_measurement,,,,,,,640,,,not_applicable,not_applicable,method,not_applicable,not_applicable,not_applicable,26.37252337718362,0.7080876306812013,0.22588702011853456,0.2273545265197754,,,,,,20.460494989421008,0.40600529352712283,0.4711836613714695,20.460494989421008,342.19885997101665,42.77485749637708,1,1282,1282,1280,1280,1280,1282,1280,1280,1280,1280,0,1282,1280,,,,,,,,,,,,0,0,0,0,0.0,,,,,,,,,,,,,,,,,,,,,,,1.5832,8.0,6.4168,"jax_device_memory_stats(peak_bytes_in_use)  [LIFETIME high-water mark: it has no reset API, so it can only over-report this job]",,,,unavailable,4,8,0,0.4256,20.54,42,0,seed=42|model=pmf|rep=0,a5f596e7c82cd3db,2b589d88aa3382a8,f20a75fb006ed8cc,source_imagenet_class,7.0,ok,,,2026-09-09T12:40:15.173693
stage2_pmf,c41d520be876,denoising__dflow__c3,denoising__dflow__c3,denoising,prob_114badd1eeb1e559,ALL,pmf,meanflow,jax,pixel,dflow,D-Flow,1.0,1.0,0.0,1.0,0.0,meanflow_descending,pure_prior_noise,identity,1,,,,1.0,1.0,1.0,,,,0.1,adam,,,half_mean_squared_per_measurement,,,,,,,320,,,not_applicable,not_applicable,method,not_applicable,not_applicable,not_applicable,26.339244395471535,0.7068170831134892,0.21005901880562305,0.21090061962604523,,,,,,20.460494989421008,0.40600529352712283,0.4711836613714695,20.460494989421008,171.1438486566767,21.39298108208459,1,642,642,640,640,640,642,640,640,640,640,0,642,640,,,,,,,,,,,,0,0,0,0,0.0,,,,,,,,,,,,,,,,,,,,,,,1.5832,8.0,6.4168,"jax_device_memory_stats(peak_bytes_in_use)  [LIFETIME high-water mark: it has no reset API, so it can only over-report this job]",,,,unavailable,4,8,0,0.4256,20.54,42,0,seed=42|model=pmf|rep=0,a5f596e7c82cd3db,2b589d88aa3382a8,f20a75fb006ed8cc,source_imagenet_class,7.0,ok,,,2026-09-09T12:43:07.135934
stage2_pmf,ad9492d71213,denoising__dflow__c4,denoising__dflow__c4,denoising,prob_114badd1eeb1e559,ALL,pmf,meanflow,jax,pixel,dflow,D-Flow,1.0,1.0,0.0,1.0,0.0,meanflow_descending,pure_prior_noise,identity,1,,,,1.0,1.0,1.0,,,,0.03,adam,,,half_mean_squared_per_measurement,,,,,,,320,,,not_applicable,not_applicable,method,not_applicable,not_applicable,not_applicable,25.067563074867977,0.6627001289044516,0.2978314869105816,0.23244023323059082,,,,,,20.460494989421008,0.40600529352712283,0.4711836613714695,20.460494989421008,168.62221348658204,21.077776685822755,1,642,642,640,640,640,642,640,640,640,640,0,642,640,,,,,,,,,,,,0,0,0,0,0.0,,,,,,,,,,,,,,,,,,,,,,,1.5832,8.0,6.4168,"jax_device_memory_stats(peak_bytes_in_use)  [LIFETIME high-water mark: it has no reset API, so it can only over-report this job]",,,,unavailable,4,8,0,0.4256,20.54,42,0,seed=42|model=pmf|rep=0,a5f596e7c82cd3db,2b589d88aa3382a8,f20a75fb006ed8cc,source_imagenet_class,7.0,ok,,,2026-09-09T12:45:56.532798
stage2_pmf,dffbf7321bec,denoising__dflow__c5,denoising__dflow__c5,denoising,prob_114badd1eeb1e559,ALL,pmf,meanflow,jax,pixel,dflow,D-Flow,1.0,1.0,0.0,1.0,0.0,meanflow_descending,pure_prior_noise,identity,1,,,,1.0,1.0,1.0,,,,0.1,adam,,,half_mean_squared_per_measurement,,,,,,,1280,,,not_applicable,not_applicable,method,not_applicable,not_applicable,not_applicable,27.169309922366494,0.7386287260656068,0.17707651760429144,0.202610045671463,,,,,,20.460494989421008,0.40600529352712283,0.4711836613714695,20.460494989421008,661.6442622635514,82.70553278294392,1,2562,2562,2560,2560,2560,2562,2560,2560,2560,2560,0,2562,2560,,,,,,,,,,,,0,0,0,0,0.0,,,,,,,,,,,,,,,,,,,,,,,1.5832,8.0,6.4168,"jax_device_memory_stats(peak_bytes_in_use)  [LIFETIME high-water mark: it has no reset API, so it can only over-report this job]",,,,unavailable,4,8,0,0.4256,20.54,42,0,seed=42|model=pmf|rep=0,a5f596e7c82cd3db,2b589d88aa3382a8,f20a75fb006ed8cc,source_imagenet_class,7.0,ok,,,2026-09-09T12:56:59.021513
stage2_pmf,67c28669fa19,denoising__mpc_rhc__c1,denoising__mpc_rhc__c1,denoising,prob_114badd1eeb1e559,ALL,pmf,meanflow,jax,pixel,mpc_rhc,MPC-RHC (K=2),1.0,1.0,0.0,1.0,0.0,meanflow_descending,pure_prior_noise,identity,,,4,0.25,0.25,0.25,0.25,2,15.0,40,0.2,adam,False,,half_sum_squared,sum_squared,,,,,,,,,method,method,method,not_applicable,not_applicable,not_applicable,28.550455851742864,0.8044909797687293,0.10708926897495985,0.2060798853635788,,,,,,20.460494989421008,0.40600529352712283,0.4711836613714695,20.460494989421008,344.11480349022895,43.01435043627862,4,672,672,640,640,640,672,640,0,0,0,0,640,0,,,,,,,,,,,,0,0,0,0,0.0,,,,,,,,,,,,,,,,,,,,,,,1.5857,8.0,6.4143,"jax_device_memory_stats(peak_bytes_in_use)  [LIFETIME high-water mark: it has no reset API, so it can only over-report this job]",,,,unavailable,2,8,0,4.7286,28.93,42,0,seed=42|model=pmf|rep=0,a5f596e7c82cd3db,2b589d88aa3382a8,3249b4011135d6ae,source_imagenet_class,7.0,ok,,,2026-09-09T12:03:48.869417
stage2_pmf,e9360af3bc61,denoising__mpc_rhc__c2,denoising__mpc_rhc__c2,denoising,prob_114badd1eeb1e559,ALL,pmf,meanflow,jax,pixel,mpc_rhc,MPC-RHC (K=2),1.0,1.0,0.0,1.0,0.0,meanflow_descending,pure_prior_noise,identity,,,4,0.25,0.25,0.25,0.25,2,30.0,40,0.1,adam,False,,half_sum_squared,sum_squared,,,,,,,,,method,method,method,not_applicable,not_applicable,not_applicable,28.1786099417681,0.7930689581020722,0.10520679038017988,0.20438319444656372,,,,,,20.460494989421008,0.40600529352712283,0.4711836613714695,20.460494989421008,264.4351180251688,33.0543897531461,4,672,672,640,640,640,672,640,0,0,0,0,640,0,,,,,,,,,,,,0,0,0,0,0.0,,,,,,,,,,,,,,,,,,,,,,,1.5857,8.0,6.4143,"jax_device_memory_stats(peak_bytes_in_use)  [LIFETIME high-water mark: it has no reset API, so it can only over-report this job]",,,,unavailable,2,8,0,4.7286,28.93,42,0,seed=42|model=pmf|rep=0,a5f596e7c82cd3db,2b589d88aa3382a8,3249b4011135d6ae,source_imagenet_class,7.0,ok,,,2026-09-09T12:08:14.148236
stage2_pmf,9f35dde119a0,denoising__mpc_rhc__c3,denoising__mpc_rhc__c3,denoising,prob_114badd1eeb1e559,ALL,pmf,meanflow,jax,pixel,mpc_rhc,MPC-RHC (K=2),1.0,1.0,0.0,1.0,0.0,meanflow_descending,pure_prior_noise,identity,,,4,0.25,0.25,0.25,0.25,2,15.0,40,0.1,adam,False,,half_sum_squared,sum_squared,,,,,,,,,method,method,method,not_applicable,not_applicable,not_applicable,28.2295562166154,0.7886770756050492,0.11499486863613129,0.20727945864200592,,,,,,20.460494989421008,0.40600529352712283,0.4711836613714695,20.460494989421008,208.1553557338193,26.019419466727413,4,672,672,640,640,640,672,640,0,0,0,0,640,0,,,,,,,,,,,,0,0,0,0,0.0,,,,,,,,,,,,,,,,,,,,,,,1.5857,8.0,6.4143,"jax_device_memory_stats(peak_bytes_in_use)  [LIFETIME high-water mark: it has no reset API, so it can only over-report this job]",,,,unavailable,2,8,0,4.7286,28.93,42,0,seed=42|model=pmf|rep=0,a5f596e7c82cd3db,2b589d88aa3382a8,3249b4011135d6ae,source_imagenet_class,7.0,ok,,,2026-09-09T12:11:43.115194
stage2_pmf,b3ae1b7f1548,denoising__mpc_rhc__c4,denoising__mpc_rhc__c4,denoising,prob_114badd1eeb1e559,ALL,pmf,meanflow,jax,pixel,mpc_rhc,MPC-RHC (K=2),1.0,1.0,0.0,1.0,0.0,meanflow_descending,pure_prior_noise,identity,,,4,0.25,0.25,0.25,0.25,2,15.0,40,0.43,adam,False,,half_sum_squared,sum_squared,,,,,,,,,method,method,method,not_applicable,not_applicable,not_applicable,27.414775708332783,0.7334960796341454,0.18324097618460655,0.21053935587406158,,,,,,20.460494989421008,0.40600529352712283,0.4711836613714695,20.460494989421008,188.39778643008322,23.549723303760402,4,672,672,640,640,640,672,640,0,0,0,0,640,0,,,,,,,,,,,,0,0,0,0,0.0,,,,,,,,,,,,,,,,,,,,,,,1.5857,8.0,6.4143,"jax_device_memory_stats(peak_bytes_in_use)  [LIFETIME high-water mark: it has no reset API, so it can only over-report this job]",,,,unavailable,2,8,0,4.7286,28.93,42,0,seed=42|model=pmf|rep=0,a5f596e7c82cd3db,2b589d88aa3382a8,3249b4011135d6ae,source_imagenet_class,7.0,ok,,,2026-09-09T12:14:52.378952
stage2_pmf,93703349bd6c,denoising__mpc_delta_t__c1,denoising__mpc_delta_t__c1,denoising,prob_114badd1eeb1e559,ALL,pmf,meanflow,jax,pixel,mpc_delta_t,MPC-delta_t,1.0,1.0,0.0,1.0,0.0,meanflow_descending,pure_prior_noise,identity,,,8,0.125,0.125,0.125,0.125,,30.0,40,0.3,adam,False,,half_sum_squared,sum_squared,none,,,,,,,,method,method,method,not_applicable,not_applicable,not_applicable,27.453805117809253,0.7201602925954942,0.17069354373961687,0.17784103751182556,,,,,,20.460494989421008,0.40600529352712283,0.4711836613714695,20.460494989421008,160.17038282193244,20.021297852741554,8,576,576,560,640,560,576,560,0,0,0,0,640,0,,,,,,,,,,,,0,0,0,0,0.0,,,,,,,,,,,,,,,,,,,,,,,1.5832,8.0,6.4168,"jax_device_memory_stats(peak_bytes_in_use)  [LIFETIME high-water mark: it has no reset API, so it can only over-report this job]",,,,unavailable,4,8,0,3.2102,20.54,42,0,seed=42|model=pmf|rep=0,a5f596e7c82cd3db,2b589d88aa3382a8,f20a75fb006ed8cc,source_imagenet_class,7.0,ok,,,2026-09-09T12:59:43.170263
stage2_pmf,f0d1a214ea34,denoising__mpc_delta_t__c2,denoising__mpc_delta_t__c2,denoising,prob_114badd1eeb1e559,ALL,pmf,meanflow,jax,pixel,mpc_delta_t,MPC-delta_t,1.0,1.0,0.0,1.0,0.0,meanflow_descending,pure_prior_noise,identity,,,8,0.125,0.125,0.125,0.125,,30.0,40,0.15,adam,False,,half_sum_squared,sum_squared,none,,,,,,,,method,method,method,not_applicable,not_applicable,not_applicable,27.467758096475908,0.7218023011156603,0.16784688737243414,0.1778077930212021,,,,,,20.460494989421008,0.40600529352712283,0.4711836613714695,20.460494989421008,124.92161964159459,15.615202455199324,8,576,576,560,640,560,576,560,0,0,0,0,640,0,,,,,,,,,,,,0,0,0,0,0.0,,,,,,,,,,,,,,,,,,,,,,,1.5832,8.0,6.4168,"jax_device_memory_stats(peak_bytes_in_use)  [LIFETIME high-water mark: it has no reset API, so it can only over-report this job]",,,,unavailable,4,8,0,3.2102,20.54,42,0,seed=42|model=pmf|rep=0,a5f596e7c82cd3db,2b589d88aa3382a8,f20a75fb006ed8cc,source_imagenet_class,7.0,ok,,,2026-09-09T13:01:48.823929
stage2_pmf,c4f33f097982,denoising__mpc_delta_t__c3,denoising__mpc_delta_t__c3,denoising,prob_114badd1eeb1e559,ALL,pmf,meanflow,jax,pixel,mpc_delta_t,MPC-delta_t,1.0,1.0,0.0,1.0,0.0,meanflow_descending,pure_prior_noise,identity,,,8,0.125,0.125,0.125,0.125,,30.0,20,0.15,adam,False,,half_sum_squared,sum_squared,none,,,,,,,,method,method,method,not_applicable,not_applicable,not_applicable,27.380648703455172,0.7216395078502069,0.1669738134369254,0.1812102347612381,,,,,,20.460494989421008,0.40600529352712283,0.4711836613714695,20.460494989421008,41.506671568378806,5.188333946047351,8,296,296,280,320,280,296,280,0,0,0,0,320,0,,,,,,,,,,,,0,0,0,0,0.0,,,,,,,,,,,,,,,,,,,,,,,1.583,8.0,6.417,"jax_device_memory_stats(peak_bytes_in_use)  [LIFETIME high-water mark: it has no reset API, so it can only over-report this job]",,,,unavailable,4,8,0,3.2102,20.54,42,0,seed=42|model=pmf|rep=0,a5f596e7c82cd3db,2b589d88aa3382a8,f20a75fb006ed8cc,source_imagenet_class,7.0,ok,,,2026-09-09T13:02:31.081508
stage2_pmf,39f2f512d0d5,denoising__mpc_delta_t__c4,denoising__mpc_delta_t__c4,denoising,prob_114badd1eeb1e559,ALL,pmf,meanflow,jax,pixel,mpc_delta_t,MPC-delta_t,1.0,1.0,0.0,1.0,0.0,meanflow_descending,pure_prior_noise,identity,,,8,0.125,0.125,0.125,0.125,,30.0,40,0.1,adam,False,,half_sum_squared,sum_squared,none,,,,,,,,method,method,method,not_applicable,not_applicable,not_applicable,27.439688495208852,0.7201019584755073,0.16932235937565565,0.17773883044719696,,,,,,20.460494989421008,0.40600529352712283,0.4711836613714695,20.460494989421008,83.15719473641366,10.394649342051707,8,576,576,560,640,560,576,560,0,0,0,0,640,0,,,,,,,,,,,,0,0,0,0,0.0,,,,,,,,,,,,,,,,,,,,,,,1.5832,8.0,6.4168,"jax_device_memory_stats(peak_bytes_in_use)  [LIFETIME high-water mark: it has no reset API, so it can only over-report this job]",,,,unavailable,4,8,0,3.2102,20.54,42,0,seed=42|model=pmf|rep=0,a5f596e7c82cd3db,2b589d88aa3382a8,f20a75fb006ed8cc,source_imagenet_class,7.0,ok,,,2026-09-09T13:03:54.943684
stage2_pmf,0c5896c69aa5,denoising__mpc_delta_t__c5,denoising__mpc_delta_t__c5,denoising,prob_114badd1eeb1e559,ALL,pmf,meanflow,jax,pixel,mpc_delta_t,MPC-delta_t,1.0,1.0,0.0,1.0,0.0,meanflow_descending,pure_prior_noise,identity,,,16,0.0625,0.0625,0.0625,0.0625,,30.0,40,0.3,adam,False,,half_sum_squared,sum_squared,none,,,,,,,,method,method,method,not_applicable,not_applicable,not_applicable,25.241924378286875,0.6566301884943913,0.2970983386039734,0.221400186419487,,,,,,20.460494989421008,0.40600529352712283,0.4711836613714695,20.460494989421008,166.870233126916,20.8587791408645,16,1232,1232,1200,1280,1200,1232,1200,0,0,0,0,1280,0,,,,,,,,,,,,0,0,0,0,0.0,,,,,,,,,,,,,,,,,,,,,,,1.5832,8.0,6.4168,"jax_device_memory_stats(peak_bytes_in_use)  [LIFETIME high-water mark: it has no reset API, so it can only over-report this job]",,,,unavailable,4,8,0,2.7436,20.54,42,0,seed=42|model=pmf|rep=0,a5f596e7c82cd3db,2b589d88aa3382a8,f20a75fb006ed8cc,source_imagenet_class,7.0,ok,,,2026-09-09T13:06:45.331825
stage2_pmf,7b0951259fb2,denoising__mpc_delta_t__c6,denoising__mpc_delta_t__c6,denoising,prob_114badd1eeb1e559,ALL,pmf,meanflow,jax,pixel,mpc_delta_t,MPC-delta_t,1.0,1.0,0.0,1.0,0.0,meanflow_descending,pure_prior_noise,identity,,,8,0.125,0.125,0.125,0.125,,30.0,80,0.3,adam,False,,half_sum_squared,sum_squared,none,,,,,,,,method,method,method,not_applicable,not_applicable,not_applicable,27.430714865900647,0.7188820950961405,0.1718631898984313,0.17805269360542297,,,,,,20.460494989421008,0.40600529352712283,0.4711836613714695,20.460494989421008,155.87612644210458,19.484515805263072,8,1136,1136,1120,1280,1120,1136,1120,0,0,0,0,1280,0,,,,,,,,,,,,0,0,0,0,0.0,,,,,,,,,,,,,,,,,,,,,,,1.5832,8.0,6.4168,"jax_device_memory_stats(peak_bytes_in_use)  [LIFETIME high-water mark: it has no reset API, so it can only over-report this job]",,,,unavailable,4,8,0,3.2102,20.54,42,0,seed=42|model=pmf|rep=0,a5f596e7c82cd3db,2b589d88aa3382a8,f20a75fb006ed8cc,source_imagenet_class,7.0,ok,,,2026-09-09T13:09:22.060656
stage2_pmf,0a61eafc41f3,denoising__mpc_delta_t__c7,denoising__mpc_delta_t__c7,denoising,prob_114badd1eeb1e559,ALL,pmf,meanflow,jax,pixel,mpc_delta_t,MPC-delta_t,1.0,1.0,0.0,1.0,0.0,meanflow_descending,pure_prior_noise,identity,,,8,0.125,0.125,0.125,0.125,,30.0,40,0.55,adam,False,,half_sum_squared,sum_squared,none,,,,,,,,method,method,method,not_applicable,not_applicable,not_applicable,27.245674126939058,0.7130732644912195,0.1837502671405673,0.1796593815088272,,,,,,20.460494989421008,0.40600529352712283,0.4711836613714695,20.460494989421008,383.262607075274,47.90782588440925,8,576,576,560,640,560,576,560,0,0,0,0,640,0,,,,,,,,,,,,0,0,0,0,0.0,,,,,,,,,,,,,,,,,,,,,,,1.5871,8.0,6.4129,"jax_device_memory_stats(peak_bytes_in_use)  [LIFETIME high-water mark: it has no reset API, so it can only over-report this job]",,,,unavailable,4,8,0,57.1719,28.93,42,0,seed=42|model=pmf|rep=0,a5f596e7c82cd3db,2b589d88aa3382a8,f20a75fb006ed8cc,source_imagenet_class,7.0,ok,,,2026-09-09T11:57:59.193854
stage2_pmf,6e68d1c791ac,denoising__rhso__c1,denoising__rhso__c1,denoising,prob_114badd1eeb1e559,ALL,pmf,meanflow,jax,pixel,rhso,RHSO,1.0,1.0,0.0,1.0,0.0,meanflow_descending,pure_prior_noise,identity,,,,,0.25,0.25,0.25,,,,0.05,adam,,,half_mean_squared_per_measurement,,,,,,,40,4,1.0,not_applicable,not_applicable,method,not_applicable,not_applicable,method,28.3373386987624,0.7975519597559397,0.09135584253817797,0.20566780865192413,,,,,,20.460494989421008,0.40600529352712283,0.4711836613714695,20.460494989421008,88.04759539756924,11.005949424696155,4,328,328,320,320,320,328,320,320,320,320,0,320,320,direct,learned_finite_interval_map,,False,False,False,,,,False,,0,0,0,0,0.0,,,,,,,,,,,,,,,,,,,,,,,1.5871,8.0,6.4129,"jax_device_memory_stats(peak_bytes_in_use)  [LIFETIME high-water mark: it has no reset API, so it can only over-report this job]",,,,unavailable,4,8,0,6.8849,28.93,42,0,seed=42|model=pmf|rep=0,a5f596e7c82cd3db,2b589d88aa3382a8,f20a75fb006ed8cc,source_imagenet_class,7.0,ok,,,2026-09-09T12:16:59.999143
stage2_pmf,835f133d0b06,denoising__rhso__c2,denoising__rhso__c2,denoising,prob_114badd1eeb1e559,ALL,pmf,meanflow,jax,pixel,rhso,RHSO,1.0,1.0,0.0,1.0,0.0,meanflow_descending,pure_prior_noise,identity,,,,,0.25,0.25,0.25,,,,0.03,adam,,,half_mean_squared_per_measurement,,,,,,,40,4,1.0,not_applicable,not_applicable,method,not_applicable,not_applicable,method,28.323384515782024,0.7974941888396392,0.09051844337955117,0.20733435451984406,,,,,,20.460494989421008,0.40600529352712283,0.4711836613714695,20.460494989421008,78.467204939574,9.80840061744675,4,328,328,320,320,320,328,320,320,320,320,0,320,320,direct,learned_finite_interval_map,,False,False,False,,,,False,,0,0,0,0,0.0,,,,,,,,,,,,,,,,,,,,,,,1.5871,8.0,6.4129,"jax_device_memory_stats(peak_bytes_in_use)  [LIFETIME high-water mark: it has no reset API, so it can only over-report this job]",,,,unavailable,4,8,0,6.8849,28.93,42,0,seed=42|model=pmf|rep=0,a5f596e7c82cd3db,2b589d88aa3382a8,f20a75fb006ed8cc,source_imagenet_class,7.0,ok,,,2026-09-09T12:18:19.229186
stage2_pmf,f0d7ba606b6d,denoising__rhso__c3,denoising__rhso__c3,denoising,prob_114badd1eeb1e559,ALL,pmf,meanflow,jax,pixel,rhso,RHSO,1.0,1.0,0.0,1.0,0.0,meanflow_descending,pure_prior_noise,identity,,,,,0.25,0.25,0.25,,,,0.02,adam,,,half_mean_squared_per_measurement,,,,,,,40,4,1.0,not_applicable,not_applicable,method,not_applicable,not_applicable,method,28.349260966912937,0.7966876232083485,0.09148331498727202,0.20813368260860443,,,,,,20.460494989421008,0.40600529352712283,0.4711836613714695,20.460494989421008,74.91281095519662,9.364101369399577,4,328,328,320,320,320,328,320,320,320,320,0,320,320,direct,learned_finite_interval_map,,False,False,False,,,,False,,0,0,0,0,0.0,,,,,,,,,,,,,,,,,,,,,,,1.5871,8.0,6.4129,"jax_device_memory_stats(peak_bytes_in_use)  [LIFETIME high-water mark: it has no reset API, so it can only over-report this job]",,,,unavailable,4,8,0,6.8849,28.93,42,0,seed=42|model=pmf|rep=0,a5f596e7c82cd3db,2b589d88aa3382a8,f20a75fb006ed8cc,source_imagenet_class,7.0,ok,,,2026-09-09T12:19:34.910971
stage2_pmf,d09c094f6734,denoising__rhso__c4,denoising__rhso__c4,denoising,prob_114badd1eeb1e559,ALL,pmf,meanflow,jax,pixel,rhso,RHSO,1.0,1.0,0.0,1.0,0.0,meanflow_descending,pure_prior_noise,identity,,,,,0.25,0.25,0.25,,,,0.03,adam,,,half_mean_squared_per_measurement,,,,,,,40,4,0.0,not_applicable,not_applicable,method,not_applicable,not_applicable,method,27.39171247724105,0.7613665308188268,0.19422766426578164,0.19978399574756622,,,,,,20.460494989421008,0.40600529352712283,0.4711836613714695,20.460494989421008,74.18895010650158,9.273618763312697,4,328,328,320,320,320,328,320,320,320,320,0,320,320,direct,learned_finite_interval_map,,False,False,False,,,,False,,0,0,0,0,0.0,,,,,,,,,,,,,,,,,,,,,,,1.5871,8.0,6.4129,"jax_device_memory_stats(peak_bytes_in_use)  [LIFETIME high-water mark: it has no reset API, so it can only over-report this job]",,,,unavailable,4,8,0,1.1678,28.93,42,0,seed=42|model=pmf|rep=0,a5f596e7c82cd3db,2b589d88aa3382a8,f20a75fb006ed8cc,source_imagenet_class,7.0,ok,,,2026-09-09T12:20:51.031258
stage2_pmf,e7cba8fee6e8,denoising__rhso__c5,denoising__rhso__c5,denoising,prob_114badd1eeb1e559,ALL,pmf,meanflow,jax,pixel,rhso,RHSO,1.0,1.0,0.0,1.0,0.0,meanflow_descending,pure_prior_noise,identity,,,,,0.25,0.25,0.25,,,,0.05,adam,,,half_mean_squared_per_measurement,,,,,,,40,4,1.5,not_applicable,not_applicable,method,not_applicable,not_applicable,method,27.798891441037494,0.777161436427829,0.10788977332413197,0.21148981153964996,,,,,,20.460494989421008,0.40600529352712283,0.4711836613714695,20.460494989421008,74.8678408479318,9.358480105991475,4,328,328,320,320,320,328,320,320,320,320,0,320,320,direct,learned_finite_interval_map,,False,False,False,,,,False,,0,0,0,0,0.0,,,,,,,,,,,,,,,,,,,,,,,1.5871,8.0,6.4129,"jax_device_memory_stats(peak_bytes_in_use)  [LIFETIME high-water mark: it has no reset API, so it can only over-report this job]",,,,unavailable,4,8,0,1.1333,28.93,42,0,seed=42|model=pmf|rep=0,a5f596e7c82cd3db,2b589d88aa3382a8,f20a75fb006ed8cc,source_imagenet_class,7.0,ok,,,2026-09-09T12:22:07.762756
stage2_pmf,83622152c7be,deblurring__sdedit__c1,deblurring__sdedit__c1,deblur,prob_c2be85f48d232774,ALL,pmf,meanflow,jax,pixel,sdedit,SDEdit,1.0,1.0,0.0,1.0,0.0,meanflow_descending,pure_prior_noise,observed,1,,,,1.0,1.0,1.0,,,,,,,,,,,,,,,,,,not_applicable,not_applicable,not_applicable,not_applicable,not_applicable,not_applicable,9.407303578598258,0.02289314944216632,0.7175162509083748,0.7008816599845886,,,,,,25.744277773445766,0.7043333030752865,0.2709390092641115,25.744277773445766,0.18174261040985584,0.02271782630123198,1,2,2,0,0,0,2,0,0,0,0,0,0,0,,,,,,,,,,,,0,0,0,0,0.0,,,,,,,,,,,,,,,,,,,,,,,1.5832,8.0,6.4168,"jax_device_memory_stats(peak_bytes_in_use)  [LIFETIME high-water mark: it has no reset API, so it can only over-report this job]",,,,unavailable,4,8,0,0.1129,20.54,42,0,seed=42|model=pmf|rep=0,6a0500184c85cbcc,a6d7ea78ad4437af,f20a75fb006ed8cc,source_imagenet_class,7.0,ok,,,2026-09-09T12:28:26.673366
stage2_pmf,48f936bc1992,deblurring__sdedit__c2,deblurring__sdedit__c2,deblur,prob_c2be85f48d232774,ALL,pmf,meanflow,jax,pixel,sdedit,SDEdit,1.0,1.0,0.0,1.0,0.0,meanflow_descending,pure_prior_noise,observed,2,,,,0.5,0.5,0.5,,,,,,,,,,,,,,,,,,not_applicable,not_applicable,not_applicable,not_applicable,not_applicable,not_applicable,9.345331010307149,0.018918637487890258,0.7135526463389397,0.7033929824829102,,,,,,25.744277773445766,0.7043333030752865,0.2709390092641115,25.744277773445766,0.39058362785726786,0.04882295348215848,2,4,4,0,0,0,4,0,0,0,0,0,0,0,,,,,,,,,,,,0,0,0,0,0.0,,,,,,,,,,,,,,,,,,,,,,,1.5832,8.0,6.4168,"jax_device_memory_stats(peak_bytes_in_use)  [LIFETIME high-water mark: it has no reset API, so it can only over-report this job]",,,,unavailable,4,8,0,0.1878,20.54,42,0,seed=42|model=pmf|rep=0,6a0500184c85cbcc,a6d7ea78ad4437af,f20a75fb006ed8cc,source_imagenet_class,7.0,ok,,,2026-09-09T12:28:28.066029
stage2_pmf,ea0c5bbc1356,deblurring__sdedit__c3,deblurring__sdedit__c3,deblur,prob_c2be85f48d232774,ALL,pmf,meanflow,jax,pixel,sdedit,SDEdit,1.0,1.0,0.0,1.0,0.0,meanflow_descending,pure_prior_noise,observed,4,,,,0.25,0.25,0.25,,,,,,,,,,,,,,,,,,not_applicable,not_applicable,not_applicable,not_applicable,not_applicable,not_applicable,9.259562586426785,0.017496156754925867,0.7164966240525246,0.7094592452049255,,,,,,25.744277773445766,0.7043333030752865,0.2709390092641115,25.744277773445766,0.7873946418985724,0.09842433023732156,4,8,8,0,0,0,8,0,0,0,0,0,0,0,,,,,,,,,,,,0,0,0,0,0.0,,,,,,,,,,,,,,,,,,,,,,,1.5832,8.0,6.4168,"jax_device_memory_stats(peak_bytes_in_use)  [LIFETIME high-water mark: it has no reset API, so it can only over-report this job]",,,,unavailable,4,8,0,0.3511,20.54,42,0,seed=42|model=pmf|rep=0,6a0500184c85cbcc,a6d7ea78ad4437af,f20a75fb006ed8cc,source_imagenet_class,7.0,ok,,,2026-09-09T12:28:30.030143
stage2_pmf,8b66ca0be8d7,deblurring__pnp__c1,deblurring__pnp__c1,deblur,prob_c2be85f48d232774,ALL,pmf,meanflow,jax,pixel,pnp,PnP-Flow,1.0,1.0,0.0,1.0,0.0,meanflow_descending,pure_prior_noise,observed,,,,,0.004975124378109453,0.00497512437810943,0.004975124378109541,,,,,,,,half_mean_squared_per_measurement,,,200,5000000.0,1.0,1,,,,not_applicable,not_applicable,not_applicable,method,method,not_applicable,27.33206546812912,0.8041137003108597,0.1389009254053235,0.05305378884077072,,,,,,25.744277773445766,0.7043333030752865,0.2709390092641115,25.744277773445766,23.696252499707043,2.9620315624633804,200,402,402,0,0,0,402,0,400,400,0,402,400,400,,,,,,,,,,,,0,0,0,0,0.0,,,,,,,,,,,,,,,,,,,,,,,1.5823,8.0,6.4177,"jax_device_memory_stats(peak_bytes_in_use)  [LIFETIME high-water mark: it has no reset API, so it can only over-report this job]",,,,unavailable,4,8,0,12.041,29.83,42,0,seed=42|model=pmf|rep=0,6a0500184c85cbcc,a6d7ea78ad4437af,f20a75fb006ed8cc,source_imagenet_class,7.0,ok,,,2026-09-09T12:52:11.553126
stage2_pmf,ccdf3fd2688a,deblurring__pnp__c2,deblurring__pnp__c2,deblur,prob_c2be85f48d232774,ALL,pmf,meanflow,jax,pixel,pnp,PnP-Flow,1.0,1.0,0.0,1.0,0.0,meanflow_descending,pure_prior_noise,observed,,,,,0.004975124378109453,0.00497512437810943,0.004975124378109541,,,,,,,,half_mean_squared_per_measurement,,,200,1200000.0,0.5,1,,,,not_applicable,not_applicable,not_applicable,method,method,not_applicable,27.06329451459222,0.7809967874602213,0.2132952306419611,0.049574270844459534,,,,,,25.744277773445766,0.7043333030752865,0.2709390092641115,25.744277773445766,23.646176690235734,2.9557720862794667,200,402,402,0,0,0,402,0,400,400,0,402,400,400,,,,,,,,,,,,0,0,0,0,0.0,,,,,,,,,,,,,,,,,,,,,,,1.5823,8.0,6.4177,"jax_device_memory_stats(peak_bytes_in_use)  [LIFETIME high-water mark: it has no reset API, so it can only over-report this job]",,,,unavailable,4,8,0,12.041,29.83,42,0,seed=42|model=pmf|rep=0,6a0500184c85cbcc,a6d7ea78ad4437af,f20a75fb006ed8cc,source_imagenet_class,7.0,ok,,,2026-09-09T12:52:35.949429
stage2_pmf,7331a65ebda0,deblurring__pnp__c3,deblurring__pnp__c3,deblur,prob_c2be85f48d232774,ALL,pmf,meanflow,jax,pixel,pnp,PnP-Flow,1.0,1.0,0.0,1.0,0.0,meanflow_descending,pure_prior_noise,observed,,,,,0.009900990099009901,0.009900990099009799,0.00990099009900991,,,,,,,,half_mean_squared_per_measurement,,,100,400000.0,0.1,1,,,,not_applicable,not_applicable,not_applicable,method,method,not_applicable,26.684477902054,0.802596900073878,0.16311382688581944,0.04875138774514198,,,,,,25.744277773445766,0.7043333030752865,0.2709390092641115,25.744277773445766,144.74822773691267,18.093528467114083,100,202,202,0,0,0,202,0,200,200,0,202,200,200,,,,,,,,,,,,0,0,0,0,0.0,,,,,,,,,,,,,,,,,,,,,,,1.5832,7.8908,6.3076,"jax_device_memory_stats(peak_bytes_in_use)  [LIFETIME high-water mark: it has no reset API, so it can only over-report this job]",,,,unavailable,4,8,0,84.385,20.54,42,0,seed=42|model=pmf|rep=0,6a0500184c85cbcc,a6d7ea78ad4437af,f20a75fb006ed8cc,source_imagenet_class,7.0,ok,,,2026-09-09T11:54:10.327654
stage2_pmf,013688740cd9,deblurring__pnp__c4,deblurring__pnp__c4,deblur,prob_c2be85f48d232774,ALL,pmf,meanflow,jax,pixel,pnp,PnP-Flow,1.0,1.0,0.0,1.0,0.0,meanflow_descending,pure_prior_noise,observed,,,,,0.009900990099009901,0.009900990099009799,0.00990099009900991,,,,,,,,half_mean_squared_per_measurement,,,100,1200000.0,0.5,1,,,,not_applicable,not_applicable,not_applicable,method,method,not_applicable,28.317139383507502,0.8243251948580068,0.19420847948640585,0.04966213181614876,,,,,,25.744277773445766,0.7043333030752865,0.2709390092641115,25.744277773445766,139.26128926500678,17.407661158125848,100,202,202,0,0,0,202,0,200,200,0,202,200,200,,,,,,,,,,,,0,0,0,0,0.0,,,,,,,,,,,,,,,,,,,,,,,1.5832,7.8908,6.3076,"jax_device_memory_stats(peak_bytes_in_use)  [LIFETIME high-water mark: it has no reset API, so it can only over-report this job]",,,,unavailable,4,8,0,84.385,20.54,42,0,seed=42|model=pmf|rep=0,6a0500184c85cbcc,a6d7ea78ad4437af,f20a75fb006ed8cc,source_imagenet_class,7.0,ok,,,2026-09-09T11:56:30.400372
stage2_pmf,fef00229d1b9,deblurring__pnp__c5,deblurring__pnp__c5,deblur,prob_c2be85f48d232774,ALL,pmf,meanflow,jax,pixel,pnp,PnP-Flow,1.0,1.0,0.0,1.0,0.0,meanflow_descending,pure_prior_noise,observed,,,,,0.0023584905660377358,0.002358490566037652,0.002358490566037763,,,,,,,,half_mean_squared_per_measurement,,,423,5000000.0,1.0,1,,,,not_applicable,not_applicable,not_applicable,method,method,not_applicable,18.291525916466977,0.49889919069273203,0.5326225571334362,0.09910609573125839,,,,,,25.744277773445766,0.7043333030752865,0.2709390092641115,25.744277773445766,492.58772723097354,61.57346590387169,423,848,848,0,0,0,848,0,846,846,0,848,846,846,,,,,,,,,,,,0,0,0,0,0.0,,,,,,,,,,,,,,,,,,,,,,,1.5832,7.8908,6.3076,"jax_device_memory_stats(peak_bytes_in_use)  [LIFETIME high-water mark: it has no reset API, so it can only over-report this job]",,,,unavailable,4,8,0,272.7966,20.54,42,0,seed=42|model=pmf|rep=0,6a0500184c85cbcc,a6d7ea78ad4437af,f20a75fb006ed8cc,source_imagenet_class,7.0,ok,,,2026-09-09T12:09:16.564211
stage2_pmf,be881ba5d122,deblurring__pnp__c6,deblurring__pnp__c6,deblur,prob_c2be85f48d232774,ALL,pmf,meanflow,jax,pixel,pnp,PnP-Flow,1.0,1.0,0.0,1.0,0.0,meanflow_descending,pure_prior_noise,observed,,,,,0.004975124378109453,0.00497512437810943,0.004975124378109541,,,,,,,,half_mean_squared_per_measurement,,,200,12000000.0,1.0,1,,,,not_applicable,not_applicable,not_applicable,method,method,not_applicable,28.024122678806904,0.8066002253384947,0.23973009269684553,0.048937756568193436,,,,,,25.744277773445766,0.7043333030752865,0.2709390092641115,25.744277773445766,167.01737420633435,20.877171775791794,200,402,402,0,0,0,402,0,400,400,0,402,400,400,,,,,,,,,,,,0,0,0,0,0.0,,,,,,,,,,,,,,,,,,,,,,,1.5832,7.8908,6.3076,"jax_device_memory_stats(peak_bytes_in_use)  [LIFETIME high-water mark: it has no reset API, so it can only over-report this job]",,,,unavailable,4,8,0,109.4533,20.54,42,0,seed=42|model=pmf|rep=0,6a0500184c85cbcc,a6d7ea78ad4437af,f20a75fb006ed8cc,source_imagenet_class,7.0,ok,,,2026-09-09T12:13:53.783190
stage2_pmf,1f845b53d75c,deblurring__dflow__c1,deblurring__dflow__c1,deblur,prob_c2be85f48d232774,ALL,pmf,meanflow,jax,pixel,dflow,D-Flow,1.0,1.0,0.0,1.0,0.0,meanflow_descending,pure_prior_noise,observed,1,,,,1.0,1.0,1.0,,,,0.03,adam,,,half_mean_squared_per_measurement,,,,,,,640,,,not_applicable,not_applicable,method,not_applicable,not_applicable,not_applicable,24.82096294050867,0.6699668332913475,0.290142560377717,0.0848160833120346,,,,,,25.744277773445766,0.7043333030752865,0.2709390092641115,25.744277773445766,269.2563936356455,33.65704920445569,1,1282,1282,1280,1280,1280,1282,1280,1280,1280,1280,0,1282,1280,,,,,,,,,,,,0,0,0,0,0.0,,,,,,,,,,,,,,,,,,,,,,,1.5823,8.0,6.4177,"jax_device_memory_stats(peak_bytes_in_use)  [LIFETIME high-water mark: it has no reset API, so it can only over-report this job]",,,,unavailable,4,8,0,1.313,29.83,42,0,seed=42|model=pmf|rep=0,6a0500184c85cbcc,a6d7ea78ad4437af,f20a75fb006ed8cc,source_imagenet_class,7.0,ok,,,2026-09-09T12:28:06.980687
stage2_pmf,815c181546d1,deblurring__dflow__c2,deblurring__dflow__c2,deblur,prob_c2be85f48d232774,ALL,pmf,meanflow,jax,pixel,dflow,D-Flow,1.0,1.0,0.0,1.0,0.0,meanflow_descending,pure_prior_noise,observed,1,,,,1.0,1.0,1.0,,,,0.03,adam,,,half_mean_squared_per_measurement,,,,,,,320,,,not_applicable,not_applicable,method,not_applicable,not_applicable,not_applicable,23.94891921570406,0.6282512794454597,0.33797752670943737,0.08117403090000153,,,,,,25.744277773445766,0.7043333030752865,0.2709390092641115,25.744277773445766,135.89523979928344,16.98690497491043,1,642,642,640,640,640,642,640,640,640,640,0,642,640,,,,,,,,,,,,0,0,0,0,0.0,,,,,,,,,,,,,,,,,,,,,,,1.5823,8.0,6.4177,"jax_device_memory_stats(peak_bytes_in_use)  [LIFETIME high-water mark: it has no reset API, so it can only over-report this job]",,,,unavailable,4,8,0,1.313,29.83,42,0,seed=42|model=pmf|rep=0,6a0500184c85cbcc,a6d7ea78ad4437af,f20a75fb006ed8cc,source_imagenet_class,7.0,ok,,,2026-09-09T12:30:23.701007
stage2_pmf,ad72007190fe,deblurring__dflow__c3,deblurring__dflow__c3,deblur,prob_c2be85f48d232774,ALL,pmf,meanflow,jax,pixel,dflow,D-Flow,1.0,1.0,0.0,1.0,0.0,meanflow_descending,pure_prior_noise,observed,1,,,,1.0,1.0,1.0,,,,0.01,adam,,,half_mean_squared_per_measurement,,,,,,,640,,,not_applicable,not_applicable,method,not_applicable,not_applicable,not_applicable,24.03976005985841,0.5933188216094636,0.35173189267516136,0.09122272580862045,,,,,,25.744277773445766,0.7043333030752865,0.2709390092641115,25.744277773445766,270.98109716549516,33.872637145686895,1,1282,1282,1280,1280,1280,1282,1280,1280,1280,1280,0,1282,1280,,,,,,,,,,,,0,0,0,0,0.0,,,,,,,,,,,,,,,,,,,,,,,1.5823,8.0,6.4177,"jax_device_memory_stats(peak_bytes_in_use)  [LIFETIME high-water mark: it has no reset API, so it can only over-report this job]",,,,unavailable,4,8,0,1.313,29.83,42,0,seed=42|model=pmf|rep=0,6a0500184c85cbcc,a6d7ea78ad4437af,f20a75fb006ed8cc,source_imagenet_class,7.0,ok,,,2026-09-09T12:34:55.499614
stage2_pmf,fba04b588466,deblurring__dflow__c4,deblurring__dflow__c4,deblur,prob_c2be85f48d232774,ALL,pmf,meanflow,jax,pixel,dflow,D-Flow,1.0,1.0,0.0,1.0,0.0,meanflow_descending,pure_prior_noise,observed,1,,,,1.0,1.0,1.0,,,,0.03,adam,,,half_mean_squared_per_measurement,,,,,,,1280,,,not_applicable,not_applicable,method,not_applicable,not_applicable,not_applicable,26.85085012111225,0.7701444316710491,0.19314005319029093,0.05764496698975563,,,,,,25.744277773445766,0.7043333030752865,0.2709390092641115,25.744277773445766,358.5591146312654,44.819889328908175,1,2562,2562,2560,2560,2560,2562,2560,2560,2560,2560,0,2562,2560,,,,,,,,,,,,0,0,0,0,0.0,,,,,,,,,,,,,,,,,,,,,,,1.5823,8.0,6.4177,"jax_device_memory_stats(peak_bytes_in_use)  [LIFETIME high-water mark: it has no reset API, so it can only over-report this job]",,,,unavailable,4,8,0,1.313,29.83,42,0,seed=42|model=pmf|rep=0,6a0500184c85cbcc,a6d7ea78ad4437af,f20a75fb006ed8cc,source_imagenet_class,7.0,ok,,,2026-09-09T12:40:54.898817
stage2_pmf,f922324cab41,deblurring__mpc_rhc__c1,deblurring__mpc_rhc__c1,deblur,prob_c2be85f48d232774,ALL,pmf,meanflow,jax,pixel,mpc_rhc,MPC-RHC (K=1),1.0,1.0,0.0,1.0,0.0,meanflow_descending,pure_prior_noise,observed,,,4,0.25,0.25,0.25,0.25,1,60.0,40,0.1,adam,False,,half_sum_squared,sum_squared,,,,,,,,,method,method,method,not_applicable,not_applicable,not_applicable,28.128151489538716,0.7923068041195535,0.15278764627873898,0.045370861887931824,,,,,,25.744277773445766,0.7043333030752865,0.2709390092641115,25.744277773445766,19.10889684315771,2.3886121053947136,4,32,32,0,640,0,32,0,0,0,0,0,640,0,,,,,,,,,,,,0,0,0,0,0.0,,,,,,,,,,,,,,,,,,,,,,,1.5809,8.0,6.4191,"jax_device_memory_stats(peak_bytes_in_use)  [LIFETIME high-water mark: it has no reset API, so it can only over-report this job]",,,,unavailable,2,8,0,1.6452,29.83,42,0,seed=42|model=pmf|rep=0,6a0500184c85cbcc,a6d7ea78ad4437af,3249b4011135d6ae,source_imagenet_class,7.0,ok,,,2026-09-09T12:50:55.762845
stage2_pmf,cbad72526251,deblurring__mpc_rhc__c2,deblurring__mpc_rhc__c2,deblur,prob_c2be85f48d232774,ALL,pmf,meanflow,jax,pixel,mpc_rhc,MPC-RHC (K=1),1.0,1.0,0.0,1.0,0.0,meanflow_descending,pure_prior_noise,observed,,,4,0.25,0.25,0.25,0.25,1,60.0,40,0.2,adam,False,,half_sum_squared,sum_squared,,,,,,,,,method,method,method,not_applicable,not_applicable,not_applicable,28.089156856650565,0.7917870473867207,0.1523939659819007,0.04535821080207825,,,,,,25.744277773445766,0.7043333030752865,0.2709390092641115,25.744277773445766,18.956277975812554,2.3695347469765693,4,32,32,0,640,0,32,0,0,0,0,0,640,0,,,,,,,,,,,,0,0,0,0,0.0,,,,,,,,,,,,,,,,,,,,,,,1.5809,8.0,6.4191,"jax_device_memory_stats(peak_bytes_in_use)  [LIFETIME high-water mark: it has no reset API, so it can only over-report this job]",,,,unavailable,2,8,0,1.6452,29.83,42,0,seed=42|model=pmf|rep=0,6a0500184c85cbcc,a6d7ea78ad4437af,3249b4011135d6ae,source_imagenet_class,7.0,ok,,,2026-09-09T12:51:15.420587
stage2_pmf,197ea9c1d1a3,deblurring__mpc_rhc__c3,deblurring__mpc_rhc__c3,deblur,prob_c2be85f48d232774,ALL,pmf,meanflow,jax,pixel,mpc_rhc,MPC-RHC (K=1),1.0,1.0,0.0,1.0,0.0,meanflow_descending,pure_prior_noise,observed,,,4,0.25,0.25,0.25,0.25,1,60.0,40,0.05,adam,False,,half_sum_squared,sum_squared,,,,,,,,,method,method,method,not_applicable,not_applicable,not_applicable,28.09032701003131,0.7918986745509975,0.1548974495381117,0.04538889601826668,,,,,,25.744277773445766,0.7043333030752865,0.2709390092641115,25.744277773445766,18.96618297789246,2.3707728722365573,4,32,32,0,640,0,32,0,0,0,0,0,640,0,,,,,,,,,,,,0,0,0,0,0.0,,,,,,,,,,,,,,,,,,,,,,,1.5809,8.0,6.4191,"jax_device_memory_stats(peak_bytes_in_use)  [LIFETIME high-water mark: it has no reset API, so it can only over-report this job]",,,,unavailable,2,8,0,1.6452,29.83,42,0,seed=42|model=pmf|rep=0,6a0500184c85cbcc,a6d7ea78ad4437af,3249b4011135d6ae,source_imagenet_class,7.0,ok,,,2026-09-09T12:51:35.095747
stage2_pmf,4a690d9c3d61,deblurring__mpc_delta_t__c1,deblurring__mpc_delta_t__c1,deblur,prob_c2be85f48d232774,ALL,pmf,meanflow,jax,pixel,mpc_delta_t,MPC-delta_t,1.0,1.0,0.0,1.0,0.0,meanflow_descending,pure_prior_noise,observed,,,8,0.125,0.125,0.125,0.125,,1000.0,40,0.15,adam,False,,half_sum_squared,sum_squared,none,,,,,,,,method,method,method,not_applicable,not_applicable,not_applicable,28.457150731421073,0.7975298787256042,0.14396066311746836,0.04377797245979309,,,,,,25.744277773445766,0.7043333030752865,0.2709390092641115,25.744277773445766,66.03357498720288,8.25419687340036,8,576,576,560,640,560,576,560,0,0,0,0,640,0,,,,,,,,,,,,0,0,0,0,0.0,,,,,,,,,,,,,,,,,,,,,,,1.5823,8.0,6.4177,"jax_device_memory_stats(peak_bytes_in_use)  [LIFETIME high-water mark: it has no reset API, so it can only over-report this job]",,,,unavailable,4,8,0,1.2156,29.83,42,0,seed=42|model=pmf|rep=0,6a0500184c85cbcc,a6d7ea78ad4437af,f20a75fb006ed8cc,source_imagenet_class,7.0,ok,,,2026-09-09T12:42:02.943297
stage2_pmf,9c057b9bf2ff,deblurring__mpc_delta_t__c2,deblurring__mpc_delta_t__c2,deblur,prob_c2be85f48d232774,ALL,pmf,meanflow,jax,pixel,mpc_delta_t,MPC-delta_t,1.0,1.0,0.0,1.0,0.0,meanflow_descending,pure_prior_noise,observed,,,8,0.125,0.125,0.125,0.125,,1000.0,40,0.1,adam,False,,half_sum_squared,sum_squared,none,,,,,,,,method,method,method,not_applicable,not_applicable,not_applicable,28.616313498056424,0.8033857845295949,0.13523315079510212,0.04382411763072014,,,,,,25.744277773445766,0.7043333030752865,0.2709390092641115,25.744277773445766,66.52498809620738,8.315623512025923,8,576,576,560,640,560,576,560,0,0,0,0,640,0,,,,,,,,,,,,0,0,0,0,0.0,,,,,,,,,,,,,,,,,,,,,,,1.5823,8.0,6.4177,"jax_device_memory_stats(peak_bytes_in_use)  [LIFETIME high-water mark: it has no reset API, so it can only over-report this job]",,,,unavailable,4,8,0,1.2156,29.83,42,0,seed=42|model=pmf|rep=0,6a0500184c85cbcc,a6d7ea78ad4437af,f20a75fb006ed8cc,source_imagenet_class,7.0,ok,,,2026-09-09T12:43:10.165108
stage2_pmf,b540e5c8d1b5,deblurring__mpc_delta_t__c3,deblurring__mpc_delta_t__c3,deblur,prob_c2be85f48d232774,ALL,pmf,meanflow,jax,pixel,mpc_delta_t,MPC-delta_t,1.0,1.0,0.0,1.0,0.0,meanflow_descending,pure_prior_noise,observed,,,8,0.125,0.125,0.125,0.125,,1000.0,20,0.1,adam,False,,half_sum_squared,sum_squared,none,,,,,,,,method,method,method,not_applicable,not_applicable,not_applicable,28.62640136851199,0.8037681973938461,0.14279331266880035,0.04402264952659607,,,,,,25.744277773445766,0.7043333030752865,0.2709390092641115,25.744277773445766,33.41367696225643,4.176709620282054,8,296,296,280,320,280,296,280,0,0,0,0,320,0,,,,,,,,,,,,0,0,0,0,0.0,,,,,,,,,,,,,,,,,,,,,,,1.5823,8.0,6.4177,"jax_device_memory_stats(peak_bytes_in_use)  [LIFETIME high-water mark: it has no reset API, so it can only over-report this job]",,,,unavailable,4,8,0,1.2156,29.83,42,0,seed=42|model=pmf|rep=0,6a0500184c85cbcc,a6d7ea78ad4437af,f20a75fb006ed8cc,source_imagenet_class,7.0,ok,,,2026-09-09T12:43:44.284013
stage2_pmf,7e7beeca373a,deblurring__mpc_delta_t__c4,deblurring__mpc_delta_t__c4,deblur,prob_c2be85f48d232774,ALL,pmf,meanflow,jax,pixel,mpc_delta_t,MPC-delta_t,1.0,1.0,0.0,1.0,0.0,meanflow_descending,pure_prior_noise,observed,,,8,0.125,0.125,0.125,0.125,,540.0,40,0.1,adam,False,,half_sum_squared,sum_squared,none,,,,,,,,method,method,method,not_applicable,not_applicable,not_applicable,29.003972208277755,0.834662624866454,0.14563216734677553,0.04556625336408615,,,,,,25.744277773445766,0.7043333030752865,0.2709390092641115,25.744277773445766,66.19433023035526,8.274291278794408,8,576,576,560,640,560,576,560,0,0,0,0,640,0,,,,,,,,,,,,0,0,0,0,0.0,,,,,,,,,,,,,,,,,,,,,,,1.5823,8.0,6.4177,"jax_device_memory_stats(peak_bytes_in_use)  [LIFETIME high-water mark: it has no reset API, so it can only over-report this job]",,,,unavailable,4,8,0,1.2156,29.83,42,0,seed=42|model=pmf|rep=0,6a0500184c85cbcc,a6d7ea78ad4437af,f20a75fb006ed8cc,source_imagenet_class,7.0,ok,,,2026-09-09T12:44:51.149533
stage2_pmf,627f9265932f,deblurring__mpc_delta_t__c5,deblurring__mpc_delta_t__c5,deblur,prob_c2be85f48d232774,ALL,pmf,meanflow,jax,pixel,mpc_delta_t,MPC-delta_t,1.0,1.0,0.0,1.0,0.0,meanflow_descending,pure_prior_noise,observed,,,16,0.0625,0.0625,0.0625,0.0625,,1000.0,40,0.15,adam,False,,half_sum_squared,sum_squared,none,,,,,,,,method,method,method,not_applicable,not_applicable,not_applicable,29.182680288731966,0.8516274548421152,0.1474914001300931,0.04719802364706993,,,,,,25.744277773445766,0.7043333030752865,0.2709390092641115,25.744277773445766,139.3237727312371,17.41547159140464,16,1232,1232,1200,1280,1200,1232,1200,0,0,0,0,1280,0,,,,,,,,,,,,0,0,0,0,0.0,,,,,,,,,,,,,,,,,,,,,,,1.5823,8.0,6.4177,"jax_device_memory_stats(peak_bytes_in_use)  [LIFETIME high-water mark: it has no reset API, so it can only over-report this job]",,,,unavailable,4,8,0,1.9534,29.83,42,0,seed=42|model=pmf|rep=0,6a0500184c85cbcc,a6d7ea78ad4437af,f20a75fb006ed8cc,source_imagenet_class,7.0,ok,,,2026-09-09T12:47:13.145852
stage2_pmf,f96072d1502d,deblurring__mpc_delta_t__c6,deblurring__mpc_delta_t__c6,deblur,prob_c2be85f48d232774,ALL,pmf,meanflow,jax,pixel,mpc_delta_t,MPC-delta_t,1.0,1.0,0.0,1.0,0.0,meanflow_descending,pure_prior_noise,observed,,,8,0.125,0.125,0.125,0.125,,1000.0,80,0.15,adam,False,,half_sum_squared,sum_squared,none,,,,,,,,method,method,method,not_applicable,not_applicable,not_applicable,28.518425498444184,0.7984927223648522,0.1431429348886013,0.04374353587627411,,,,,,25.744277773445766,0.7043333030752865,0.2709390092641115,25.744277773445766,132.5446741003543,16.56808426254429,8,1136,1136,1120,1280,1120,1136,1120,0,0,0,0,1280,0,,,,,,,,,,,,0,0,0,0,0.0,,,,,,,,,,,,,,,,,,,,,,,1.5823,8.0,6.4177,"jax_device_memory_stats(peak_bytes_in_use)  [LIFETIME high-water mark: it has no reset API, so it can only over-report this job]",,,,unavailable,4,8,0,1.2156,29.83,42,0,seed=42|model=pmf|rep=0,6a0500184c85cbcc,a6d7ea78ad4437af,f20a75fb006ed8cc,source_imagenet_class,7.0,ok,,,2026-09-09T12:49:26.449935
stage2_pmf,b2d9315a3f78,deblurring__mpc_delta_t__c7,deblurring__mpc_delta_t__c7,deblur,prob_c2be85f48d232774,ALL,pmf,meanflow,jax,pixel,mpc_delta_t,MPC-delta_t,1.0,1.0,0.0,1.0,0.0,meanflow_descending,pure_prior_noise,observed,,,8,0.125,0.125,0.125,0.125,,2500.0,40,0.15,adam,False,,half_sum_squared,sum_squared,none,,,,,,,,method,method,method,not_applicable,not_applicable,not_applicable,26.935525062876085,0.708919673176265,0.20891707763075829,0.04171833023428917,,,,,,25.744277773445766,0.7043333030752865,0.2709390092641115,25.744277773445766,67.13163486681879,8.391454358352348,8,576,576,560,640,560,576,560,0,0,0,0,640,0,,,,,,,,,,,,0,0,0,0,0.0,,,,,,,,,,,,,,,,,,,,,,,1.5823,8.0,6.4177,"jax_device_memory_stats(peak_bytes_in_use)  [LIFETIME high-water mark: it has no reset API, so it can only over-report this job]",,,,unavailable,4,8,0,1.2156,29.83,42,0,seed=42|model=pmf|rep=0,6a0500184c85cbcc,a6d7ea78ad4437af,f20a75fb006ed8cc,source_imagenet_class,7.0,ok,,,2026-09-09T12:50:34.292291
stage2_pmf,92e28bf0436b,deblurring__rhso__c1,deblurring__rhso__c1,deblur,prob_c2be85f48d232774,ALL,pmf,meanflow,jax,pixel,rhso,RHSO,1.0,1.0,0.0,1.0,0.0,meanflow_descending,pure_prior_noise,observed,,,,,0.125,0.125,0.125,,,,0.01,adam,,,half_mean_squared_per_measurement,,,,,,,20,8,0.0,not_applicable,not_applicable,method,not_applicable,not_applicable,method,28.99658654607009,0.8472718412895006,0.1211190135218203,0.04919261485338211,,,,,,25.744277773445766,0.7043333030752865,0.2709390092641115,25.744277773445766,146.2417149245739,18.280214365571737,8,336,336,320,320,320,336,320,320,320,320,0,320,320,direct,learned_finite_interval_map,,False,False,False,,,,False,,0,0,0,0,0.0,,,,,,,,,,,,,,,,,,,,,,,1.5832,8.0,6.4168,"jax_device_memory_stats(peak_bytes_in_use)  [LIFETIME high-water mark: it has no reset API, so it can only over-report this job]",,,,unavailable,4,8,0,17.2157,20.54,42,0,seed=42|model=pmf|rep=0,6a0500184c85cbcc,a6d7ea78ad4437af,f20a75fb006ed8cc,source_imagenet_class,7.0,ok,,,2026-09-09T12:16:37.985986
stage2_pmf,0235d9b12f80,deblurring__rhso__c2,deblurring__rhso__c2,deblur,prob_c2be85f48d232774,ALL,pmf,meanflow,jax,pixel,rhso,RHSO,1.0,1.0,0.0,1.0,0.0,meanflow_descending,pure_prior_noise,observed,,,,,0.25,0.25,0.25,,,,0.01,adam,,,half_mean_squared_per_measurement,,,,,,,40,4,0.0,not_applicable,not_applicable,method,not_applicable,not_applicable,method,28.870909200747885,0.8465245014773994,0.1534177646972239,0.05065697431564331,,,,,,25.744277773445766,0.7043333030752865,0.2709390092641115,25.744277773445766,153.52112365607172,19.190140457008965,4,328,328,320,320,320,328,320,320,320,320,0,320,320,direct,learned_finite_interval_map,,False,False,False,,,,False,,0,0,0,0,0.0,,,,,,,,,,,,,,,,,,,,,,,1.5832,8.0,6.4168,"jax_device_memory_stats(peak_bytes_in_use)  [LIFETIME high-water mark: it has no reset API, so it can only over-report this job]",,,,unavailable,4,8,0,2.1055,20.54,42,0,seed=42|model=pmf|rep=0,6a0500184c85cbcc,a6d7ea78ad4437af,f20a75fb006ed8cc,source_imagenet_class,7.0,ok,,,2026-09-09T12:19:14.442921
stage2_pmf,0f16be49deab,deblurring__rhso__c3,deblurring__rhso__c3,deblur,prob_c2be85f48d232774,ALL,pmf,meanflow,jax,pixel,rhso,RHSO,1.0,1.0,0.0,1.0,0.0,meanflow_descending,pure_prior_noise,observed,,,,,0.25,0.25,0.25,,,,0.02,adam,,,half_mean_squared_per_measurement,,,,,,,40,4,0.0,not_applicable,not_applicable,method,not_applicable,not_applicable,method,28.57124667406137,0.8281654436522567,0.13016789080575109,0.04885506257414818,,,,,,25.744277773445766,0.7043333030752865,0.2709390092641115,25.744277773445766,153.0654287431389,19.133178592892364,4,328,328,320,320,320,328,320,320,320,320,0,320,320,direct,learned_finite_interval_map,,False,False,False,,,,False,,0,0,0,0,0.0,,,,,,,,,,,,,,,,,,,,,,,1.5832,8.0,6.4168,"jax_device_memory_stats(peak_bytes_in_use)  [LIFETIME high-water mark: it has no reset API, so it can only over-report this job]",,,,unavailable,4,8,0,2.1055,20.54,42,0,seed=42|model=pmf|rep=0,6a0500184c85cbcc,a6d7ea78ad4437af,f20a75fb006ed8cc,source_imagenet_class,7.0,ok,,,2026-09-09T12:21:48.341407
stage2_pmf,05474bdb01ab,deblurring__rhso__c4,deblurring__rhso__c4,deblur,prob_c2be85f48d232774,ALL,pmf,meanflow,jax,pixel,rhso,RHSO,1.0,1.0,0.0,1.0,0.0,meanflow_descending,pure_prior_noise,observed,,,,,0.0625,0.0625,0.0625,,,,0.01,adam,,,half_mean_squared_per_measurement,,,,,,,20,16,0.0,not_applicable,not_applicable,method,not_applicable,not_applicable,method,28.118630369780632,0.82141147256405,0.1401504036039114,0.04797681048512459,,,,,,25.744277773445766,0.7043333030752865,0.2709390092641115,25.744277773445766,307.18725977651775,38.39840747206472,16,672,672,640,640,640,672,640,640,640,640,0,640,640,direct,learned_finite_interval_map,,False,False,False,,,,False,,0,0,0,0,0.0,,,,,,,,,,,,,,,,,,,,,,,1.5832,8.0,6.4168,"jax_device_memory_stats(peak_bytes_in_use)  [LIFETIME high-water mark: it has no reset API, so it can only over-report this job]",,,,unavailable,4,8,0,9.0924,20.54,42,0,seed=42|model=pmf|rep=0,6a0500184c85cbcc,a6d7ea78ad4437af,f20a75fb006ed8cc,source_imagenet_class,7.0,ok,,,2026-09-09T12:27:05.429495
stage2_pmf,860c4d34e704,deblurring__rhso__c5,deblurring__rhso__c5,deblur,prob_c2be85f48d232774,ALL,pmf,meanflow,jax,pixel,rhso,RHSO,1.0,1.0,0.0,1.0,0.0,meanflow_descending,pure_prior_noise,observed,,,,,0.125,0.125,0.125,,,,0.01,adam,,,half_mean_squared_per_measurement,,,,,,,10,8,0.0,not_applicable,not_applicable,method,not_applicable,not_applicable,method,27.796549504646748,0.8232072426551105,0.21327657345682383,0.05440619960427284,,,,,,25.744277773445766,0.7043333030752865,0.2709390092641115,25.744277773445766,79.37226175703108,9.921532719628885,8,176,176,160,160,160,176,160,160,160,160,0,160,160,direct,learned_finite_interval_map,,False,False,False,,,,False,,0,0,0,0,0.0,,,,,,,,,,,,,,,,,,,,,,,1.5832,8.0,6.4168,"jax_device_memory_stats(peak_bytes_in_use)  [LIFETIME high-water mark: it has no reset API, so it can only over-report this job]",,,,unavailable,4,8,0,17.2157,20.54,42,0,seed=42|model=pmf|rep=0,6a0500184c85cbcc,a6d7ea78ad4437af,f20a75fb006ed8cc,source_imagenet_class,7.0,ok,,,2026-09-09T12:28:25.575199
stage2_pmf,53b9bb8c8f5b,super_resolution__sdedit__c1,super_resolution__sdedit__c1,super_resolution,prob_0f6cb8346c07d449,ALL,pmf,meanflow,jax,pixel,sdedit,SDEdit,1.0,1.0,0.0,1.0,0.0,meanflow_descending,pure_prior_noise,upsample_bicubic,1,,,,1.0,1.0,1.0,,,,,,,,,,,,,,,,,,not_applicable,not_applicable,not_applicable,not_applicable,not_applicable,not_applicable,9.407303578598258,0.02289314944216632,0.7175162509083748,0.7212391495704651,,,,,,22.72518401401371,0.6367004835325139,0.2324478104710579,24.165853270405385,0.1526250895112753,0.01907813618890941,1,2,2,0,0,0,2,0,0,0,0,0,0,0,,,,,,,,,,,,0,0,0,0,0.0,,,,,,,,,,,,,,,,,,,,,,,1.5849,9.8241,8.2392,"jax_device_memory_stats(peak_bytes_in_use)  [LIFETIME high-water mark: it has no reset API, so it can only over-report this job]",,,,unavailable,4,8,0,0.0782,24.3,42,0,seed=42|model=pmf|rep=0,5ea4a50404d5d00f,f1de5afd71310f5c,f20a75fb006ed8cc,source_imagenet_class,7.0,ok,,,2026-09-09T13:01:43.180880
stage2_pmf,ed2021ce3c36,super_resolution__sdedit__c2,super_resolution__sdedit__c2,super_resolution,prob_0f6cb8346c07d449,ALL,pmf,meanflow,jax,pixel,sdedit,SDEdit,1.0,1.0,0.0,1.0,0.0,meanflow_descending,pure_prior_noise,upsample_bicubic,2,,,,0.5,0.5,0.5,,,,,,,,,,,,,,,,,,not_applicable,not_applicable,not_applicable,not_applicable,not_applicable,not_applicable,9.345331010307149,0.018918637487890258,0.7135526463389397,0.7251092195510864,,,,,,22.72518401401371,0.6367004835325139,0.2324478104710579,24.165853270405385,0.2998197227716446,0.037477465346455574,2,4,4,0,0,0,4,0,0,0,0,0,0,0,,,,,,,,,,,,0,0,0,0,0.0,,,,,,,,,,,,,,,,,,,,,,,1.5849,9.8241,8.2392,"jax_device_memory_stats(peak_bytes_in_use)  [LIFETIME high-water mark: it has no reset API, so it can only over-report this job]",,,,unavailable,4,8,0,0.1926,24.3,42,0,seed=42|model=pmf|rep=0,5ea4a50404d5d00f,f1de5afd71310f5c,f20a75fb006ed8cc,source_imagenet_class,7.0,ok,,,2026-09-09T13:01:44.440924
stage2_pmf,332ee657155b,super_resolution__sdedit__c3,super_resolution__sdedit__c3,super_resolution,prob_0f6cb8346c07d449,ALL,pmf,meanflow,jax,pixel,sdedit,SDEdit,1.0,1.0,0.0,1.0,0.0,meanflow_descending,pure_prior_noise,upsample_bicubic,4,,,,0.25,0.25,0.25,,,,,,,,,,,,,,,,,,not_applicable,not_applicable,not_applicable,not_applicable,not_applicable,not_applicable,9.259562586426785,0.017496156754925867,0.7164966240525246,0.7312240600585938,,,,,,22.72518401401371,0.6367004835325139,0.2324478104710579,24.165853270405385,0.5945709068328142,0.07432136335410178,4,8,8,0,0,0,8,0,0,0,0,0,0,0,,,,,,,,,,,,0,0,0,0,0.0,,,,,,,,,,,,,,,,,,,,,,,1.5849,9.8241,8.2392,"jax_device_memory_stats(peak_bytes_in_use)  [LIFETIME high-water mark: it has no reset API, so it can only over-report this job]",,,,unavailable,4,8,0,0.3176,24.3,42,0,seed=42|model=pmf|rep=0,5ea4a50404d5d00f,f1de5afd71310f5c,f20a75fb006ed8cc,source_imagenet_class,7.0,ok,,,2026-09-09T13:01:46.115888
stage2_pmf,f7e14cbac220,super_resolution__pnp__c1,super_resolution__pnp__c1,super_resolution,prob_0f6cb8346c07d449,ALL,pmf,meanflow,jax,pixel,pnp,PnP-Flow,1.0,1.0,0.0,1.0,0.0,meanflow_descending,pure_prior_noise,upsample_bicubic,,,,,0.09090909090909091,0.09090909090909083,0.09090909090909094,,,,,,,,half_mean_squared_per_measurement,,,10,100000.0,0.1,1,,,,not_applicable,not_applicable,not_applicable,method,method,not_applicable,25.228363160631666,0.7305559386499618,0.1330176005139947,0.07523360848426819,,,,,,22.72518401401371,0.6367004835325139,0.2324478104710579,24.165853270405385,2.9522823793813586,0.36903529742266983,10,22,22,0,0,0,22,0,20,20,0,22,20,20,,,,,,,,,,,,0,0,0,0,0.0,,,,,,,,,,,,,,,,,,,,,,,1.5849,9.8241,8.2392,"jax_device_memory_stats(peak_bytes_in_use)  [LIFETIME high-water mark: it has no reset API, so it can only over-report this job]",,,,unavailable,4,8,0,1.5439,24.3,42,0,seed=42|model=pmf|rep=0,5ea4a50404d5d00f,f1de5afd71310f5c,f20a75fb006ed8cc,source_imagenet_class,7.0,ok,,,2026-09-09T12:55:24.394540
stage2_pmf,cc88b530ee07,super_resolution__pnp__c2,super_resolution__pnp__c2,super_resolution,prob_0f6cb8346c07d449,ALL,pmf,meanflow,jax,pixel,pnp,PnP-Flow,1.0,1.0,0.0,1.0,0.0,meanflow_descending,pure_prior_noise,upsample_bicubic,,,,,0.09090909090909091,0.09090909090909083,0.09090909090909094,,,,,,,,half_mean_squared_per_measurement,,,10,200000.0,0.25,1,,,,not_applicable,not_applicable,not_applicable,method,method,not_applicable,24.70905985285733,0.7361739607001216,0.13271130062639713,0.06657194346189499,,,,,,22.72518401401371,0.6367004835325139,0.2324478104710579,24.165853270405385,3.039311327971518,0.37991391599643975,10,22,22,0,0,0,22,0,20,20,0,22,20,20,,,,,,,,,,,,0,0,0,0,0.0,,,,,,,,,,,,,,,,,,,,,,,1.5849,9.8241,8.2392,"jax_device_memory_stats(peak_bytes_in_use)  [LIFETIME high-water mark: it has no reset API, so it can only over-report this job]",,,,unavailable,4,8,0,1.5439,24.3,42,0,seed=42|model=pmf|rep=0,5ea4a50404d5d00f,f1de5afd71310f5c,f20a75fb006ed8cc,source_imagenet_class,7.0,ok,,,2026-09-09T12:55:28.193741
stage2_pmf,916b45ba4eba,super_resolution__pnp__c3,super_resolution__pnp__c3,super_resolution,prob_0f6cb8346c07d449,ALL,pmf,meanflow,jax,pixel,pnp,PnP-Flow,1.0,1.0,0.0,1.0,0.0,meanflow_descending,pure_prior_noise,upsample_bicubic,,,,,0.047619047619047616,0.04761904761904756,0.04761904761904767,,,,,,,,half_mean_squared_per_measurement,,,20,100000.0,0.1,1,,,,not_applicable,not_applicable,not_applicable,method,method,not_applicable,25.242155368409975,0.7535189910439561,0.12857252266258,0.06396790593862534,,,,,,22.72518401401371,0.6367004835325139,0.2324478104710579,24.165853270405385,5.746610028669238,0.7183262535836548,20,42,42,0,0,0,42,0,40,40,0,42,40,40,,,,,,,,,,,,0,0,0,0,0.0,,,,,,,,,,,,,,,,,,,,,,,1.5849,9.8241,8.2392,"jax_device_memory_stats(peak_bytes_in_use)  [LIFETIME high-water mark: it has no reset API, so it can only over-report this job]",,,,unavailable,4,8,0,2.9163,24.3,42,0,seed=42|model=pmf|rep=0,5ea4a50404d5d00f,f1de5afd71310f5c,f20a75fb006ed8cc,source_imagenet_class,7.0,ok,,,2026-09-09T12:55:37.608160
stage2_pmf,7fc9bbf18dce,super_resolution__pnp__c4,super_resolution__pnp__c4,super_resolution,prob_0f6cb8346c07d449,ALL,pmf,meanflow,jax,pixel,pnp,PnP-Flow,1.0,1.0,0.0,1.0,0.0,meanflow_descending,pure_prior_noise,upsample_bicubic,,,,,0.047619047619047616,0.04761904761904756,0.04761904761904767,,,,,,,,half_mean_squared_per_measurement,,,20,100000.0,0.25,1,,,,not_applicable,not_applicable,not_applicable,method,method,not_applicable,25.00747649087999,0.7328245416218081,0.1462876694276929,0.0776812806725502,,,,,,22.72518401401371,0.6367004835325139,0.2324478104710579,24.165853270405385,5.7292680302634835,0.7161585037829354,20,42,42,0,0,0,42,0,40,40,0,42,40,40,,,,,,,,,,,,0,0,0,0,0.0,,,,,,,,,,,,,,,,,,,,,,,1.5849,9.8241,8.2392,"jax_device_memory_stats(peak_bytes_in_use)  [LIFETIME high-water mark: it has no reset API, so it can only over-report this job]",,,,unavailable,4,8,0,2.9163,24.3,42,0,seed=42|model=pmf|rep=0,5ea4a50404d5d00f,f1de5afd71310f5c,f20a75fb006ed8cc,source_imagenet_class,7.0,ok,,,2026-09-09T12:55:44.093787
stage2_pmf,82e9b2fcea18,super_resolution__dflow__c1,super_resolution__dflow__c1,super_resolution,prob_0f6cb8346c07d449,ALL,pmf,meanflow,jax,pixel,dflow,D-Flow,1.0,1.0,0.0,1.0,0.0,meanflow_descending,pure_prior_noise,upsample_bicubic,1,,,,1.0,1.0,1.0,,,,0.03,adam,,,half_mean_squared_per_measurement,,,,,,,640,,,not_applicable,not_applicable,method,not_applicable,not_applicable,not_applicable,25.56181287389144,0.7263386083672998,0.1890886751934886,0.08009634912014008,,,,,,22.72518401401371,0.6367004835325139,0.2324478104710579,24.165853270405385,176.0892565427348,22.01115706784185,1,1282,1282,1280,1280,1280,1282,1280,1280,1280,1280,0,1282,1280,,,,,,,,,,,,0,0,0,0,0.0,,,,,,,,,,,,,,,,,,,,,,,1.5884,9.8251,8.2367,"jax_device_memory_stats(peak_bytes_in_use)  [LIFETIME high-water mark: it has no reset API, so it can only over-report this job]",,,,unavailable,4,8,0,0.6067,38.04,42,0,seed=42|model=pmf|rep=0,5ea4a50404d5d00f,f1de5afd71310f5c,f20a75fb006ed8cc,source_imagenet_class,7.0,ok,,,2026-09-09T12:35:20.075620
stage2_pmf,fa79fe2a8004,super_resolution__dflow__c2,super_resolution__dflow__c2,super_resolution,prob_0f6cb8346c07d449,ALL,pmf,meanflow,jax,pixel,dflow,D-Flow,1.0,1.0,0.0,1.0,0.0,meanflow_descending,pure_prior_noise,upsample_bicubic,1,,,,1.0,1.0,1.0,,,,0.03,adam,,,half_mean_squared_per_measurement,,,,,,,320,,,not_applicable,not_applicable,method,not_applicable,not_applicable,not_applicable,24.516496529625606,0.6488248721595947,0.2803995721042156,0.11958122253417969,,,,,,22.72518401401371,0.6367004835325139,0.2324478104710579,24.165853270405385,78.3258924651891,9.790736558148637,1,642,642,640,640,640,642,640,640,640,640,0,642,640,,,,,,,,,,,,0,0,0,0,0.0,,,,,,,,,,,,,,,,,,,,,,,1.5884,9.8251,8.2367,"jax_device_memory_stats(peak_bytes_in_use)  [LIFETIME high-water mark: it has no reset API, so it can only over-report this job]",,,,unavailable,4,8,0,0.6067,38.04,42,0,seed=42|model=pmf|rep=0,5ea4a50404d5d00f,f1de5afd71310f5c,f20a75fb006ed8cc,source_imagenet_class,7.0,ok,,,2026-09-09T12:36:39.196509
stage2_pmf,066b2aaf529a,super_resolution__dflow__c3,super_resolution__dflow__c3,super_resolution,prob_0f6cb8346c07d449,ALL,pmf,meanflow,jax,pixel,dflow,D-Flow,1.0,1.0,0.0,1.0,0.0,meanflow_descending,pure_prior_noise,upsample_bicubic,1,,,,1.0,1.0,1.0,,,,0.01,adam,,,half_mean_squared_per_measurement,,,,,,,640,,,not_applicable,not_applicable,method,not_applicable,not_applicable,not_applicable,23.440821385708055,0.5706632449895852,0.3668298311531544,0.15323325991630554,,,,,,22.72518401401371,0.6367004835325139,0.2324478104710579,24.165853270405385,615.3390368651599,76.91737960814498,1,1282,1282,1280,1280,1280,1282,1280,1280,1280,1280,0,1282,1280,,,,,,,,,,,,0,0,0,0,0.0,,,,,,,,,,,,,,,,,,,,,,,1.5849,8.0,6.4151,"jax_device_memory_stats(peak_bytes_in_use)  [LIFETIME high-water mark: it has no reset API, so it can only over-report this job]",,,,unavailable,4,8,0,31.4089,24.3,42,0,seed=42|model=pmf|rep=0,5ea4a50404d5d00f,f1de5afd71310f5c,f20a75fb006ed8cc,source_imagenet_class,7.0,ok,,,2026-09-09T12:01:02.666609
stage2_pmf,cc8d56e56ec5,super_resolution__dflow__c4,super_resolution__dflow__c4,super_resolution,prob_0f6cb8346c07d449,ALL,pmf,meanflow,jax,pixel,dflow,D-Flow,1.0,1.0,0.0,1.0,0.0,meanflow_descending,pure_prior_noise,upsample_bicubic,1,,,,1.0,1.0,1.0,,,,0.03,adam,,,half_mean_squared_per_measurement,,,,,,,1280,,,not_applicable,not_applicable,method,not_applicable,not_applicable,not_applicable,25.559168880149763,0.7593932973785569,0.15210839174687862,0.06009761616587639,,,,,,22.72518401401371,0.6367004835325139,0.2324478104710579,24.165853270405385,901.2508924296126,112.65636155370157,1,2562,2562,2560,2560,2560,2562,2560,2560,2560,2560,0,2562,2560,,,,,,,,,,,,0,0,0,0,0.0,,,,,,,,,,,,,,,,,,,,,,,1.5849,8.0,6.4151,"jax_device_memory_stats(peak_bytes_in_use)  [LIFETIME high-water mark: it has no reset API, so it can only over-report this job]",,,,unavailable,4,8,0,31.4089,24.3,42,0,seed=42|model=pmf|rep=0,5ea4a50404d5d00f,f1de5afd71310f5c,f20a75fb006ed8cc,source_imagenet_class,7.0,ok,,,2026-09-09T12:16:04.710334
stage2_pmf,8eff4fd2346b,super_resolution__mpc_rhc__c1,super_resolution__mpc_rhc__c1,super_resolution,prob_0f6cb8346c07d449,ALL,pmf,meanflow,jax,pixel,mpc_rhc,MPC-RHC (K=3),1.0,1.0,0.0,1.0,0.0,meanflow_descending,pure_prior_noise,upsample_bicubic,,,4,0.25,0.25,0.25,0.25,3,180.0,40,0.05,adam,False,,half_sum_squared,sum_squared,,,,,,,,,method,method,method,not_applicable,not_applicable,not_applicable,25.204909911218977,0.7099212216963382,0.20266487263143063,0.0863182321190834,,,,,,22.72518401401371,0.6367004835325139,0.2324478104710579,24.165853270405385,286.71740090008825,35.83967511251103,4,1312,1312,1280,640,1280,1312,1280,0,0,0,0,640,0,,,,,,,,,,,,0,0,0,0,0.0,,,,,,,,,,,,,,,,,,,,,,,1.5835,8.0,6.4165,"jax_device_memory_stats(peak_bytes_in_use)  [LIFETIME high-water mark: it has no reset API, so it can only over-report this job]",,,,unavailable,2,8,0,3.369,24.3,42,0,seed=42|model=pmf|rep=0,5ea4a50404d5d00f,f1de5afd71310f5c,3249b4011135d6ae,source_imagenet_class,7.0,ok,,,2026-09-09T12:39:41.925569
stage2_pmf,511a10bc80c0,super_resolution__mpc_rhc__c2,super_resolution__mpc_rhc__c2,super_resolution,prob_0f6cb8346c07d449,ALL,pmf,meanflow,jax,pixel,mpc_rhc,MPC-RHC (K=3),1.0,1.0,0.0,1.0,0.0,meanflow_descending,pure_prior_noise,upsample_bicubic,,,4,0.25,0.25,0.25,0.25,3,240.0,40,0.05,adam,False,,half_sum_squared,sum_squared,,,,,,,,,method,method,method,not_applicable,not_applicable,not_applicable,25.426966112584545,0.7172291831421684,0.20423809066414833,0.0837276428937912,,,,,,22.72518401401371,0.6367004835325139,0.2324478104710579,24.165853270405385,285.9327834667638,35.741597933345474,4,1312,1312,1280,640,1280,1312,1280,0,0,0,0,640,0,,,,,,,,,,,,0,0,0,0,0.0,,,,,,,,,,,,,,,,,,,,,,,1.5835,8.0,6.4165,"jax_device_memory_stats(peak_bytes_in_use)  [LIFETIME high-water mark: it has no reset API, so it can only over-report this job]",,,,unavailable,2,8,0,3.369,24.3,42,0,seed=42|model=pmf|rep=0,5ea4a50404d5d00f,f1de5afd71310f5c,3249b4011135d6ae,source_imagenet_class,7.0,ok,,,2026-09-09T12:44:28.639831
stage2_pmf,c9a853262b74,super_resolution__mpc_rhc__c3,super_resolution__mpc_rhc__c3,super_resolution,prob_0f6cb8346c07d449,ALL,pmf,meanflow,jax,pixel,mpc_rhc,MPC-RHC (K=3),1.0,1.0,0.0,1.0,0.0,meanflow_descending,pure_prior_noise,upsample_bicubic,,,4,0.25,0.25,0.25,0.25,3,60.0,40,0.05,adam,False,,half_sum_squared,sum_squared,,,,,,,,,method,method,method,not_applicable,not_applicable,not_applicable,23.638282926701287,0.6285164599757245,0.24553672410547733,0.1118786558508873,,,,,,22.72518401401371,0.6367004835325139,0.2324478104710579,24.165853270405385,265.9816700378433,33.24770875473041,4,1312,1312,1280,640,1280,1312,1280,0,0,0,0,640,0,,,,,,,,,,,,0,0,0,0,0.0,,,,,,,,,,,,,,,,,,,,,,,1.5835,8.0,6.4165,"jax_device_memory_stats(peak_bytes_in_use)  [LIFETIME high-water mark: it has no reset API, so it can only over-report this job]",,,,unavailable,2,8,0,3.369,24.3,42,0,seed=42|model=pmf|rep=0,5ea4a50404d5d00f,f1de5afd71310f5c,3249b4011135d6ae,source_imagenet_class,7.0,ok,,,2026-09-09T12:48:55.537897
stage2_pmf,651fef856243,super_resolution__mpc_rhc__c4,super_resolution__mpc_rhc__c4,super_resolution,prob_0f6cb8346c07d449,ALL,pmf,meanflow,jax,pixel,mpc_rhc,MPC-RHC (K=4),1.0,1.0,0.0,1.0,0.0,meanflow_descending,pure_prior_noise,upsample_bicubic,,,4,0.25,0.25,0.25,0.25,4,180.0,40,0.05,adam,False,,half_sum_squared,sum_squared,,,,,,,,,method,method,method,not_applicable,not_applicable,not_applicable,24.996041328055078,0.6945192030044969,0.22688278928399086,0.0918564423918724,,,,,,22.72518401401371,0.6367004835325139,0.2324478104710579,24.165853270405385,379.67756004817784,47.45969500602223,4,1952,1952,1920,640,1920,1952,1920,0,0,0,0,640,0,,,,,,,,,,,,0,0,0,0,0.0,,,,,,,,,,,,,,,,,,,,,,,1.5835,9.8241,8.2406,"jax_device_memory_stats(peak_bytes_in_use)  [LIFETIME high-water mark: it has no reset API, so it can only over-report this job]",,,,unavailable,2,8,0,3.1787,24.3,42,0,seed=42|model=pmf|rep=0,5ea4a50404d5d00f,f1de5afd71310f5c,3249b4011135d6ae,source_imagenet_class,7.0,ok,,,2026-09-09T12:55:19.172040
stage2_pmf,f8c7f98258e6,super_resolution__mpc_delta_t__c1,super_resolution__mpc_delta_t__c1,super_resolution,prob_0f6cb8346c07d449,ALL,pmf,meanflow,jax,pixel,mpc_delta_t,MPC-delta_t,1.0,1.0,0.0,1.0,0.0,meanflow_descending,pure_prior_noise,upsample_bicubic,,,8,0.125,0.125,0.125,0.125,,360.0,40,0.15,adam,False,,half_sum_squared,sum_squared,none,,,,,,,,method,method,method,not_applicable,not_applicable,not_applicable,26.5225154364883,0.7802078242285471,0.09378669457510114,0.016640735790133476,,,,,,22.72518401401371,0.6367004835325139,0.2324478104710579,24.165853270405385,143.7064600996673,17.963307512458414,8,576,576,560,640,560,576,560,0,0,0,0,640,0,,,,,,,,,,,,0,0,0,0,0.0,,,,,,,,,,,,,,,,,,,,,,,1.5849,8.0,6.4151,"jax_device_memory_stats(peak_bytes_in_use)  [LIFETIME high-water mark: it has no reset API, so it can only over-report this job]",,,,unavailable,4,8,0,5.3912,24.3,42,0,seed=42|model=pmf|rep=0,5ea4a50404d5d00f,f1de5afd71310f5c,f20a75fb006ed8cc,source_imagenet_class,7.0,ok,,,2026-09-09T12:18:34.554200
stage2_pmf,a6933ebf39e5,super_resolution__mpc_delta_t__c2,super_resolution__mpc_delta_t__c2,super_resolution,prob_0f6cb8346c07d449,ALL,pmf,meanflow,jax,pixel,mpc_delta_t,MPC-delta_t,1.0,1.0,0.0,1.0,0.0,meanflow_descending,pure_prior_noise,upsample_bicubic,,,8,0.125,0.125,0.125,0.125,,360.0,40,0.3,adam,False,,half_sum_squared,sum_squared,none,,,,,,,,method,method,method,not_applicable,not_applicable,not_applicable,26.41655532173544,0.7795710486533062,0.09657530998811126,0.016884345561265945,,,,,,22.72518401401371,0.6367004835325139,0.2324478104710579,24.165853270405385,144.78743301611394,18.098429127014242,8,576,576,560,640,560,576,560,0,0,0,0,640,0,,,,,,,,,,,,0,0,0,0,0.0,,,,,,,,,,,,,,,,,,,,,,,1.5849,8.0,6.4151,"jax_device_memory_stats(peak_bytes_in_use)  [LIFETIME high-water mark: it has no reset API, so it can only over-report this job]",,,,unavailable,4,8,0,5.3912,24.3,42,0,seed=42|model=pmf|rep=0,5ea4a50404d5d00f,f1de5afd71310f5c,f20a75fb006ed8cc,source_imagenet_class,7.0,ok,,,2026-09-09T12:21:00.047619
stage2_pmf,9080e110479a,super_resolution__mpc_delta_t__c3,super_resolution__mpc_delta_t__c3,super_resolution,prob_0f6cb8346c07d449,ALL,pmf,meanflow,jax,pixel,mpc_delta_t,MPC-delta_t,1.0,1.0,0.0,1.0,0.0,meanflow_descending,pure_prior_noise,upsample_bicubic,,,8,0.125,0.125,0.125,0.125,,360.0,40,0.05,adam,False,,half_sum_squared,sum_squared,none,,,,,,,,method,method,method,not_applicable,not_applicable,not_applicable,26.67121477703761,0.7807880167532021,0.09742060117423534,0.01735621877014637,,,,,,22.72518401401371,0.6367004835325139,0.2324478104710579,24.165853270405385,145.21879285015166,18.152349106268957,8,576,576,560,640,560,576,560,0,0,0,0,640,0,,,,,,,,,,,,0,0,0,0,0.0,,,,,,,,,,,,,,,,,,,,,,,1.5849,8.0,6.4151,"jax_device_memory_stats(peak_bytes_in_use)  [LIFETIME high-water mark: it has no reset API, so it can only over-report this job]",,,,unavailable,4,8,0,5.3912,24.3,42,0,seed=42|model=pmf|rep=0,5ea4a50404d5d00f,f1de5afd71310f5c,f20a75fb006ed8cc,source_imagenet_class,7.0,ok,,,2026-09-09T12:23:25.968046
stage2_pmf,9671de3449f3,super_resolution__mpc_delta_t__c4,super_resolution__mpc_delta_t__c4,super_resolution,prob_0f6cb8346c07d449,ALL,pmf,meanflow,jax,pixel,mpc_delta_t,MPC-delta_t,1.0,1.0,0.0,1.0,0.0,meanflow_descending,pure_prior_noise,upsample_bicubic,,,4,0.25,0.25,0.25,0.25,,360.0,20,0.1,adam,False,,half_sum_squared,sum_squared,none,,,,,,,,method,method,method,not_applicable,not_applicable,not_applicable,26.294195748901256,0.7687683994519852,0.12576391082257032,0.014228972606360912,,,,,,22.72518401401371,0.6367004835325139,0.2324478104710579,24.165853270405385,33.28400513250381,4.160500641562976,4,128,128,120,160,120,128,120,0,0,0,0,160,0,,,,,,,,,,,,0,0,0,0,0.0,,,,,,,,,,,,,,,,,,,,,,,1.5849,8.0,6.4151,"jax_device_memory_stats(peak_bytes_in_use)  [LIFETIME high-water mark: it has no reset API, so it can only over-report this job]",,,,unavailable,4,8,0,1.1518,24.3,42,0,seed=42|model=pmf|rep=0,5ea4a50404d5d00f,f1de5afd71310f5c,f20a75fb006ed8cc,source_imagenet_class,7.0,ok,,,2026-09-09T12:24:01.120567
stage2_pmf,ac1ffa6fd9d4,super_resolution__mpc_delta_t__c5,super_resolution__mpc_delta_t__c5,super_resolution,prob_0f6cb8346c07d449,ALL,pmf,meanflow,jax,pixel,mpc_delta_t,MPC-delta_t,1.0,1.0,0.0,1.0,0.0,meanflow_descending,pure_prior_noise,upsample_bicubic,,,16,0.0625,0.0625,0.0625,0.0625,,360.0,40,0.15,adam,False,,half_sum_squared,sum_squared,none,,,,,,,,method,method,method,not_applicable,not_applicable,not_applicable,26.716528393052506,0.7726023232698698,0.12623444572091103,0.04339669272303581,,,,,,22.72518401401371,0.6367004835325139,0.2324478104710579,24.165853270405385,315.6592930536717,39.457411631708965,16,1232,1232,1200,1280,1200,1232,1200,0,0,0,0,1280,0,,,,,,,,,,,,0,0,0,0,0.0,,,,,,,,,,,,,,,,,,,,,,,1.5849,8.0,6.4151,"jax_device_memory_stats(peak_bytes_in_use)  [LIFETIME high-water mark: it has no reset API, so it can only over-report this job]",,,,unavailable,4,8,0,5.4771,24.3,42,0,seed=42|model=pmf|rep=0,5ea4a50404d5d00f,f1de5afd71310f5c,f20a75fb006ed8cc,source_imagenet_class,7.0,ok,,,2026-09-09T12:29:22.972350
stage2_pmf,87ff35c7d7bc,super_resolution__mpc_delta_t__c6,super_resolution__mpc_delta_t__c6,super_resolution,prob_0f6cb8346c07d449,ALL,pmf,meanflow,jax,pixel,mpc_delta_t,MPC-delta_t,1.0,1.0,0.0,1.0,0.0,meanflow_descending,pure_prior_noise,upsample_bicubic,,,8,0.125,0.125,0.125,0.125,,360.0,80,0.15,adam,False,,half_sum_squared,sum_squared,none,,,,,,,,method,method,method,not_applicable,not_applicable,not_applicable,26.423589983485464,0.778037579518972,0.09576381649821997,0.01666412688791752,,,,,,22.72518401401371,0.6367004835325139,0.2324478104710579,24.165853270405385,327.3871880900115,40.923398511251435,8,1136,1136,1120,1280,1120,1136,1120,0,0,0,0,1280,0,,,,,,,,,,,,0,0,0,0,0.0,,,,,,,,,,,,,,,,,,,,,,,1.5849,8.0,6.4151,"jax_device_memory_stats(peak_bytes_in_use)  [LIFETIME high-water mark: it has no reset API, so it can only over-report this job]",,,,unavailable,4,8,0,5.3912,24.3,42,0,seed=42|model=pmf|rep=0,5ea4a50404d5d00f,f1de5afd71310f5c,f20a75fb006ed8cc,source_imagenet_class,7.0,ok,,,2026-09-09T12:34:51.093671
stage2_pmf,b7da7559dfe7,super_resolution__rhso__c1,super_resolution__rhso__c1,super_resolution,prob_0f6cb8346c07d449,ALL,pmf,meanflow,jax,pixel,rhso,RHSO,1.0,1.0,0.0,1.0,0.0,meanflow_descending,pure_prior_noise,upsample_bicubic,,,,,0.25,0.25,0.25,,,,0.01,adam,,,half_mean_squared_per_measurement,,,,,,,40,4,0.2,not_applicable,not_applicable,method,not_applicable,not_applicable,method,26.655857321420218,0.7931105366354556,0.10723622748628259,0.050127118825912476,,,,,,22.72518401401371,0.6367004835325139,0.2324478104710579,24.165853270405385,93.74961869232357,11.718702336540446,4,328,328,320,320,320,328,320,320,320,320,0,320,320,direct,learned_finite_interval_map,,False,False,False,,,,False,,0,0,0,0,0.0,,,,,,,,,,,,,,,,,,,,,,,1.5849,9.8241,8.2392,"jax_device_memory_stats(peak_bytes_in_use)  [LIFETIME high-water mark: it has no reset API, so it can only over-report this job]",,,,unavailable,4,8,0,2.0149,24.3,42,0,seed=42|model=pmf|rep=0,5ea4a50404d5d00f,f1de5afd71310f5c,f20a75fb006ed8cc,source_imagenet_class,7.0,ok,,,2026-09-09T12:57:20.632670
stage2_pmf,5b3b472c5f5b,super_resolution__rhso__c2,super_resolution__rhso__c2,super_resolution,prob_0f6cb8346c07d449,ALL,pmf,meanflow,jax,pixel,rhso,RHSO,1.0,1.0,0.0,1.0,0.0,meanflow_descending,pure_prior_noise,upsample_bicubic,,,,,0.25,0.25,0.25,,,,0.03,adam,,,half_mean_squared_per_measurement,,,,,,,40,4,1.0,not_applicable,not_applicable,method,not_applicable,not_applicable,method,26.195365315239034,0.7617757183815529,0.12238193023949862,0.0660264790058136,,,,,,22.72518401401371,0.6367004835325139,0.2324478104710579,24.165853270405385,95.61300211586058,11.951625264482573,4,328,328,320,320,320,328,320,320,320,320,0,320,320,direct,learned_finite_interval_map,,False,False,False,,,,False,,0,0,0,0,0.0,,,,,,,,,,,,,,,,,,,,,,,1.5849,9.8241,8.2392,"jax_device_memory_stats(peak_bytes_in_use)  [LIFETIME high-water mark: it has no reset API, so it can only over-report this job]",,,,unavailable,4,8,0,1.6159,24.3,42,0,seed=42|model=pmf|rep=0,5ea4a50404d5d00f,f1de5afd71310f5c,f20a75fb006ed8cc,source_imagenet_class,7.0,ok,,,2026-09-09T12:58:58.614907
stage2_pmf,6c93074aa6ed,super_resolution__rhso__c3,super_resolution__rhso__c3,super_resolution,prob_0f6cb8346c07d449,ALL,pmf,meanflow,jax,pixel,rhso,RHSO,1.0,1.0,0.0,1.0,0.0,meanflow_descending,pure_prior_noise,upsample_bicubic,,,,,0.25,0.25,0.25,,,,0.01,adam,,,half_mean_squared_per_measurement,,,,,,,40,4,1.0,not_applicable,not_applicable,method,not_applicable,not_applicable,method,26.37970176523301,0.757064314056191,0.12444767728447914,0.07094883918762207,,,,,,22.72518401401371,0.6367004835325139,0.2324478104710579,24.165853270405385,87.50008547585458,10.937510684481822,4,328,328,320,320,320,328,320,320,320,320,0,320,320,direct,learned_finite_interval_map,,False,False,False,,,,False,,0,0,0,0,0.0,,,,,,,,,,,,,,,,,,,,,,,1.5849,9.8241,8.2392,"jax_device_memory_stats(peak_bytes_in_use)  [LIFETIME high-water mark: it has no reset API, so it can only over-report this job]",,,,unavailable,4,8,0,1.6159,24.3,42,0,seed=42|model=pmf|rep=0,5ea4a50404d5d00f,f1de5afd71310f5c,f20a75fb006ed8cc,source_imagenet_class,7.0,ok,,,2026-09-09T13:00:26.853682
stage2_pmf,811b8d4e1d65,super_resolution__rhso__c4,super_resolution__rhso__c4,super_resolution,prob_0f6cb8346c07d449,ALL,pmf,meanflow,jax,pixel,rhso,RHSO,1.0,1.0,0.0,1.0,0.0,meanflow_descending,pure_prior_noise,upsample_bicubic,,,,,0.25,0.25,0.25,,,,0.01,adam,,,half_mean_squared_per_measurement,,,,,,,40,4,0.0,not_applicable,not_applicable,method,not_applicable,not_applicable,method,26.697078590394966,0.7969280815372015,0.13062343699857593,0.0463443323969841,,,,,,22.72518401401371,0.6367004835325139,0.2324478104710579,24.165853270405385,73.4797932067886,9.184974150848575,4,328,328,320,320,320,328,320,320,320,320,0,320,320,direct,learned_finite_interval_map,,False,False,False,,,,False,,0,0,0,0,0.0,,,,,,,,,,,,,,,,,,,,,,,1.5849,9.8241,8.2392,"jax_device_memory_stats(peak_bytes_in_use)  [LIFETIME high-water mark: it has no reset API, so it can only over-report this job]",,,,unavailable,4,8,0,1.1025,24.3,42,0,seed=42|model=pmf|rep=0,5ea4a50404d5d00f,f1de5afd71310f5c,f20a75fb006ed8cc,source_imagenet_class,7.0,ok,,,2026-09-09T13:01:42.191730
stage2_pmf,0ddc9e7901bc,random_inpainting__sdedit__c1,random_inpainting__sdedit__c1,random_inpaint,prob_afb9ac8da51f5e92,ALL,pmf,meanflow,jax,pixel,sdedit,SDEdit,1.0,1.0,0.0,1.0,0.0,meanflow_descending,pure_prior_noise,zero_fill,1,,,,1.0,1.0,1.0,,,,,,,,,,,,,,,,,,not_applicable,not_applicable,not_applicable,not_applicable,not_applicable,not_applicable,9.407303578598258,0.02289314944216632,0.7175162509083748,0.39488914608955383,0.7201368141819539,8.872299651328635,,0.7200703544326732,8.873101288843868,12.719088983386953,0.152621716640785,1.0188368633389473,12.719088983386953,0.0759446294978261,0.009493078687228262,1,2,2,0,0,0,2,0,0,0,0,0,0,0,,,,,,,,,,,,0,0,0,0,0.0,,,,,,,,,,,,,,,,,,,,,,,1.5884,9.8251,8.2367,"jax_device_memory_stats(peak_bytes_in_use)  [LIFETIME high-water mark: it has no reset API, so it can only over-report this job]",,,,unavailable,4,8,0,0.0771,38.04,42,0,seed=42|model=pmf|rep=0,0f6770a3fd505440,161f0ec2d4e64414,f20a75fb006ed8cc,source_imagenet_class,7.0,ok,,,2026-09-09T12:32:20.279368
stage2_pmf,0d886ec67e84,random_inpainting__sdedit__c2,random_inpainting__sdedit__c2,random_inpaint,prob_afb9ac8da51f5e92,ALL,pmf,meanflow,jax,pixel,sdedit,SDEdit,1.0,1.0,0.0,1.0,0.0,meanflow_descending,pure_prior_noise,zero_fill,2,,,,0.5,0.5,0.5,,,,,,,,,,,,,,,,,,not_applicable,not_applicable,not_applicable,not_applicable,not_applicable,not_applicable,9.345331010307149,0.018918637487890258,0.7135526463389397,0.3970324695110321,0.7239098319981404,8.826910409898632,,0.7239778574639735,8.8260942392888,12.719088983386953,0.152621716640785,1.0188368633389473,12.719088983386953,0.17515313811600208,0.02189414226450026,2,4,4,0,0,0,4,0,0,0,0,0,0,0,,,,,,,,,,,,0,0,0,0,0.0,,,,,,,,,,,,,,,,,,,,,,,1.5884,9.8251,8.2367,"jax_device_memory_stats(peak_bytes_in_use)  [LIFETIME high-water mark: it has no reset API, so it can only over-report this job]",,,,unavailable,4,8,0,0.1021,38.04,42,0,seed=42|model=pmf|rep=0,0f6770a3fd505440,161f0ec2d4e64414,f20a75fb006ed8cc,source_imagenet_class,7.0,ok,,,2026-09-09T12:32:21.404006
stage2_pmf,4a3fa5f5aae6,random_inpainting__sdedit__c3,random_inpainting__sdedit__c3,random_inpaint,prob_afb9ac8da51f5e92,ALL,pmf,meanflow,jax,pixel,sdedit,SDEdit,1.0,1.0,0.0,1.0,0.0,meanflow_descending,pure_prior_noise,zero_fill,4,,,,0.25,0.25,0.25,,,,,,,,,,,,,,,,,,not_applicable,not_applicable,not_applicable,not_applicable,not_applicable,not_applicable,9.259562586426785,0.017496156754925867,0.7164966240525246,0.40041401982307434,0.7300783461553743,8.75321056080939,,0.7301487861555968,8.752372562315905,12.719088983386953,0.152621716640785,1.0188368633389473,12.719088983386953,0.20735468715429306,0.025919335894286633,4,8,8,0,0,0,8,0,0,0,0,0,0,0,,,,,,,,,,,,0,0,0,0,0.0,,,,,,,,,,,,,,,,,,,,,,,1.5884,9.8251,8.2367,"jax_device_memory_stats(peak_bytes_in_use)  [LIFETIME high-water mark: it has no reset API, so it can only over-report this job]",,,,unavailable,4,8,0,0.1203,38.04,42,0,seed=42|model=pmf|rep=0,0f6770a3fd505440,161f0ec2d4e64414,f20a75fb006ed8cc,source_imagenet_class,7.0,ok,,,2026-09-09T12:32:22.570381
stage2_pmf,4cca7086b15b,random_inpainting__pnp__c1,random_inpainting__pnp__c1,random_inpaint,prob_afb9ac8da51f5e92,ALL,pmf,meanflow,jax,pixel,pnp,PnP-Flow,1.0,1.0,0.0,1.0,0.0,meanflow_descending,pure_prior_noise,zero_fill,,,,,0.047619047619047616,0.04761904761904756,0.04761904761904767,,,,,,,,half_mean_squared_per_measurement,,,20,100000.0,0.1,1,,,,not_applicable,not_applicable,not_applicable,method,method,not_applicable,25.226028867669008,0.7499250267820221,0.12207191064953804,0.031113220378756523,0.14757447267263568,22.640375112619605,,0.05623131352348051,31.021035344519042,12.719088983386953,0.152621716640785,1.0188368633389473,12.719088983386953,2.2327152779325843,0.27908940974157304,20,42,42,0,0,0,42,0,40,40,0,42,40,40,,,,,,,,,,,,0,0,0,0,0.0,,,,,,,,,,,,,,,,,,,,,,,1.5884,9.8251,8.2367,"jax_device_memory_stats(peak_bytes_in_use)  [LIFETIME high-water mark: it has no reset API, so it can only over-report this job]",,,,unavailable,4,8,0,1.3946,38.04,42,0,seed=42|model=pmf|rep=0,0f6770a3fd505440,161f0ec2d4e64414,f20a75fb006ed8cc,source_imagenet_class,7.0,ok,,,2026-09-09T12:29:04.147185
stage2_pmf,ae9e67bfcf46,random_inpainting__pnp__c2,random_inpainting__pnp__c2,random_inpaint,prob_afb9ac8da51f5e92,ALL,pmf,meanflow,jax,pixel,pnp,PnP-Flow,1.0,1.0,0.0,1.0,0.0,meanflow_descending,pure_prior_noise,zero_fill,,,,,0.047619047619047616,0.04761904761904756,0.04761904761904767,,,,,,,,half_mean_squared_per_measurement,,,20,100000.0,0.25,1,,,,not_applicable,not_applicable,not_applicable,method,method,not_applicable,24.860916948067285,0.7245235235642953,0.14168695453554392,0.03854842483997345,0.14866388677588324,22.576490250808753,,0.06981389103065416,29.141763037394803,12.719088983386953,0.152621716640785,1.0188368633389473,12.719088983386953,2.257574088871479,0.2821967611089349,20,42,42,0,0,0,42,0,40,40,0,42,40,40,,,,,,,,,,,,0,0,0,0,0.0,,,,,,,,,,,,,,,,,,,,,,,1.5884,9.8251,8.2367,"jax_device_memory_stats(peak_bytes_in_use)  [LIFETIME high-water mark: it has no reset API, so it can only over-report this job]",,,,unavailable,4,8,0,1.3946,38.04,42,0,seed=42|model=pmf|rep=0,0f6770a3fd505440,161f0ec2d4e64414,f20a75fb006ed8cc,source_imagenet_class,7.0,ok,,,2026-09-09T12:29:07.236569
stage2_pmf,ad1ce19935e8,random_inpainting__pnp__c3,random_inpainting__pnp__c3,random_inpaint,prob_afb9ac8da51f5e92,ALL,pmf,meanflow,jax,pixel,pnp,PnP-Flow,1.0,1.0,0.0,1.0,0.0,meanflow_descending,pure_prior_noise,zero_fill,,,,,0.09090909090909091,0.09090909090909083,0.09090909090909094,,,,,,,,half_mean_squared_per_measurement,,,10,100000.0,0.1,1,,,,not_applicable,not_applicable,not_applicable,method,method,not_applicable,24.72490008244871,0.7092396790451999,0.15327256452292204,0.03714725747704506,0.14992353437595687,22.503203674278307,,0.06720085357988578,29.473104124024573,12.719088983386953,0.152621716640785,1.0188368633389473,12.719088983386953,1.0689701149240136,0.1336212643655017,10,22,22,0,0,0,22,0,20,20,0,22,20,20,,,,,,,,,,,,0,0,0,0,0.0,,,,,,,,,,,,,,,,,,,,,,,1.5884,9.8251,8.2367,"jax_device_memory_stats(peak_bytes_in_use)  [LIFETIME high-water mark: it has no reset API, so it can only over-report this job]",,,,unavailable,4,8,0,0.6549,38.04,42,0,seed=42|model=pmf|rep=0,0f6770a3fd505440,161f0ec2d4e64414,f20a75fb006ed8cc,source_imagenet_class,7.0,ok,,,2026-09-09T12:29:09.793429
stage2_pmf,81a64e728453,random_inpainting__dflow__c1,random_inpainting__dflow__c1,random_inpaint,prob_afb9ac8da51f5e92,ALL,pmf,meanflow,jax,pixel,dflow,D-Flow,1.0,1.0,0.0,1.0,0.0,meanflow_descending,pure_prior_noise,zero_fill,1,,,,1.0,1.0,1.0,,,,0.03,adam,,,half_mean_squared_per_measurement,,,,,,,640,,,not_applicable,not_applicable,method,not_applicable,not_applicable,not_applicable,24.44433881970719,0.6378867066550894,0.29552122112363577,0.08592040836811066,0.19403231026757106,20.26311881956879,,0.156420452885575,22.134729133867662,12.719088983386953,0.152621716640785,1.0188368633389473,12.719088983386953,176.00289185438305,22.00036148179788,1,1282,1282,1280,1280,1280,1282,1280,1280,1280,1280,0,1282,1280,,,,,,,,,,,,0,0,0,0,0.0,,,,,,,,,,,,,,,,,,,,,,,1.5871,8.0,6.4129,"jax_device_memory_stats(peak_bytes_in_use)  [LIFETIME high-water mark: it has no reset API, so it can only over-report this job]",,,,unavailable,4,8,0,0.3095,28.93,42,0,seed=42|model=pmf|rep=0,0f6770a3fd505440,161f0ec2d4e64414,f20a75fb006ed8cc,source_imagenet_class,7.0,ok,,,2026-09-09T12:25:08.284506
stage2_pmf,9589984bdb21,random_inpainting__dflow__c2,random_inpainting__dflow__c2,random_inpaint,prob_afb9ac8da51f5e92,ALL,pmf,meanflow,jax,pixel,dflow,D-Flow,1.0,1.0,0.0,1.0,0.0,meanflow_descending,pure_prior_noise,zero_fill,1,,,,1.0,1.0,1.0,,,,0.03,adam,,,half_mean_squared_per_measurement,,,,,,,320,,,not_applicable,not_applicable,method,not_applicable,not_applicable,not_applicable,24.457916998392555,0.6296790487131045,0.31983349472284317,0.06292074173688889,0.1399528598773261,23.10096436295213,,0.11429298565205633,24.860208356307,12.719088983386953,0.152621716640785,1.0188368633389473,12.719088983386953,85.09266004897654,10.636582506122068,1,642,642,640,640,640,642,640,640,640,640,0,642,640,,,,,,,,,,,,0,0,0,0,0.0,,,,,,,,,,,,,,,,,,,,,,,1.5871,8.0,6.4129,"jax_device_memory_stats(peak_bytes_in_use)  [LIFETIME high-water mark: it has no reset API, so it can only over-report this job]",,,,unavailable,4,8,0,0.3095,28.93,42,0,seed=42|model=pmf|rep=0,0f6770a3fd505440,161f0ec2d4e64414,f20a75fb006ed8cc,source_imagenet_class,7.0,ok,,,2026-09-09T12:26:34.207876
stage2_pmf,3b59037ffe7c,random_inpainting__dflow__c3,random_inpainting__dflow__c3,random_inpaint,prob_afb9ac8da51f5e92,ALL,pmf,meanflow,jax,pixel,dflow,D-Flow,1.0,1.0,0.0,1.0,0.0,meanflow_descending,pure_prior_noise,zero_fill,1,,,,1.0,1.0,1.0,,,,0.01,adam,,,half_mean_squared_per_measurement,,,,,,,640,,,not_applicable,not_applicable,method,not_applicable,not_applicable,not_applicable,23.71399532551792,0.5861722830575211,0.3469718787819147,0.07532994449138641,0.15387014723301973,22.27751252634008,,0.13698803817722696,23.286946990652133,12.719088983386953,0.152621716640785,1.0188368633389473,12.719088983386953,168.75674922019243,21.094593652524054,1,1282,1282,1280,1280,1280,1282,1280,1280,1280,1280,0,1282,1280,,,,,,,,,,,,0,0,0,0,0.0,,,,,,,,,,,,,,,,,,,,,,,1.5871,8.0,6.4129,"jax_device_memory_stats(peak_bytes_in_use)  [LIFETIME high-water mark: it has no reset API, so it can only over-report this job]",,,,unavailable,4,8,0,0.3095,28.93,42,0,seed=42|model=pmf|rep=0,0f6770a3fd505440,161f0ec2d4e64414,f20a75fb006ed8cc,source_imagenet_class,7.0,ok,,,2026-09-09T12:29:23.912040
stage2_pmf,7b6016047ecf,random_inpainting__dflow__c4,random_inpainting__dflow__c4,random_inpaint,prob_afb9ac8da51f5e92,ALL,pmf,meanflow,jax,pixel,dflow,D-Flow,1.0,1.0,0.0,1.0,0.0,meanflow_descending,pure_prior_noise,zero_fill,1,,,,1.0,1.0,1.0,,,,0.03,adam,,,half_mean_squared_per_measurement,,,,,,,1280,,,not_applicable,not_applicable,method,not_applicable,not_applicable,not_applicable,25.551885980129995,0.7342448201916217,0.1829802617430687,0.035785235464572906,0.1520235172994969,22.38238438551894,,0.06468354898417772,29.804723107899495,12.719088983386953,0.152621716640785,1.0188368633389473,12.719088983386953,336.73130232840776,42.09141279105097,1,2562,2562,2560,2560,2560,2562,2560,2560,2560,2560,0,2562,2560,,,,,,,,,,,,0,0,0,0,0.0,,,,,,,,,,,,,,,,,,,,,,,1.5871,8.0,6.4129,"jax_device_memory_stats(peak_bytes_in_use)  [LIFETIME high-water mark: it has no reset API, so it can only over-report this job]",,,,unavailable,4,8,0,0.3095,28.93,42,0,seed=42|model=pmf|rep=0,0f6770a3fd505440,161f0ec2d4e64414,f20a75fb006ed8cc,source_imagenet_class,7.0,ok,,,2026-09-09T12:35:01.505832
stage2_pmf,f4384af255dc,random_inpainting__mpc_rhc__c1,random_inpainting__mpc_rhc__c1,random_inpaint,prob_afb9ac8da51f5e92,ALL,pmf,meanflow,jax,pixel,mpc_rhc,MPC-RHC (K=3),1.0,1.0,0.0,1.0,0.0,meanflow_descending,pure_prior_noise,zero_fill,,,4,0.25,0.25,0.25,0.25,3,180.0,40,0.05,adam,False,,half_sum_squared,sum_squared,,,,,,,,,method,method,method,not_applicable,not_applicable,not_applicable,24.9196213714535,0.6892389718496996,0.221712501719594,0.04277263954281807,0.14182233552314297,22.985707252534418,,0.07751690763997873,28.232671129247116,12.719088983386953,0.152621716640785,1.0188368633389473,12.719088983386953,251.07644976116717,31.384556220145896,4,1312,1312,1280,640,1280,1312,1280,0,0,0,0,640,0,,,,,,,,,,,,0,0,0,0,0.0,,,,,,,,,,,,,,,,,,,,,,,1.587,8.0,6.413,"jax_device_memory_stats(peak_bytes_in_use)  [LIFETIME high-water mark: it has no reset API, so it can only over-report this job]",,,,unavailable,2,8,0,3.3287,38.04,42,0,seed=42|model=pmf|rep=0,0f6770a3fd505440,161f0ec2d4e64414,3249b4011135d6ae,source_imagenet_class,7.0,ok,,,2026-09-09T12:19:58.660982
stage2_pmf,796b1cba23cd,random_inpainting__mpc_rhc__c2,random_inpainting__mpc_rhc__c2,random_inpaint,prob_afb9ac8da51f5e92,ALL,pmf,meanflow,jax,pixel,mpc_rhc,MPC-RHC (K=3),1.0,1.0,0.0,1.0,0.0,meanflow_descending,pure_prior_noise,zero_fill,,,4,0.25,0.25,0.25,0.25,3,60.0,40,0.05,adam,False,,half_sum_squared,sum_squared,,,,,,,,,method,method,method,not_applicable,not_applicable,not_applicable,23.62270949509452,0.6274070650511818,0.24103958159685135,0.05299275368452072,0.15970878938478217,21.954023559668233,,0.09621585187690151,26.355667325845047,12.719088983386953,0.152621716640785,1.0188368633389473,12.719088983386953,176.06356207560748,22.007945259450935,4,1312,1312,1280,640,1280,1312,1280,0,0,0,0,640,0,,,,,,,,,,,,0,0,0,0,0.0,,,,,,,,,,,,,,,,,,,,,,,1.587,8.0,6.413,"jax_device_memory_stats(peak_bytes_in_use)  [LIFETIME high-water mark: it has no reset API, so it can only over-report this job]",,,,unavailable,2,8,0,3.3287,38.04,42,0,seed=42|model=pmf|rep=0,0f6770a3fd505440,161f0ec2d4e64414,3249b4011135d6ae,source_imagenet_class,7.0,ok,,,2026-09-09T12:22:55.558994
stage2_pmf,3763f5964779,random_inpainting__mpc_rhc__c3,random_inpainting__mpc_rhc__c3,random_inpaint,prob_afb9ac8da51f5e92,ALL,pmf,meanflow,jax,pixel,mpc_rhc,MPC-RHC (K=3),1.0,1.0,0.0,1.0,0.0,meanflow_descending,pure_prior_noise,zero_fill,,,4,0.25,0.25,0.25,0.25,3,60.0,40,0.1,adam,False,,half_sum_squared,sum_squared,,,,,,,,,method,method,method,not_applicable,not_applicable,not_applicable,22.93588873628061,0.5858706934874642,0.2639686055481434,0.060586582869291306,0.16708017528315477,21.562101469080517,,0.11009588066590567,25.185178517956203,12.719088983386953,0.152621716640785,1.0188368633389473,12.719088983386953,147.1618751976639,18.395234399707988,4,1312,1312,1280,640,1280,1312,1280,0,0,0,0,640,0,,,,,,,,,,,,0,0,0,0,0.0,,,,,,,,,,,,,,,,,,,,,,,1.587,8.0,6.413,"jax_device_memory_stats(peak_bytes_in_use)  [LIFETIME high-water mark: it has no reset API, so it can only over-report this job]",,,,unavailable,2,8,0,3.3287,38.04,42,0,seed=42|model=pmf|rep=0,0f6770a3fd505440,161f0ec2d4e64414,3249b4011135d6ae,source_imagenet_class,7.0,ok,,,2026-09-09T12:25:23.548999
stage2_pmf,9842a7f743f9,random_inpainting__mpc_rhc__c4,random_inpainting__mpc_rhc__c4,random_inpaint,prob_afb9ac8da51f5e92,ALL,pmf,meanflow,jax,pixel,mpc_rhc,MPC-RHC (K=4),1.0,1.0,0.0,1.0,0.0,meanflow_descending,pure_prior_noise,zero_fill,,,4,0.25,0.25,0.25,0.25,4,180.0,40,0.05,adam,False,,half_sum_squared,sum_squared,,,,,,,,,method,method,method,not_applicable,not_applicable,not_applicable,24.41458622583622,0.6635272349287112,0.2548646368086338,0.047719597816467285,0.15598780161691453,22.158787163831263,,0.08658909859102919,27.27133554170313,12.719088983386953,0.152621716640785,1.0188368633389473,12.719088983386953,213.124657753855,26.640582219231874,4,1952,1952,1920,640,1920,1952,1920,0,0,0,0,640,0,,,,,,,,,,,,0,0,0,0,0.0,,,,,,,,,,,,,,,,,,,,,,,1.587,9.8251,8.2381,"jax_device_memory_stats(peak_bytes_in_use)  [LIFETIME high-water mark: it has no reset API, so it can only over-report this job]",,,,unavailable,2,8,0,2.2187,38.04,42,0,seed=42|model=pmf|rep=0,0f6770a3fd505440,161f0ec2d4e64414,3249b4011135d6ae,source_imagenet_class,7.0,ok,,,2026-09-09T12:28:59.718438
stage2_pmf,c0a0fc9a1df5,random_inpainting__mpc_delta_t__c1,random_inpainting__mpc_delta_t__c1,random_inpaint,prob_afb9ac8da51f5e92,ALL,pmf,meanflow,jax,pixel,mpc_delta_t,MPC-delta_t,1.0,1.0,0.0,1.0,0.0,meanflow_descending,pure_prior_noise,zero_fill,,,8,0.125,0.125,0.125,0.125,,360.0,40,0.3,adam,False,,half_sum_squared,sum_squared,none,,,,,,,,method,method,method,not_applicable,not_applicable,not_applicable,27.00662603803749,0.8146549630158717,0.0887985983863473,0.006312825251370668,0.13022585133546957,23.726655808065228,,0.013606626827845572,43.345590431437095,12.719088983386953,0.152621716640785,1.0188368633389473,12.719088983386953,64.17747235111892,8.022184043889865,8,576,576,560,640,560,576,560,0,0,0,0,640,0,,,,,,,,,,,,0,0,0,0,0.0,,,,,,,,,,,,,,,,,,,,,,,1.5871,8.0,6.4129,"jax_device_memory_stats(peak_bytes_in_use)  [LIFETIME high-water mark: it has no reset API, so it can only over-report this job]",,,,unavailable,4,8,0,1.0223,28.93,42,0,seed=42|model=pmf|rep=0,0f6770a3fd505440,161f0ec2d4e64414,f20a75fb006ed8cc,source_imagenet_class,7.0,ok,,,2026-09-09T12:36:07.527311
stage2_pmf,66c18fe545d7,random_inpainting__mpc_delta_t__c2,random_inpainting__mpc_delta_t__c2,random_inpaint,prob_afb9ac8da51f5e92,ALL,pmf,meanflow,jax,pixel,mpc_delta_t,MPC-delta_t,1.0,1.0,0.0,1.0,0.0,meanflow_descending,pure_prior_noise,zero_fill,,,8,0.125,0.125,0.125,0.125,,360.0,40,0.1,adam,False,,half_sum_squared,sum_squared,none,,,,,,,,method,method,method,not_applicable,not_applicable,not_applicable,26.931366029368057,0.8123673122123708,0.08863110281527042,0.0061938888393342495,0.13064432021641192,23.69878924430359,,0.013466907062190973,43.43524265370161,12.719088983386953,0.152621716640785,1.0188368633389473,12.719088983386953,305.78171353880316,38.222714192350395,8,576,576,560,640,560,576,560,0,0,0,0,640,0,,,,,,,,,,,,0,0,0,0,0.0,,,,,,,,,,,,,,,,,,,,,,,1.5884,8.0,6.4116,"jax_device_memory_stats(peak_bytes_in_use)  [LIFETIME high-water mark: it has no reset API, so it can only over-report this job]",,,,unavailable,4,8,0,48.4987,38.04,42,0,seed=42|model=pmf|rep=0,0f6770a3fd505440,161f0ec2d4e64414,f20a75fb006ed8cc,source_imagenet_class,7.0,ok,,,2026-09-09T11:56:42.892445
stage2_pmf,65de073d8d58,random_inpainting__mpc_delta_t__c3,random_inpainting__mpc_delta_t__c3,random_inpaint,prob_afb9ac8da51f5e92,ALL,pmf,meanflow,jax,pixel,mpc_delta_t,MPC-delta_t,1.0,1.0,0.0,1.0,0.0,meanflow_descending,pure_prior_noise,zero_fill,,,8,0.125,0.125,0.125,0.125,,360.0,40,0.15,adam,False,,half_sum_squared,sum_squared,none,,,,,,,,method,method,method,not_applicable,not_applicable,not_applicable,26.95118462229955,0.8134796067874546,0.08780427509918809,0.006068333983421326,0.1313360041903468,23.652923932582425,,0.01326823730391732,43.564335306827864,12.719088983386953,0.152621716640785,1.0188368633389473,12.719088983386953,254.9432545201853,31.86790681502316,8,576,576,560,640,560,576,560,0,0,0,0,640,0,,,,,,,,,,,,0,0,0,0,0.0,,,,,,,,,,,,,,,,,,,,,,,1.5884,8.0,6.4116,"jax_device_memory_stats(peak_bytes_in_use)  [LIFETIME high-water mark: it has no reset API, so it can only over-report this job]",,,,unavailable,4,8,0,48.4987,38.04,42,0,seed=42|model=pmf|rep=0,0f6770a3fd505440,161f0ec2d4e64414,f20a75fb006ed8cc,source_imagenet_class,7.0,ok,,,2026-09-09T12:00:58.718147
stage2_pmf,25093509f10e,random_inpainting__mpc_delta_t__c4,random_inpainting__mpc_delta_t__c4,random_inpaint,prob_afb9ac8da51f5e92,ALL,pmf,meanflow,jax,pixel,mpc_delta_t,MPC-delta_t,1.0,1.0,0.0,1.0,0.0,meanflow_descending,pure_prior_noise,zero_fill,,,4,0.25,0.25,0.25,0.25,,540.0,20,0.15,adam,False,,half_sum_squared,sum_squared,none,,,,,,,,method,method,method,not_applicable,not_applicable,not_applicable,26.806203215714344,0.807398547470265,0.10771342273801565,0.0053017474710941315,0.13017834250451954,23.729825161530385,,0.013596005870627006,43.35237304457321,12.719088983386953,0.152621716640785,1.0188368633389473,12.719088983386953,46.771059080958366,5.846382385119796,4,128,128,120,160,120,128,120,0,0,0,0,160,0,,,,,,,,,,,,0,0,0,0,0.0,,,,,,,,,,,,,,,,,,,,,,,1.5884,8.0,6.4116,"jax_device_memory_stats(peak_bytes_in_use)  [LIFETIME high-water mark: it has no reset API, so it can only over-report this job]",,,,unavailable,4,8,0,1.7614,38.04,42,0,seed=42|model=pmf|rep=0,0f6770a3fd505440,161f0ec2d4e64414,f20a75fb006ed8cc,source_imagenet_class,7.0,ok,,,2026-09-09T12:01:48.098819
stage2_pmf,ed0693fd79f8,random_inpainting__mpc_delta_t__c5,random_inpainting__mpc_delta_t__c5,random_inpaint,prob_afb9ac8da51f5e92,ALL,pmf,meanflow,jax,pixel,mpc_delta_t,MPC-delta_t,1.0,1.0,0.0,1.0,0.0,meanflow_descending,pure_prior_noise,zero_fill,,,16,0.0625,0.0625,0.0625,0.0625,,360.0,40,0.3,adam,False,,half_sum_squared,sum_squared,none,,,,,,,,method,method,method,not_applicable,not_applicable,not_applicable,26.822552251501282,0.7904221978067434,0.11817475873976946,0.018412183970212936,0.12544323016208303,24.051655342010214,,0.03347853148285367,35.52527192021283,12.719088983386953,0.152621716640785,1.0188368633389473,12.719088983386953,376.6326612010598,47.07908265013248,16,1232,1232,1200,1280,1200,1232,1200,0,0,0,0,1280,0,,,,,,,,,,,,0,0,0,0,0.0,,,,,,,,,,,,,,,,,,,,,,,1.5884,8.0,6.4116,"jax_device_memory_stats(peak_bytes_in_use)  [LIFETIME high-water mark: it has no reset API, so it can only over-report this job]",,,,unavailable,4,8,0,7.9594,38.04,42,0,seed=42|model=pmf|rep=0,0f6770a3fd505440,161f0ec2d4e64414,f20a75fb006ed8cc,source_imagenet_class,7.0,ok,,,2026-09-09T12:08:13.535511
stage2_pmf,1ca59ff0ae91,random_inpainting__mpc_delta_t__c6,random_inpainting__mpc_delta_t__c6,random_inpaint,prob_afb9ac8da51f5e92,ALL,pmf,meanflow,jax,pixel,mpc_delta_t,MPC-delta_t,1.0,1.0,0.0,1.0,0.0,meanflow_descending,pure_prior_noise,zero_fill,,,8,0.125,0.125,0.125,0.125,,360.0,80,0.3,adam,False,,half_sum_squared,sum_squared,none,,,,,,,,method,method,method,not_applicable,not_applicable,not_applicable,26.891338508464383,0.8115593877843738,0.09135876782238483,0.006167394109070301,0.13330786060041158,23.523484739746312,,0.013415019117908293,43.468773994743785,12.719088983386953,0.152621716640785,1.0188368633389473,12.719088983386953,298.60290704481304,37.32536338060163,8,1136,1136,1120,1280,1120,1136,1120,0,0,0,0,1280,0,,,,,,,,,,,,0,0,0,0,0.0,,,,,,,,,,,,,,,,,,,,,,,1.5884,8.0,6.4116,"jax_device_memory_stats(peak_bytes_in_use)  [LIFETIME high-water mark: it has no reset API, so it can only over-report this job]",,,,unavailable,4,8,0,48.4987,38.04,42,0,seed=42|model=pmf|rep=0,0f6770a3fd505440,161f0ec2d4e64414,f20a75fb006ed8cc,source_imagenet_class,7.0,ok,,,2026-09-09T12:13:13.004828
stage2_pmf,dd3ab4366b50,random_inpainting__mpc_delta_t__c7,random_inpainting__mpc_delta_t__c7,random_inpaint,prob_afb9ac8da51f5e92,ALL,pmf,meanflow,jax,pixel,mpc_delta_t,MPC-delta_t,1.0,1.0,0.0,1.0,0.0,meanflow_descending,pure_prior_noise,zero_fill,,,8,0.125,0.125,0.125,0.125,,360.0,40,0.55,adam,False,,half_sum_squared,sum_squared,none,,,,,,,,method,method,method,not_applicable,not_applicable,not_applicable,26.99498862091761,0.8123889592938256,0.0954648619517684,0.006851947400718927,0.12843241023074048,23.84710725665807,,0.014491040599872617,42.798608448775724,12.719088983386953,0.152621716640785,1.0188368633389473,12.719088983386953,149.53287588618696,18.69160948577337,8,576,576,560,640,560,576,560,0,0,0,0,640,0,,,,,,,,,,,,0,0,0,0,0.0,,,,,,,,,,,,,,,,,,,,,,,1.5884,8.0,6.4116,"jax_device_memory_stats(peak_bytes_in_use)  [LIFETIME high-water mark: it has no reset API, so it can only over-report this job]",,,,unavailable,4,8,0,48.4987,38.04,42,0,seed=42|model=pmf|rep=0,0f6770a3fd505440,161f0ec2d4e64414,f20a75fb006ed8cc,source_imagenet_class,7.0,ok,,,2026-09-09T12:15:43.381112
stage2_pmf,2a209020b992,random_inpainting__rhso__c1,random_inpainting__rhso__c1,random_inpaint,prob_afb9ac8da51f5e92,ALL,pmf,meanflow,jax,pixel,rhso,RHSO,1.0,1.0,0.0,1.0,0.0,meanflow_descending,pure_prior_noise,zero_fill,,,,,0.25,0.25,0.25,,,,0.05,adam,,,half_mean_squared_per_measurement,,,,,,,40,4,0.2,not_applicable,not_applicable,method,not_applicable,not_applicable,method,25.42282967841915,0.779516888447489,0.13105552271008492,0.018442921340465546,0.1668338992120268,21.57491390991831,,0.03273489725378175,35.720380270795744,12.719088983386953,0.152621716640785,1.0188368633389473,12.719088983386953,45.95346460305154,5.744183075381443,4,328,328,320,320,320,328,320,320,320,320,0,320,320,direct,learned_finite_interval_map,,False,False,False,,,,False,,0,0,0,0,0.0,,,,,,,,,,,,,,,,,,,,,,,1.5884,9.8251,8.2367,"jax_device_memory_stats(peak_bytes_in_use)  [LIFETIME high-water mark: it has no reset API, so it can only over-report this job]",,,,unavailable,4,8,0,2.3488,38.04,42,0,seed=42|model=pmf|rep=0,0f6770a3fd505440,161f0ec2d4e64414,f20a75fb006ed8cc,source_imagenet_class,7.0,ok,,,2026-09-09T12:29:58.909761
stage2_pmf,a0d711742d5e,random_inpainting__rhso__c2,random_inpainting__rhso__c2,random_inpaint,prob_afb9ac8da51f5e92,ALL,pmf,meanflow,jax,pixel,rhso,RHSO,1.0,1.0,0.0,1.0,0.0,meanflow_descending,pure_prior_noise,zero_fill,,,,,0.25,0.25,0.25,,,,0.03,adam,,,half_mean_squared_per_measurement,,,,,,,40,4,0.2,not_applicable,not_applicable,method,not_applicable,not_applicable,method,26.541961377729237,0.7979826340103976,0.1030498705804348,0.017525343224406242,0.13387443198554588,23.48664708967524,,0.03101772543661363,36.18840096606568,12.719088983386953,0.152621716640785,1.0188368633389473,12.719088983386953,45.53452220372856,5.69181527546607,4,328,328,320,320,320,328,320,320,320,320,0,320,320,direct,learned_finite_interval_map,,False,False,False,,,,False,,0,0,0,0,0.0,,,,,,,,,,,,,,,,,,,,,,,1.5884,9.8251,8.2367,"jax_device_memory_stats(peak_bytes_in_use)  [LIFETIME high-water mark: it has no reset API, so it can only over-report this job]",,,,unavailable,4,8,0,2.3488,38.04,42,0,seed=42|model=pmf|rep=0,0f6770a3fd505440,161f0ec2d4e64414,f20a75fb006ed8cc,source_imagenet_class,7.0,ok,,,2026-09-09T12:30:45.260871
stage2_pmf,7d3a3dd8f642,random_inpainting__rhso__c3,random_inpainting__rhso__c3,random_inpaint,prob_afb9ac8da51f5e92,ALL,pmf,meanflow,jax,pixel,rhso,RHSO,1.0,1.0,0.0,1.0,0.0,meanflow_descending,pure_prior_noise,zero_fill,,,,,0.25,0.25,0.25,,,,0.03,adam,,,half_mean_squared_per_measurement,,,,,,,40,4,1.0,not_applicable,not_applicable,method,not_applicable,not_applicable,method,26.32322249144879,0.7598981922149828,0.11684082448482513,0.03018420748412609,0.12875072743312801,23.825606084172183,,0.054316158874431426,31.32201891412764,12.719088983386953,0.152621716640785,1.0188368633389473,12.719088983386953,45.88666928187013,5.735833660233766,4,328,328,320,320,320,328,320,320,320,320,0,320,320,direct,learned_finite_interval_map,,False,False,False,,,,False,,0,0,0,0,0.0,,,,,,,,,,,,,,,,,,,,,,,1.5884,9.8251,8.2367,"jax_device_memory_stats(peak_bytes_in_use)  [LIFETIME high-water mark: it has no reset API, so it can only over-report this job]",,,,unavailable,4,8,0,0.6677,38.04,42,0,seed=42|model=pmf|rep=0,0f6770a3fd505440,161f0ec2d4e64414,f20a75fb006ed8cc,source_imagenet_class,7.0,ok,,,2026-09-09T12:31:32.631872
stage2_pmf,75ad2436bbd2,random_inpainting__rhso__c4,random_inpainting__rhso__c4,random_inpaint,prob_afb9ac8da51f5e92,ALL,pmf,meanflow,jax,pixel,rhso,RHSO,1.0,1.0,0.0,1.0,0.0,meanflow_descending,pure_prior_noise,zero_fill,,,,,0.25,0.25,0.25,,,,0.01,adam,,,half_mean_squared_per_measurement,,,,,,,40,4,0.0,not_applicable,not_applicable,method,not_applicable,not_applicable,method,26.79587552089358,0.8144875910436232,0.10264870245009661,0.016612965613603592,0.13447313329526456,23.447889427571415,,0.029390587495663062,36.65643456571339,12.719088983386953,0.152621716640785,1.0188368633389473,12.719088983386953,45.24885090999305,5.656106363749132,4,328,328,320,320,320,328,320,320,320,320,0,320,320,direct,learned_finite_interval_map,,False,False,False,,,,False,,0,0,0,0,0.0,,,,,,,,,,,,,,,,,,,,,,,1.5884,9.8251,8.2367,"jax_device_memory_stats(peak_bytes_in_use)  [LIFETIME high-water mark: it has no reset API, so it can only over-report this job]",,,,unavailable,4,8,0,0.5614,38.04,42,0,seed=42|model=pmf|rep=0,0f6770a3fd505440,161f0ec2d4e64414,f20a75fb006ed8cc,source_imagenet_class,7.0,ok,,,2026-09-09T12:32:19.293558
stage2_pmf,a7424557d34d,box_inpainting__sdedit__c1,box_inpainting__sdedit__c1,box_inpaint,prob_4459e49fb12d0091,ALL,pmf,meanflow,jax,pixel,sdedit,SDEdit,1.0,1.0,0.0,1.0,0.0,meanflow_descending,pure_prior_noise,zero_fill,1,,,,1.0,1.0,1.0,,,,,,,,,,,,,,,,,,not_applicable,not_applicable,not_applicable,not_applicable,not_applicable,not_applicable,9.407303578598258,0.02289314944216632,0.7175162509083748,0.7112361192703247,0.7877930105425529,8.09235744642865,-0.015317500132989305,0.7183414630502185,8.893981215987417,27.503961494217513,0.827546941632692,0.10103151760995388,27.503961494217513,0.04933346714824438,0.006166683393530548,1,2,2,0,0,0,2,0,0,0,0,0,0,0,,,,,,,,,,,,0,0,0,0,0.0,,,,,,,,,,,,,,,,,,,,,,,1.5823,8.0,6.4177,"jax_device_memory_stats(peak_bytes_in_use)  [LIFETIME high-water mark: it has no reset API, so it can only over-report this job]",,,,unavailable,4,8,0,0.4873,29.83,42,0,seed=42|model=pmf|rep=0,c136b139bc17dfba,3bf57218b76797cc,f20a75fb006ed8cc,source_imagenet_class,7.0,ok,,,2026-09-09T12:23:33.047940
stage2_pmf,988cce7595f7,box_inpainting__sdedit__c2,box_inpainting__sdedit__c2,box_inpaint,prob_4459e49fb12d0091,ALL,pmf,meanflow,jax,pixel,sdedit,SDEdit,1.0,1.0,0.0,1.0,0.0,meanflow_descending,pure_prior_noise,zero_fill,2,,,,0.5,0.5,0.5,,,,,,,,,,,,,,,,,,not_applicable,not_applicable,not_applicable,not_applicable,not_applicable,not_applicable,9.345331010307149,0.018918637487890258,0.7135526463389397,0.7149103879928589,0.7948469070178338,8.014930141154766,-0.022263230267449925,0.7220662721659052,8.849058723241182,27.503961494217513,0.827546941632692,0.10103151760995388,27.503961494217513,0.18498211074620485,0.023122763843275607,2,4,4,0,0,0,4,0,0,0,0,0,0,0,,,,,,,,,,,,0,0,0,0,0.0,,,,,,,,,,,,,,,,,,,,,,,1.5823,8.0,6.4177,"jax_device_memory_stats(peak_bytes_in_use)  [LIFETIME high-water mark: it has no reset API, so it can only over-report this job]",,,,unavailable,4,8,0,0.1029,29.83,42,0,seed=42|model=pmf|rep=0,c136b139bc17dfba,3bf57218b76797cc,f20a75fb006ed8cc,source_imagenet_class,7.0,ok,,,2026-09-09T12:23:34.156624
stage2_pmf,569150068320,box_inpainting__sdedit__c3,box_inpainting__sdedit__c3,box_inpaint,prob_4459e49fb12d0091,ALL,pmf,meanflow,jax,pixel,sdedit,SDEdit,1.0,1.0,0.0,1.0,0.0,meanflow_descending,pure_prior_noise,zero_fill,4,,,,0.25,0.25,0.25,,,,,,,,,,,,,,,,,,not_applicable,not_applicable,not_applicable,not_applicable,not_applicable,not_applicable,9.259562586426785,0.017496156754925867,0.7164966240525246,0.7213302850723267,0.788325168144088,8.08649207105878,-0.020682397295500133,0.7285827515261668,8.771022202547801,27.503961494217513,0.827546941632692,0.10103151760995388,27.503961494217513,0.3973675286397338,0.049670941079966724,4,8,8,0,0,0,8,0,0,0,0,0,0,0,,,,,,,,,,,,0,0,0,0,0.0,,,,,,,,,,,,,,,,,,,,,,,1.5823,8.0,6.4177,"jax_device_memory_stats(peak_bytes_in_use)  [LIFETIME high-water mark: it has no reset API, so it can only over-report this job]",,,,unavailable,4,8,0,0.1928,29.83,42,0,seed=42|model=pmf|rep=0,c136b139bc17dfba,3bf57218b76797cc,f20a75fb006ed8cc,source_imagenet_class,7.0,ok,,,2026-09-09T12:23:35.567791
stage2_pmf,2290b9dcd515,box_inpainting__pnp__c1,box_inpainting__pnp__c1,box_inpaint,prob_4459e49fb12d0091,ALL,pmf,meanflow,jax,pixel,pnp,PnP-Flow,1.0,1.0,0.0,1.0,0.0,meanflow_descending,pure_prior_noise,zero_fill,,,,,0.0196078431372549,0.019607843137254832,0.019607843137254943,,,,,,,,half_mean_squared_per_measurement,,,50,200000.0,0.1,1,,,,not_applicable,not_applicable,not_applicable,method,method,not_applicable,29.634102088327538,0.8915906933949604,0.04486700869165361,0.04636535048484802,0.39651285836880046,14.055454404138095,0.14216587511246223,0.04644434015803883,32.68194396989327,27.503961494217513,0.827546941632692,0.10103151760995388,27.503961494217513,13.09581997897476,1.636977497371845,50,102,102,0,0,0,102,0,100,100,0,102,100,100,,,,,,,,,,,,0,0,0,0,0.0,,,,,,,,,,,,,,,,,,,,,,,1.5884,8.0,6.4116,"jax_device_memory_stats(peak_bytes_in_use)  [LIFETIME high-water mark: it has no reset API, so it can only over-report this job]",,,,unavailable,4,8,0,6.362,21.09,42,0,seed=42|model=pmf|rep=0,c136b139bc17dfba,3bf57218b76797cc,f20a75fb006ed8cc,source_imagenet_class,7.0,ok,,,2026-09-09T12:49:46.758563
stage2_pmf,2f4d9be75488,box_inpainting__pnp__c2,box_inpainting__pnp__c2,box_inpaint,prob_4459e49fb12d0091,ALL,pmf,meanflow,jax,pixel,pnp,PnP-Flow,1.0,1.0,0.0,1.0,0.0,meanflow_descending,pure_prior_noise,zero_fill,,,,,0.0196078431372549,0.019607843137254832,0.019607843137254943,,,,,,,,half_mean_squared_per_measurement,,,50,400000.0,0.25,1,,,,not_applicable,not_applicable,not_applicable,method,method,not_applicable,29.115136886717238,0.8905421551381654,0.047933067893609405,0.04251086339354515,0.44429267512245546,13.067216848107549,0.14524000663148487,0.04478941265284298,32.9970925662844,27.503961494217513,0.827546941632692,0.10103151760995388,27.503961494217513,13.332512348890305,1.666564043611288,50,102,102,0,0,0,102,0,100,100,0,102,100,100,,,,,,,,,,,,0,0,0,0,0.0,,,,,,,,,,,,,,,,,,,,,,,1.5884,8.0,6.4116,"jax_device_memory_stats(peak_bytes_in_use)  [LIFETIME high-water mark: it has no reset API, so it can only over-report this job]",,,,unavailable,4,8,0,6.362,21.09,42,0,seed=42|model=pmf|rep=0,c136b139bc17dfba,3bf57218b76797cc,f20a75fb006ed8cc,source_imagenet_class,7.0,ok,,,2026-09-09T12:50:00.801187
stage2_pmf,be08a9470ca4,box_inpainting__pnp__c3,box_inpainting__pnp__c3,box_inpaint,prob_4459e49fb12d0091,ALL,pmf,meanflow,jax,pixel,pnp,PnP-Flow,1.0,1.0,0.0,1.0,0.0,meanflow_descending,pure_prior_noise,zero_fill,,,,,0.0196078431372549,0.019607843137254832,0.019607843137254943,,,,,,,,half_mean_squared_per_measurement,,,50,200000.0,0.25,1,,,,not_applicable,not_applicable,not_applicable,method,method,not_applicable,28.73118221652249,0.878423200878914,0.0540139558725059,0.06521812826395035,0.3986420631602477,14.008937476337486,0.13963062050494252,0.05879245367853693,30.634168199951446,27.503961494217513,0.827546941632692,0.10103151760995388,27.503961494217513,13.554366699419916,1.6942958374274895,50,102,102,0,0,0,102,0,100,100,0,102,100,100,,,,,,,,,,,,0,0,0,0,0.0,,,,,,,,,,,,,,,,,,,,,,,1.5884,8.0,6.4116,"jax_device_memory_stats(peak_bytes_in_use)  [LIFETIME high-water mark: it has no reset API, so it can only over-report this job]",,,,unavailable,4,8,0,6.362,21.09,42,0,seed=42|model=pmf|rep=0,c136b139bc17dfba,3bf57218b76797cc,f20a75fb006ed8cc,source_imagenet_class,7.0,ok,,,2026-09-09T12:50:15.069209
stage2_pmf,da4201bc192f,box_inpainting__pnp__c4,box_inpainting__pnp__c4,box_inpaint,prob_4459e49fb12d0091,ALL,pmf,meanflow,jax,pixel,pnp,PnP-Flow,1.0,1.0,0.0,1.0,0.0,meanflow_descending,pure_prior_noise,zero_fill,,,,,0.009900990099009901,0.009900990099009799,0.00990099009900991,,,,,,,,half_mean_squared_per_measurement,,,100,400000.0,0.25,1,,,,not_applicable,not_applicable,not_applicable,method,method,not_applicable,28.204847972557587,0.8777528190894477,0.06079041352495551,0.02899893932044506,0.5041577634288325,11.969270729395788,0.10915744358020671,0.04205820233989941,33.543585792372724,27.503961494217513,0.827546941632692,0.10103151760995388,27.503961494217513,26.28055462706834,3.2850693283835426,100,202,202,0,0,0,202,0,200,200,0,202,200,200,,,,,,,,,,,,0,0,0,0,0.0,,,,,,,,,,,,,,,,,,,,,,,1.5884,8.0,6.4116,"jax_device_memory_stats(peak_bytes_in_use)  [LIFETIME high-water mark: it has no reset API, so it can only over-report this job]",,,,unavailable,4,8,0,13.2531,21.09,42,0,seed=42|model=pmf|rep=0,c136b139bc17dfba,3bf57218b76797cc,f20a75fb006ed8cc,source_imagenet_class,7.0,ok,,,2026-09-09T12:50:55.338119
stage2_pmf,a1d643945b60,box_inpainting__dflow__c1,box_inpainting__dflow__c1,box_inpaint,prob_4459e49fb12d0091,ALL,pmf,meanflow,jax,pixel,dflow,D-Flow,1.0,1.0,0.0,1.0,0.0,meanflow_descending,pure_prior_noise,zero_fill,1,,,,1.0,1.0,1.0,,,,0.1,adam,,,half_mean_squared_per_measurement,,,,,,,640,,,not_applicable,not_applicable,method,not_applicable,not_applicable,not_applicable,24.66608322471446,0.8077133751242029,0.14058057125657797,0.08681491017341614,0.5909610540223501,10.589422701086464,0.030573313111582553,0.07439431584080927,28.5898048295868,27.503961494217513,0.827546941632692,0.10103151760995388,27.503961494217513,603.0349549381062,75.37936936726328,1,1282,1282,1280,1280,1280,1282,1280,1280,1280,1280,0,1282,1280,,,,,,,,,,,,0,0,0,0,0.0,,,,,,,,,,,,,,,,,,,,,,,1.5884,8.0,6.4116,"jax_device_memory_stats(peak_bytes_in_use)  [LIFETIME high-water mark: it has no reset API, so it can only over-report this job]",,,,unavailable,4,8,0,31.0749,21.09,42,0,seed=42|model=pmf|rep=0,c136b139bc17dfba,3bf57218b76797cc,f20a75fb006ed8cc,source_imagenet_class,7.0,ok,,,2026-09-09T12:00:43.873027
stage2_pmf,1695fb27df9f,box_inpainting__dflow__c2,box_inpainting__dflow__c2,box_inpaint,prob_4459e49fb12d0091,ALL,pmf,meanflow,jax,pixel,dflow,D-Flow,1.0,1.0,0.0,1.0,0.0,meanflow_descending,pure_prior_noise,zero_fill,1,,,,1.0,1.0,1.0,,,,0.1,adam,,,half_mean_squared_per_measurement,,,,,,,320,,,not_applicable,not_applicable,method,not_applicable,not_applicable,not_applicable,24.18308951483268,0.7642802245160916,0.17406286112964153,0.09818132221698761,0.5792266463066446,10.763629261177645,0.03431290086061451,0.08737472223872811,27.192883750308884,27.503961494217513,0.827546941632692,0.10103151760995388,27.503961494217513,271.16232876107097,33.89529109513387,1,642,642,640,640,640,642,640,640,640,640,0,642,640,,,,,,,,,,,,0,0,0,0,0.0,,,,,,,,,,,,,,,,,,,,,,,1.5884,8.0,6.4116,"jax_device_memory_stats(peak_bytes_in_use)  [LIFETIME high-water mark: it has no reset API, so it can only over-report this job]",,,,unavailable,4,8,0,31.0749,21.09,42,0,seed=42|model=pmf|rep=0,c136b139bc17dfba,3bf57218b76797cc,f20a75fb006ed8cc,source_imagenet_class,7.0,ok,,,2026-09-09T12:05:15.889922
stage2_pmf,946a28643e17,box_inpainting__dflow__c3,box_inpainting__dflow__c3,box_inpaint,prob_4459e49fb12d0091,ALL,pmf,meanflow,jax,pixel,dflow,D-Flow,1.0,1.0,0.0,1.0,0.0,meanflow_descending,pure_prior_noise,zero_fill,1,,,,1.0,1.0,1.0,,,,0.3,adam,,,half_mean_squared_per_measurement,,,,,,,640,,,not_applicable,not_applicable,method,not_applicable,not_applicable,not_applicable,24.498802650035884,0.7115500849882377,0.23297456093132496,0.10721626877784729,0.48615470031205443,12.285110132925878,0.06006828162082042,0.09753762326309638,26.237156538014506,27.503961494217513,0.827546941632692,0.10103151760995388,27.503961494217513,472.3073113979772,59.03841392474715,1,1282,1282,1280,1280,1280,1282,1280,1280,1280,1280,0,1282,1280,,,,,,,,,,,,0,0,0,0,0.0,,,,,,,,,,,,,,,,,,,,,,,1.5884,8.0,6.4116,"jax_device_memory_stats(peak_bytes_in_use)  [LIFETIME high-water mark: it has no reset API, so it can only over-report this job]",,,,unavailable,4,8,0,31.0749,21.09,42,0,seed=42|model=pmf|rep=0,c136b139bc17dfba,3bf57218b76797cc,f20a75fb006ed8cc,source_imagenet_class,7.0,ok,,,2026-09-09T12:13:09.069464
stage2_pmf,ff52dc636527,box_inpainting__dflow__c4,box_inpainting__dflow__c4,box_inpaint,prob_4459e49fb12d0091,ALL,pmf,meanflow,jax,pixel,dflow,D-Flow,1.0,1.0,0.0,1.0,0.0,meanflow_descending,pure_prior_noise,zero_fill,1,,,,1.0,1.0,1.0,,,,0.03,adam,,,half_mean_squared_per_measurement,,,,,,,320,,,not_applicable,not_applicable,method,not_applicable,not_applicable,not_applicable,24.204062960382792,0.6510893364961797,0.3085803799331188,0.12448199093341827,0.39846400776621144,14.012817937380735,0.14450929136688712,0.11588585863729392,24.739991054317315,27.503961494217513,0.827546941632692,0.10103151760995388,27.503961494217513,154.7765724742785,19.347071559284814,1,642,642,640,640,640,642,640,640,640,640,0,642,640,,,,,,,,,,,,0,0,0,0,0.0,,,,,,,,,,,,,,,,,,,,,,,1.5884,8.0,6.4116,"jax_device_memory_stats(peak_bytes_in_use)  [LIFETIME high-water mark: it has no reset API, so it can only over-report this job]",,,,unavailable,4,8,0,31.0749,21.09,42,0,seed=42|model=pmf|rep=0,c136b139bc17dfba,3bf57218b76797cc,f20a75fb006ed8cc,source_imagenet_class,7.0,ok,,,2026-09-09T12:15:44.629823
stage2_pmf,21094726e429,box_inpainting__dflow__c5,box_inpainting__dflow__c5,box_inpaint,prob_4459e49fb12d0091,ALL,pmf,meanflow,jax,pixel,dflow,D-Flow,1.0,1.0,0.0,1.0,0.0,meanflow_descending,pure_prior_noise,zero_fill,1,,,,1.0,1.0,1.0,,,,0.1,adam,,,half_mean_squared_per_measurement,,,,,,,1280,,,not_applicable,not_applicable,method,not_applicable,not_applicable,not_applicable,24.998287272131414,0.7941176320725527,0.16687020706012845,0.08738777041435242,0.5653634842084774,10.974044817789686,0.037781758925584844,0.07499384779427663,28.520087173069385,27.503961494217513,0.827546941632692,0.10103151760995388,27.503961494217513,649.2543842308223,81.15679802885279,1,2562,2562,2560,2560,2560,2562,2560,2560,2560,2560,0,2562,2560,,,,,,,,,,,,0,0,0,0,0.0,,,,,,,,,,,,,,,,,,,,,,,1.5884,8.0,6.4116,"jax_device_memory_stats(peak_bytes_in_use)  [LIFETIME high-water mark: it has no reset API, so it can only over-report this job]",,,,unavailable,4,8,0,31.0749,21.09,42,0,seed=42|model=pmf|rep=0,c136b139bc17dfba,3bf57218b76797cc,f20a75fb006ed8cc,source_imagenet_class,7.0,ok,,,2026-09-09T12:26:34.763355
stage2_pmf,597359df74a5,box_inpainting__mpc_rhc__c1,box_inpainting__mpc_rhc__c1,box_inpaint,prob_4459e49fb12d0091,ALL,pmf,meanflow,jax,pixel,mpc_rhc,MPC-RHC (K=1),1.0,1.0,0.0,1.0,0.0,meanflow_descending,pure_prior_noise,zero_fill,,,4,0.25,0.25,0.25,0.25,1,30.0,40,0.05,adam,False,,half_sum_squared,sum_squared,,,,,,,,,method,method,method,not_applicable,not_applicable,not_applicable,25.651555666234486,0.8541508522000816,0.08097163401544094,0.02279032953083515,0.7070154405710022,9.03202194337956,0.005006864055807308,0.04401993922483228,33.147611140908595,27.503961494217513,0.827546941632692,0.10103151760995388,27.503961494217513,39.743934420868754,4.967991802608594,4,32,32,0,640,0,32,0,0,0,0,0,640,0,,,,,,,,,,,,0,0,0,0,0.0,,,,,,,,,,,,,,,,,,,,,,,1.587,8.0,6.413,"jax_device_memory_stats(peak_bytes_in_use)  [LIFETIME high-water mark: it has no reset API, so it can only over-report this job]",,,,unavailable,2,8,0,1.1547,21.09,42,0,seed=42|model=pmf|rep=0,c136b139bc17dfba,3bf57218b76797cc,3249b4011135d6ae,source_imagenet_class,7.0,ok,,,2026-09-09T12:48:19.967019
stage2_pmf,95b16c6f92a3,box_inpainting__mpc_rhc__c2,box_inpainting__mpc_rhc__c2,box_inpaint,prob_4459e49fb12d0091,ALL,pmf,meanflow,jax,pixel,mpc_rhc,MPC-RHC (K=1),1.0,1.0,0.0,1.0,0.0,meanflow_descending,pure_prior_noise,zero_fill,,,4,0.25,0.25,0.25,0.25,1,30.0,40,0.2,adam,False,,half_sum_squared,sum_squared,,,,,,,,,method,method,method,not_applicable,not_applicable,not_applicable,25.623095632684226,0.8538134230740144,0.08155333390459418,0.023118287324905396,0.7064215261627993,9.039321420369516,0.0023738985460729197,0.04425203317451364,33.10193532732051,27.503961494217513,0.827546941632692,0.10103151760995388,27.503961494217513,35.74829307664186,4.468536634580232,4,32,32,0,640,0,32,0,0,0,0,0,640,0,,,,,,,,,,,,0,0,0,0,0.0,,,,,,,,,,,,,,,,,,,,,,,1.587,8.0,6.413,"jax_device_memory_stats(peak_bytes_in_use)  [LIFETIME high-water mark: it has no reset API, so it can only over-report this job]",,,,unavailable,2,8,0,1.1547,21.09,42,0,seed=42|model=pmf|rep=0,c136b139bc17dfba,3bf57218b76797cc,3249b4011135d6ae,source_imagenet_class,7.0,ok,,,2026-09-09T12:48:56.500557
stage2_pmf,7e88a6cb003e,box_inpainting__mpc_rhc__c3,box_inpainting__mpc_rhc__c3,box_inpaint,prob_4459e49fb12d0091,ALL,pmf,meanflow,jax,pixel,mpc_rhc,MPC-RHC (K=1),1.0,1.0,0.0,1.0,0.0,meanflow_descending,pure_prior_noise,zero_fill,,,4,0.25,0.25,0.25,0.25,1,15.0,40,0.1,adam,False,,half_sum_squared,sum_squared,,,,,,,,,method,method,method,not_applicable,not_applicable,not_applicable,25.459917629143085,0.8583719607639718,0.0821305476129055,0.03915151208639145,0.7054641675390368,9.051100720438326,-0.003653120976382468,0.04851806788822572,32.30252995652388,27.503961494217513,0.827546941632692,0.10103151760995388,27.503961494217513,29.196720737032592,3.649590092129074,4,32,32,0,640,0,32,0,0,0,0,0,640,0,,,,,,,,,,,,0,0,0,0,0.0,,,,,,,,,,,,,,,,,,,,,,,1.587,8.0,6.413,"jax_device_memory_stats(peak_bytes_in_use)  [LIFETIME high-water mark: it has no reset API, so it can only over-report this job]",,,,unavailable,2,8,0,1.1547,21.09,42,0,seed=42|model=pmf|rep=0,c136b139bc17dfba,3bf57218b76797cc,3249b4011135d6ae,source_imagenet_class,7.0,ok,,,2026-09-09T12:49:26.572837
stage2_pmf,48440d2acd2a,box_inpainting__mpc_delta_t__c1,box_inpainting__mpc_delta_t__c1,box_inpaint,prob_4459e49fb12d0091,ALL,pmf,meanflow,jax,pixel,mpc_delta_t,MPC-delta_t,1.0,1.0,0.0,1.0,0.0,meanflow_descending,pure_prior_noise,zero_fill,,,8,0.125,0.125,0.125,0.125,,180.0,40,0.3,adam,False,,half_sum_squared,sum_squared,none,,,,,,,,method,method,method,not_applicable,not_applicable,not_applicable,29.0412974893178,0.895338892312511,0.045676597161218524,0.03225192800164223,0.41925929605375617,13.570945897134372,0.1312402690672476,0.0395492157840679,34.077842386202974,27.503961494217513,0.827546941632692,0.10103151760995388,27.503961494217513,152.36754812393337,19.045943515491672,8,576,576,560,640,560,576,560,0,0,0,0,640,0,,,,,,,,,,,,0,0,0,0,0.0,,,,,,,,,,,,,,,,,,,,,,,1.5884,8.0,6.4116,"jax_device_memory_stats(peak_bytes_in_use)  [LIFETIME high-water mark: it has no reset API, so it can only over-report this job]",,,,unavailable,4,8,0,5.632,21.09,42,0,seed=42|model=pmf|rep=0,c136b139bc17dfba,3bf57218b76797cc,f20a75fb006ed8cc,source_imagenet_class,7.0,ok,,,2026-09-09T12:29:13.612975
stage2_pmf,dd004188454e,box_inpainting__mpc_delta_t__c2,box_inpainting__mpc_delta_t__c2,box_inpaint,prob_4459e49fb12d0091,ALL,pmf,meanflow,jax,pixel,mpc_delta_t,MPC-delta_t,1.0,1.0,0.0,1.0,0.0,meanflow_descending,pure_prior_noise,zero_fill,,,8,0.125,0.125,0.125,0.125,,360.0,20,0.15,adam,False,,half_sum_squared,sum_squared,none,,,,,,,,method,method,method,not_applicable,not_applicable,not_applicable,28.53605844652556,0.8798202454635182,0.05127364210784435,0.022251473739743233,0.44022721750631016,13.147062118156601,0.08873059623135926,0.03996253064636526,33.98754026666892,27.503961494217513,0.827546941632692,0.10103151760995388,27.503961494217513,81.93079000897706,10.241348751122132,8,296,296,280,320,280,296,280,0,0,0,0,320,0,,,,,,,,,,,,0,0,0,0,0.0,,,,,,,,,,,,,,,,,,,,,,,1.5884,8.0,6.4116,"jax_device_memory_stats(peak_bytes_in_use)  [LIFETIME high-water mark: it has no reset API, so it can only over-report this job]",,,,unavailable,4,8,0,5.632,21.09,42,0,seed=42|model=pmf|rep=0,c136b139bc17dfba,3bf57218b76797cc,f20a75fb006ed8cc,source_imagenet_class,7.0,ok,,,2026-09-09T12:30:36.313262
stage2_pmf,7b056bab2105,box_inpainting__mpc_delta_t__c3,box_inpainting__mpc_delta_t__c3,box_inpaint,prob_4459e49fb12d0091,ALL,pmf,meanflow,jax,pixel,mpc_delta_t,MPC-delta_t,1.0,1.0,0.0,1.0,0.0,meanflow_descending,pure_prior_noise,zero_fill,,,8,0.125,0.125,0.125,0.125,,540.0,20,0.15,adam,False,,half_sum_squared,sum_squared,none,,,,,,,,method,method,method,not_applicable,not_applicable,not_applicable,29.464420573109898,0.8711768697899529,0.0518993204459548,0.018350770696997643,0.3704928299742138,14.645003760509258,0.12546753598240573,0.04193176967030045,33.569736081937045,27.503961494217513,0.827546941632692,0.10103151760995388,27.503961494217513,83.43397245369852,10.429246556712314,8,296,296,280,320,280,296,280,0,0,0,0,320,0,,,,,,,,,,,,0,0,0,0,0.0,,,,,,,,,,,,,,,,,,,,,,,1.5884,8.0,6.4116,"jax_device_memory_stats(peak_bytes_in_use)  [LIFETIME high-water mark: it has no reset API, so it can only over-report this job]",,,,unavailable,4,8,0,5.632,21.09,42,0,seed=42|model=pmf|rep=0,c136b139bc17dfba,3bf57218b76797cc,f20a75fb006ed8cc,source_imagenet_class,7.0,ok,,,2026-09-09T12:32:00.463023
stage2_pmf,03aaa6624656,box_inpainting__mpc_delta_t__c4,box_inpainting__mpc_delta_t__c4,box_inpaint,prob_4459e49fb12d0091,ALL,pmf,meanflow,jax,pixel,mpc_delta_t,MPC-delta_t,1.0,1.0,0.0,1.0,0.0,meanflow_descending,pure_prior_noise,zero_fill,,,8,0.125,0.125,0.125,0.125,,180.0,40,0.1,adam,False,,half_sum_squared,sum_squared,none,,,,,,,,method,method,method,not_applicable,not_applicable,not_applicable,30.375246766182883,0.8944866993984716,0.048340142937377095,0.03224501758813858,0.3518624395146042,15.093141725320569,0.12087949032759113,0.03966067747031507,34.05339734518967,27.503961494217513,0.827546941632692,0.10103151760995388,27.503961494217513,161.95308136101812,20.244135170127265,8,576,576,560,640,560,576,560,0,0,0,0,640,0,,,,,,,,,,,,0,0,0,0,0.0,,,,,,,,,,,,,,,,,,,,,,,1.5884,8.0,6.4116,"jax_device_memory_stats(peak_bytes_in_use)  [LIFETIME high-water mark: it has no reset API, so it can only over-report this job]",,,,unavailable,4,8,0,5.632,21.09,42,0,seed=42|model=pmf|rep=0,c136b139bc17dfba,3bf57218b76797cc,f20a75fb006ed8cc,source_imagenet_class,7.0,ok,,,2026-09-09T12:34:43.140390
stage2_pmf,cde814978e3b,box_inpainting__mpc_delta_t__c5,box_inpainting__mpc_delta_t__c5,box_inpaint,prob_4459e49fb12d0091,ALL,pmf,meanflow,jax,pixel,mpc_delta_t,MPC-delta_t,1.0,1.0,0.0,1.0,0.0,meanflow_descending,pure_prior_noise,zero_fill,,,16,0.0625,0.0625,0.0625,0.0625,,180.0,40,0.3,adam,False,,half_sum_squared,sum_squared,none,,,,,,,,method,method,method,not_applicable,not_applicable,not_applicable,28.278228166651683,0.8887364095568528,0.08205606648698449,0.06080526113510132,0.44596611346486903,13.034562707392226,0.09991991666073086,0.05239073547736399,31.635510008257054,27.503961494217513,0.827546941632692,0.10103151760995388,27.503961494217513,318.6852479092777,39.83565598865971,16,1232,1232,1200,1280,1200,1232,1200,0,0,0,0,1280,0,,,,,,,,,,,,0,0,0,0,0.0,,,,,,,,,,,,,,,,,,,,,,,1.5884,8.0,6.4116,"jax_device_memory_stats(peak_bytes_in_use)  [LIFETIME high-water mark: it has no reset API, so it can only over-report this job]",,,,unavailable,4,8,0,5.4644,21.09,42,0,seed=42|model=pmf|rep=0,c136b139bc17dfba,3bf57218b76797cc,f20a75fb006ed8cc,source_imagenet_class,7.0,ok,,,2026-09-09T12:40:08.038213
stage2_pmf,bcc7ca6bab94,box_inpainting__mpc_delta_t__c6,box_inpainting__mpc_delta_t__c6,box_inpaint,prob_4459e49fb12d0091,ALL,pmf,meanflow,jax,pixel,mpc_delta_t,MPC-delta_t,1.0,1.0,0.0,1.0,0.0,meanflow_descending,pure_prior_noise,zero_fill,,,8,0.125,0.125,0.125,0.125,,180.0,80,0.3,adam,False,,half_sum_squared,sum_squared,none,,,,,,,,method,method,method,not_applicable,not_applicable,not_applicable,29.320254890394516,0.894724455109889,0.048022366128861904,0.032155659049749374,0.4222180707020939,13.509863574573735,0.10930984147421507,0.039473992884924695,34.094378743269885,27.503961494217513,0.827546941632692,0.10103151760995388,27.503961494217513,296.6867733616382,37.08584667020477,8,1136,1136,1120,1280,1120,1136,1120,0,0,0,0,1280,0,,,,,,,,,,,,0,0,0,0,0.0,,,,,,,,,,,,,,,,,,,,,,,1.5884,8.0,6.4116,"jax_device_memory_stats(peak_bytes_in_use)  [LIFETIME high-water mark: it has no reset API, so it can only over-report this job]",,,,unavailable,4,8,0,5.632,21.09,42,0,seed=42|model=pmf|rep=0,c136b139bc17dfba,3bf57218b76797cc,f20a75fb006ed8cc,source_imagenet_class,7.0,ok,,,2026-09-09T12:45:05.537323
stage2_pmf,6a558de5eda8,box_inpainting__mpc_delta_t__c7,box_inpainting__mpc_delta_t__c7,box_inpaint,prob_4459e49fb12d0091,ALL,pmf,meanflow,jax,pixel,mpc_delta_t,MPC-delta_t,1.0,1.0,0.0,1.0,0.0,meanflow_descending,pure_prior_noise,zero_fill,,,8,0.125,0.125,0.125,0.125,,180.0,40,0.55,adam,False,,half_sum_squared,sum_squared,none,,,,,,,,method,method,method,not_applicable,not_applicable,not_applicable,28.700068872383103,0.8942345935146683,0.05307257315143943,0.0334109291434288,0.4870361343347469,12.269376238883217,0.16040743721363848,0.04009676888163926,33.95841236781476,27.503961494217513,0.827546941632692,0.10103151760995388,27.503961494217513,152.05474653001875,19.006843316252343,8,576,576,560,640,560,576,560,0,0,0,0,640,0,,,,,,,,,,,,0,0,0,0,0.0,,,,,,,,,,,,,,,,,,,,,,,1.5884,8.0,6.4116,"jax_device_memory_stats(peak_bytes_in_use)  [LIFETIME high-water mark: it has no reset API, so it can only over-report this job]",,,,unavailable,4,8,0,5.632,21.09,42,0,seed=42|model=pmf|rep=0,c136b139bc17dfba,3bf57218b76797cc,f20a75fb006ed8cc,source_imagenet_class,7.0,ok,,,2026-09-09T12:47:38.325999
stage2_pmf,6da97b153e2b,box_inpainting__rhso__c1,box_inpainting__rhso__c1,box_inpaint,prob_4459e49fb12d0091,ALL,pmf,meanflow,jax,pixel,rhso,RHSO,1.0,1.0,0.0,1.0,0.0,meanflow_descending,pure_prior_noise,zero_fill,,,,,0.125,0.125,0.125,,,,0.01,adam,,,half_mean_squared_per_measurement,,,,,,,80,8,0.0,not_applicable,not_applicable,method,not_applicable,not_applicable,method,28.23992238919729,0.9031371011303065,0.05558473104611039,0.06829376518726349,0.4214469250424526,13.525742123508826,0.10630816746078947,0.054242024428869856,31.333882113990267,27.503961494217513,0.827546941632692,0.10103151760995388,27.503961494217513,355.1407694481313,44.392596181016415,8,1296,1296,1280,1280,1280,1296,1280,1280,1280,1280,0,1280,1280,direct,learned_finite_interval_map,,False,False,False,,,,False,,0,0,0,0,0.0,,,,,,,,,,,,,,,,,,,,,,,1.5884,8.0,6.4116,"jax_device_memory_stats(peak_bytes_in_use)  [LIFETIME high-water mark: it has no reset API, so it can only over-report this job]",,,,unavailable,4,8,0,3.0544,21.09,42,0,seed=42|model=pmf|rep=0,c136b139bc17dfba,3bf57218b76797cc,f20a75fb006ed8cc,source_imagenet_class,7.0,ok,,,2026-09-09T12:56:54.266837
stage2_pmf,fd663b94d694,box_inpainting__rhso__c2,box_inpainting__rhso__c2,box_inpaint,prob_4459e49fb12d0091,ALL,pmf,meanflow,jax,pixel,rhso,RHSO,1.0,1.0,0.0,1.0,0.0,meanflow_descending,pure_prior_noise,zero_fill,,,,,0.125,0.125,0.125,,,,0.01,adam,,,half_mean_squared_per_measurement,,,,,,,20,8,0.0,not_applicable,not_applicable,method,not_applicable,not_applicable,method,29.44390076514219,0.9010214152572156,0.048546832986176014,0.07142601907253265,0.34575597969126703,15.245205917871655,0.15557423703427542,0.0571386741171372,30.881996743024803,27.503961494217513,0.827546941632692,0.10103151760995388,27.503961494217513,92.5260650338605,11.565758129232563,8,336,336,320,320,320,336,320,320,320,320,0,320,320,direct,learned_finite_interval_map,,False,False,False,,,,False,,0,0,0,0,0.0,,,,,,,,,,,,,,,,,,,,,,,1.5884,8.0,6.4116,"jax_device_memory_stats(peak_bytes_in_use)  [LIFETIME high-water mark: it has no reset API, so it can only over-report this job]",,,,unavailable,4,8,0,3.0544,21.09,42,0,seed=42|model=pmf|rep=0,c136b139bc17dfba,3bf57218b76797cc,f20a75fb006ed8cc,source_imagenet_class,7.0,ok,,,2026-09-09T12:58:27.591182
stage2_pmf,e31e0c8318c2,box_inpainting__rhso__c3,box_inpainting__rhso__c3,box_inpaint,prob_4459e49fb12d0091,ALL,pmf,meanflow,jax,pixel,rhso,RHSO,1.0,1.0,0.0,1.0,0.0,meanflow_descending,pure_prior_noise,zero_fill,,,,,0.25,0.25,0.25,,,,0.01,adam,,,half_mean_squared_per_measurement,,,,,,,40,4,0.0,not_applicable,not_applicable,method,not_applicable,not_applicable,method,28.97689575085223,0.8912248685624022,0.06131468340754509,0.0738113671541214,0.3349217513798208,15.521732842000155,0.15443474492285697,0.05911737383725473,30.586297249022326,27.503961494217513,0.827546941632692,0.10103151760995388,27.503961494217513,91.89209265448153,11.486511581810191,4,328,328,320,320,320,328,320,320,320,320,0,320,320,direct,learned_finite_interval_map,,False,False,False,,,,False,,0,0,0,0,0.0,,,,,,,,,,,,,,,,,,,,,,,1.5884,8.0,6.4116,"jax_device_memory_stats(peak_bytes_in_use)  [LIFETIME high-water mark: it has no reset API, so it can only over-report this job]",,,,unavailable,4,8,0,1.618,21.09,42,0,seed=42|model=pmf|rep=0,c136b139bc17dfba,3bf57218b76797cc,f20a75fb006ed8cc,source_imagenet_class,7.0,ok,,,2026-09-09T13:00:01.906598
stage2_pmf,a3fbd97bc255,box_inpainting__rhso__c4,box_inpainting__rhso__c4,box_inpaint,prob_4459e49fb12d0091,ALL,pmf,meanflow,jax,pixel,rhso,RHSO,1.0,1.0,0.0,1.0,0.0,meanflow_descending,pure_prior_noise,zero_fill,,,,,0.25,0.25,0.25,,,,0.02,adam,,,half_mean_squared_per_measurement,,,,,,,40,4,0.0,not_applicable,not_applicable,method,not_applicable,not_applicable,method,28.42662824764756,0.8881566072120182,0.06696684285998344,0.07288069278001785,0.3770173182687493,14.493373914160706,0.1723021569135857,0.05817078388882356,30.726501588559756,27.503961494217513,0.827546941632692,0.10103151760995388,27.503961494217513,211.39459889288992,26.42432486161124,4,328,328,320,320,320,328,320,320,320,320,0,320,320,direct,learned_finite_interval_map,,False,False,False,,,,False,,0,0,0,0,0.0,,,,,,,,,,,,,,,,,,,,,,,1.5823,8.0,6.4177,"jax_device_memory_stats(peak_bytes_in_use)  [LIFETIME high-water mark: it has no reset API, so it can only over-report this job]",,,,unavailable,4,8,0,61.1287,29.83,42,0,seed=42|model=pmf|rep=0,c136b139bc17dfba,3bf57218b76797cc,f20a75fb006ed8cc,source_imagenet_class,7.0,ok,,,2026-09-09T11:55:14.435456
stage2_pmf,cdc93bf9df4e,box_inpainting__rhso__c5,box_inpainting__rhso__c5,box_inpaint,prob_4459e49fb12d0091,ALL,pmf,meanflow,jax,pixel,rhso,RHSO,1.0,1.0,0.0,1.0,0.0,meanflow_descending,pure_prior_noise,zero_fill,,,,,0.0625,0.0625,0.0625,,,,0.01,adam,,,half_mean_squared_per_measurement,,,,,,,80,16,0.0,not_applicable,not_applicable,method,not_applicable,not_applicable,method,27.48233390472128,0.8976149011128112,0.07507247291505337,0.06797465682029724,0.4686376363980995,12.603856634221685,0.05605501510183946,0.05426271076402354,31.33057019905829,27.503961494217513,0.827546941632692,0.10103151760995388,27.503961494217513,1095.557801055722,136.94472513196524,16,2592,2592,2560,2560,2560,2592,2560,2560,2560,2560,0,2560,2560,direct,learned_finite_interval_map,,False,False,False,,,,False,,0,0,0,0,0.0,,,,,,,,,,,,,,,,,,,,,,,1.5823,8.0,6.4177,"jax_device_memory_stats(peak_bytes_in_use)  [LIFETIME high-water mark: it has no reset API, so it can only over-report this job]",,,,unavailable,4,8,0,14.6535,29.83,42,0,seed=42|model=pmf|rep=0,c136b139bc17dfba,3bf57218b76797cc,f20a75fb006ed8cc,source_imagenet_class,7.0,ok,,,2026-09-09T12:13:45.524671
stage2_pmf,bb9fd02937fe,box_inpainting__rhso__c6,box_inpainting__rhso__c6,box_inpaint,prob_4459e49fb12d0091,ALL,pmf,meanflow,jax,pixel,rhso,RHSO,1.0,1.0,0.0,1.0,0.0,meanflow_descending,pure_prior_noise,zero_fill,,,,,0.125,0.125,0.125,,,,0.01,adam,,,half_mean_squared_per_measurement,,,,,,,160,8,0.0,not_applicable,not_applicable,method,not_applicable,not_applicable,method,27.29959568148238,0.9032595628246876,0.06530654616653919,0.0667945072054863,0.48601515435116527,12.287603690647778,0.06469000655489092,0.052415207029371635,31.631453803068883,27.503961494217513,0.827546941632692,0.10103151760995388,27.503961494217513,581.9647377068177,72.74559221335221,8,2576,2576,2560,2560,2560,2576,2560,2560,2560,2560,0,2560,2560,direct,learned_finite_interval_map,,False,False,False,,,,False,,0,0,0,0,0.0,,,,,,,,,,,,,,,,,,,,,,,1.5823,8.0,6.4177,"jax_device_memory_stats(peak_bytes_in_use)  [LIFETIME high-water mark: it has no reset API, so it can only over-report this job]",,,,unavailable,4,8,0,3.3626,29.83,42,0,seed=42|model=pmf|rep=0,c136b139bc17dfba,3bf57218b76797cc,f20a75fb006ed8cc,source_imagenet_class,7.0,ok,,,2026-09-09T12:23:31.725825
