run_id,job_id,task,experiment,problem,problem_key,image_id,model,model_family,framework,state_space,method,method_title,t0,beta,canonical_start_time,native_start_time,native_end_time,native_time_mapping,initialization_kind,initialization_guide_mode,steps,solver,num_mpc_steps,delta,delta_nominal_uniform,delta_min,delta_max,K,lam,n_ctrl,lr,optimizer,warm_start,grad_clip,phi_normalization,control_cost_normalization,delta_t_lambda_scaling,num_pnp_steps,gamma0,alpha,noise_samples,num_opt_steps,num_rhso_steps,mu,hyperparameter_source_lam,hyperparameter_source_n_ctrl,hyperparameter_source_lr,hyperparameter_source_gamma0,hyperparameter_source_alpha,hyperparameter_source_mu,psnr,ssim,lpips,measurement_rmse,missing_rmse,missing_psnr,missing_ssim,observed_rmse,observed_psnr,degraded_psnr,degraded_ssim,degraded_lpips,guide_psnr,runtime,runtime_per_image,reconstruction_steps,network_forwards,model_evaluations,planning_model_evaluations,control_iterations,backprops_through_model,expected_model_evaluations,expected_backprops,objective_evaluations,data_gradient_evaluations,optimizer_iterations,denoiser_samples,expected_objective_evaluations,expected_data_gradients,rhso_terminal_mode,rhso_terminal_planner,rhso_consistency_kind,rhso_stage_diagnostics,rhso_consistency_diagnostics,rhso_jacobian_diagnostics,rhso_jacobian_probes,rhso_jacobian_power_iters,rhso_jacobian_seed,rhso_gradient_authority_diagnostics,measurement_noise_group,diagnostic_model_evaluations,diagnostic_network_forwards,diagnostic_jvps,diagnostic_vjps,diagnostic_seconds,stage_count,stage_delta_first,stage_delta_last,stage_delta_per_step_first,stage_delta_per_step_last,stage_theta_first,stage_theta_last,stage_v_pre_first,stage_v_post_last,endpoint_shift_native_relative_mean,endpoint_shift_pixel_rmse_mean,fidelity_shift_execution_mean,next_stage_recovery_mean,jacobian_sigma_max_first,jacobian_sigma_max_last,jacobian_log_anisotropy_first,jacobian_log_anisotropy_last,gradient_aligned_authority_first,gradient_aligned_authority_last,gradient_aligned_authority_mean,endpoint_fidelity_grad_norm_mean,state_fidelity_grad_norm_mean,gpu_baseline_gib,gpu_peak_gib,gpu_incremental_peak_gib,gpu_memory_source,gpu_process_baseline_gib,gpu_process_peak_gib,gpu_process_incremental_peak_gib,gpu_process_memory_source,batch_size,num_images,padded_items,warmup_seconds,model_load_seconds,seed,replicate,generative_noise_id,measurement_id,guide_id,initial_state_fingerprint,conditioning_label,cfg_scale,status,failure,output_dir,timestamp
stage2_imf_r3,c5d10397a745,denoising__pnp__x1,denoising__pnp__x1,denoising,prob_114badd1eeb1e559,000_00_tench,imf,meanflow,jax,latent,pnp,PnP-Flow,1.0,1.0,0.0,1.0,0.0,meanflow_descending,pure_prior_noise,identity,,,,,0.0005279831045406547,0.000527983104540608,0.0005279831045407191,,,,,,,,half_mean_squared_per_measurement,,,1893,100000.0,1.0,1,,,,not_applicable,not_applicable,not_applicable,method,method,not_applicable,23.396327031056305,0.5038030531698796,0.5196790099143982,0.2234758734703064,,,,,,20.460494989421008,0.40600529352712283,0.4711836613714695,20.460494989421008,2153.314142261632,269.164267782704,1893,7576,7576,0,0,0,7576,0,7572,7572,0,7576,7572,7572,,,,,,,,,,,,0,0,0,0,0.0,,,,,,,,,,,,,,,,,,,,,,,1.0152,6.6099,5.5947,"jax_device_memory_stats(peak_bytes_in_use)  [LIFETIME high-water mark: it has no reset API, so it can only over-report this job]",,,,unavailable,2,8,0,659.0091,11.32,42,0,seed=42|model=imf|rep=0,a5f596e7c82cd3db,2b589d88aa3382a8,60a6dc5c91c914cc,source_imagenet_class,8.0,ok,,,2026-09-09T21:51:22.171322
stage2_imf_r3,c5d10397a745,denoising__pnp__x1,denoising__pnp__x1,denoising,prob_114badd1eeb1e559,039_01_iguana,imf,meanflow,jax,latent,pnp,PnP-Flow,1.0,1.0,0.0,1.0,0.0,meanflow_descending,pure_prior_noise,identity,,,,,0.0005279831045406547,0.000527983104540608,0.0005279831045407191,,,,,,,,half_mean_squared_per_measurement,,,1893,100000.0,1.0,1,,,,not_applicable,not_applicable,not_applicable,method,method,not_applicable,21.892566304761004,0.7098079785729428,0.2536904811859131,0.2234758734703064,,,,,,20.460494989421008,0.40600529352712283,0.4711836613714695,20.460494989421008,2153.314142261632,269.164267782704,1893,7576,7576,0,0,0,7576,0,7572,7572,0,7576,7572,7572,,,,,,,,,,,,0,0,0,0,0.0,,,,,,,,,,,,,,,,,,,,,,,1.0152,6.6099,5.5947,"jax_device_memory_stats(peak_bytes_in_use)  [LIFETIME high-water mark: it has no reset API, so it can only over-report this job]",,,,unavailable,2,8,0,659.0091,11.32,42,0,seed=42|model=imf|rep=0,a5f596e7c82cd3db,2b589d88aa3382a8,60a6dc5c91c914cc,source_imagenet_class,8.0,ok,,,2026-09-09T21:51:22.171322
stage2_imf_r3,c5d10397a745,denoising__pnp__x1,denoising__pnp__x1,denoising,prob_114badd1eeb1e559,081_02_ptarmigan,imf,meanflow,jax,latent,pnp,PnP-Flow,1.0,1.0,0.0,1.0,0.0,meanflow_descending,pure_prior_noise,identity,,,,,0.0005279831045406547,0.000527983104540608,0.0005279831045407191,,,,,,,,half_mean_squared_per_measurement,,,1893,100000.0,1.0,1,,,,not_applicable,not_applicable,not_applicable,method,method,not_applicable,26.841605121490495,0.761029296152207,0.20887485146522522,0.2234758734703064,,,,,,20.460494989421008,0.40600529352712283,0.4711836613714695,20.460494989421008,2153.314142261632,269.164267782704,1893,7576,7576,0,0,0,7576,0,7572,7572,0,7576,7572,7572,,,,,,,,,,,,0,0,0,0,0.0,,,,,,,,,,,,,,,,,,,,,,,1.0152,6.6099,5.5947,"jax_device_memory_stats(peak_bytes_in_use)  [LIFETIME high-water mark: it has no reset API, so it can only over-report this job]",,,,unavailable,2,8,0,659.0091,11.32,42,0,seed=42|model=imf|rep=0,a5f596e7c82cd3db,2b589d88aa3382a8,60a6dc5c91c914cc,source_imagenet_class,8.0,ok,,,2026-09-09T21:51:22.171322
stage2_imf_r3,c5d10397a745,denoising__pnp__x1,denoising__pnp__x1,denoising,prob_114badd1eeb1e559,088_03_macaw,imf,meanflow,jax,latent,pnp,PnP-Flow,1.0,1.0,0.0,1.0,0.0,meanflow_descending,pure_prior_noise,identity,,,,,0.0005279831045406547,0.000527983104540608,0.0005279831045407191,,,,,,,,half_mean_squared_per_measurement,,,1893,100000.0,1.0,1,,,,not_applicable,not_applicable,not_applicable,method,method,not_applicable,27.880581604117538,0.7203982707383147,0.14137765765190125,0.2234758734703064,,,,,,20.460494989421008,0.40600529352712283,0.4711836613714695,20.460494989421008,2153.314142261632,269.164267782704,1893,7576,7576,0,0,0,7576,0,7572,7572,0,7576,7572,7572,,,,,,,,,,,,0,0,0,0,0.0,,,,,,,,,,,,,,,,,,,,,,,1.0152,6.6099,5.5947,"jax_device_memory_stats(peak_bytes_in_use)  [LIFETIME high-water mark: it has no reset API, so it can only over-report this job]",,,,unavailable,2,8,0,659.0091,11.32,42,0,seed=42|model=imf|rep=0,a5f596e7c82cd3db,2b589d88aa3382a8,60a6dc5c91c914cc,source_imagenet_class,8.0,ok,,,2026-09-09T21:51:22.171322
stage2_imf_r3,c5d10397a745,denoising__pnp__x1,denoising__pnp__x1,denoising,prob_114badd1eeb1e559,207_04_golden_retriever,imf,meanflow,jax,latent,pnp,PnP-Flow,1.0,1.0,0.0,1.0,0.0,meanflow_descending,pure_prior_noise,identity,,,,,0.0005279831045406547,0.000527983104540608,0.0005279831045407191,,,,,,,,half_mean_squared_per_measurement,,,1893,100000.0,1.0,1,,,,not_applicable,not_applicable,not_applicable,method,method,not_applicable,30.146132058965996,0.7091858157622014,0.248160257935524,0.2234758734703064,,,,,,20.460494989421008,0.40600529352712283,0.4711836613714695,20.460494989421008,2153.314142261632,269.164267782704,1893,7576,7576,0,0,0,7576,0,7572,7572,0,7576,7572,7572,,,,,,,,,,,,0,0,0,0,0.0,,,,,,,,,,,,,,,,,,,,,,,1.0152,6.6099,5.5947,"jax_device_memory_stats(peak_bytes_in_use)  [LIFETIME high-water mark: it has no reset API, so it can only over-report this job]",,,,unavailable,2,8,0,659.0091,11.32,42,0,seed=42|model=imf|rep=0,a5f596e7c82cd3db,2b589d88aa3382a8,60a6dc5c91c914cc,source_imagenet_class,8.0,ok,,,2026-09-09T21:51:22.171322
stage2_imf_r3,c5d10397a745,denoising__pnp__x1,denoising__pnp__x1,denoising,prob_114badd1eeb1e559,281_05_tabby_cat,imf,meanflow,jax,latent,pnp,PnP-Flow,1.0,1.0,0.0,1.0,0.0,meanflow_descending,pure_prior_noise,identity,,,,,0.0005279831045406547,0.000527983104540608,0.0005279831045407191,,,,,,,,half_mean_squared_per_measurement,,,1893,100000.0,1.0,1,,,,not_applicable,not_applicable,not_applicable,method,method,not_applicable,26.960476805805534,0.7779573483842793,0.11163005977869034,0.2234758734703064,,,,,,20.460494989421008,0.40600529352712283,0.4711836613714695,20.460494989421008,2153.314142261632,269.164267782704,1893,7576,7576,0,0,0,7576,0,7572,7572,0,7576,7572,7572,,,,,,,,,,,,0,0,0,0,0.0,,,,,,,,,,,,,,,,,,,,,,,1.0152,6.6099,5.5947,"jax_device_memory_stats(peak_bytes_in_use)  [LIFETIME high-water mark: it has no reset API, so it can only over-report this job]",,,,unavailable,2,8,0,659.0091,11.32,42,0,seed=42|model=imf|rep=0,a5f596e7c82cd3db,2b589d88aa3382a8,60a6dc5c91c914cc,source_imagenet_class,8.0,ok,,,2026-09-09T21:51:22.171322
stage2_imf_r3,c5d10397a745,denoising__pnp__x1,denoising__pnp__x1,denoising,prob_114badd1eeb1e559,291_06_lion,imf,meanflow,jax,latent,pnp,PnP-Flow,1.0,1.0,0.0,1.0,0.0,meanflow_descending,pure_prior_noise,identity,,,,,0.0005279831045406547,0.000527983104540608,0.0005279831045407191,,,,,,,,half_mean_squared_per_measurement,,,1893,100000.0,1.0,1,,,,not_applicable,not_applicable,not_applicable,method,method,not_applicable,29.084740036211056,0.7422855345501436,0.22671455144882202,0.2234758734703064,,,,,,20.460494989421008,0.40600529352712283,0.4711836613714695,20.460494989421008,2153.314142261632,269.164267782704,1893,7576,7576,0,0,0,7576,0,7572,7572,0,7576,7572,7572,,,,,,,,,,,,0,0,0,0,0.0,,,,,,,,,,,,,,,,,,,,,,,1.0152,6.6099,5.5947,"jax_device_memory_stats(peak_bytes_in_use)  [LIFETIME high-water mark: it has no reset API, so it can only over-report this job]",,,,unavailable,2,8,0,659.0091,11.32,42,0,seed=42|model=imf|rep=0,a5f596e7c82cd3db,2b589d88aa3382a8,60a6dc5c91c914cc,source_imagenet_class,8.0,ok,,,2026-09-09T21:51:22.171322
stage2_imf_r3,c5d10397a745,denoising__pnp__x1,denoising__pnp__x1,denoising,prob_114badd1eeb1e559,323_07_monarch_butterfly,imf,meanflow,jax,latent,pnp,PnP-Flow,1.0,1.0,0.0,1.0,0.0,meanflow_descending,pure_prior_noise,identity,,,,,0.0005279831045406547,0.000527983104540608,0.0005279831045407191,,,,,,,,half_mean_squared_per_measurement,,,1893,100000.0,1.0,1,,,,not_applicable,not_applicable,not_applicable,method,method,not_applicable,23.829787915433084,0.7012355021029374,0.21559277176856995,0.2234758734703064,,,,,,20.460494989421008,0.40600529352712283,0.4711836613714695,20.460494989421008,2153.314142261632,269.164267782704,1893,7576,7576,0,0,0,7576,0,7572,7572,0,7576,7572,7572,,,,,,,,,,,,0,0,0,0,0.0,,,,,,,,,,,,,,,,,,,,,,,1.0152,6.6099,5.5947,"jax_device_memory_stats(peak_bytes_in_use)  [LIFETIME high-water mark: it has no reset API, so it can only over-report this job]",,,,unavailable,2,8,0,659.0091,11.32,42,0,seed=42|model=imf|rep=0,a5f596e7c82cd3db,2b589d88aa3382a8,60a6dc5c91c914cc,source_imagenet_class,8.0,ok,,,2026-09-09T21:51:22.171322
stage2_imf_r3,937631501d3a,denoising__dflow__x1,denoising__dflow__x1,denoising,prob_114badd1eeb1e559,000_00_tench,imf,meanflow,jax,latent,dflow,D-Flow,1.0,1.0,0.0,1.0,0.0,meanflow_descending,pure_prior_noise,identity,1,,,,1.0,1.0,1.0,,,,0.3,adam,,,half_mean_squared_per_measurement,,,,,,,5120,,,not_applicable,not_applicable,method,not_applicable,not_applicable,not_applicable,23.277136639098586,0.5064972010653325,0.4515053629875183,0.22168278694152832,,,,,,20.460494989421008,0.40600529352712283,0.4711836613714695,20.460494989421008,9461.069173762575,1182.6336467203218,1,20484,20484,20480,20480,20480,20484,20480,20480,20480,20480,0,20484,20480,,,,,,,,,,,,0,0,0,0,0.0,,,,,,,,,,,,,,,,,,,,,,,1.0152,6.6099,5.5947,"jax_device_memory_stats(peak_bytes_in_use)  [LIFETIME high-water mark: it has no reset API, so it can only over-report this job]",,,,unavailable,2,8,0,0.917,11.32,42,0,seed=42|model=imf|rep=0,a5f596e7c82cd3db,2b589d88aa3382a8,60a6dc5c91c914cc,source_imagenet_class,8.0,ok,,,2026-09-09T21:04:28.143676
stage2_imf_r3,937631501d3a,denoising__dflow__x1,denoising__dflow__x1,denoising,prob_114badd1eeb1e559,039_01_iguana,imf,meanflow,jax,latent,dflow,D-Flow,1.0,1.0,0.0,1.0,0.0,meanflow_descending,pure_prior_noise,identity,1,,,,1.0,1.0,1.0,,,,0.3,adam,,,half_mean_squared_per_measurement,,,,,,,5120,,,not_applicable,not_applicable,method,not_applicable,not_applicable,not_applicable,22.04352096374832,0.714794576801828,0.23871847987174988,0.22168278694152832,,,,,,20.460494989421008,0.40600529352712283,0.4711836613714695,20.460494989421008,9461.069173762575,1182.6336467203218,1,20484,20484,20480,20480,20480,20484,20480,20480,20480,20480,0,20484,20480,,,,,,,,,,,,0,0,0,0,0.0,,,,,,,,,,,,,,,,,,,,,,,1.0152,6.6099,5.5947,"jax_device_memory_stats(peak_bytes_in_use)  [LIFETIME high-water mark: it has no reset API, so it can only over-report this job]",,,,unavailable,2,8,0,0.917,11.32,42,0,seed=42|model=imf|rep=0,a5f596e7c82cd3db,2b589d88aa3382a8,60a6dc5c91c914cc,source_imagenet_class,8.0,ok,,,2026-09-09T21:04:28.143676
stage2_imf_r3,937631501d3a,denoising__dflow__x1,denoising__dflow__x1,denoising,prob_114badd1eeb1e559,081_02_ptarmigan,imf,meanflow,jax,latent,dflow,D-Flow,1.0,1.0,0.0,1.0,0.0,meanflow_descending,pure_prior_noise,identity,1,,,,1.0,1.0,1.0,,,,0.3,adam,,,half_mean_squared_per_measurement,,,,,,,5120,,,not_applicable,not_applicable,method,not_applicable,not_applicable,not_applicable,26.700587245775562,0.7175352774048696,0.29959145188331604,0.22168278694152832,,,,,,20.460494989421008,0.40600529352712283,0.4711836613714695,20.460494989421008,9461.069173762575,1182.6336467203218,1,20484,20484,20480,20480,20480,20484,20480,20480,20480,20480,0,20484,20480,,,,,,,,,,,,0,0,0,0,0.0,,,,,,,,,,,,,,,,,,,,,,,1.0152,6.6099,5.5947,"jax_device_memory_stats(peak_bytes_in_use)  [LIFETIME high-water mark: it has no reset API, so it can only over-report this job]",,,,unavailable,2,8,0,0.917,11.32,42,0,seed=42|model=imf|rep=0,a5f596e7c82cd3db,2b589d88aa3382a8,60a6dc5c91c914cc,source_imagenet_class,8.0,ok,,,2026-09-09T21:04:28.143676
stage2_imf_r3,937631501d3a,denoising__dflow__x1,denoising__dflow__x1,denoising,prob_114badd1eeb1e559,088_03_macaw,imf,meanflow,jax,latent,dflow,D-Flow,1.0,1.0,0.0,1.0,0.0,meanflow_descending,pure_prior_noise,identity,1,,,,1.0,1.0,1.0,,,,0.3,adam,,,half_mean_squared_per_measurement,,,,,,,5120,,,not_applicable,not_applicable,method,not_applicable,not_applicable,not_applicable,28.184312980712054,0.7208335620607224,0.14886362850666046,0.22168278694152832,,,,,,20.460494989421008,0.40600529352712283,0.4711836613714695,20.460494989421008,9461.069173762575,1182.6336467203218,1,20484,20484,20480,20480,20480,20484,20480,20480,20480,20480,0,20484,20480,,,,,,,,,,,,0,0,0,0,0.0,,,,,,,,,,,,,,,,,,,,,,,1.0152,6.6099,5.5947,"jax_device_memory_stats(peak_bytes_in_use)  [LIFETIME high-water mark: it has no reset API, so it can only over-report this job]",,,,unavailable,2,8,0,0.917,11.32,42,0,seed=42|model=imf|rep=0,a5f596e7c82cd3db,2b589d88aa3382a8,60a6dc5c91c914cc,source_imagenet_class,8.0,ok,,,2026-09-09T21:04:28.143676
stage2_imf_r3,937631501d3a,denoising__dflow__x1,denoising__dflow__x1,denoising,prob_114badd1eeb1e559,207_04_golden_retriever,imf,meanflow,jax,latent,dflow,D-Flow,1.0,1.0,0.0,1.0,0.0,meanflow_descending,pure_prior_noise,identity,1,,,,1.0,1.0,1.0,,,,0.3,adam,,,half_mean_squared_per_measurement,,,,,,,5120,,,not_applicable,not_applicable,method,not_applicable,not_applicable,not_applicable,29.469334229831325,0.6879041838242156,0.2775447368621826,0.22168278694152832,,,,,,20.460494989421008,0.40600529352712283,0.4711836613714695,20.460494989421008,9461.069173762575,1182.6336467203218,1,20484,20484,20480,20480,20480,20484,20480,20480,20480,20480,0,20484,20480,,,,,,,,,,,,0,0,0,0,0.0,,,,,,,,,,,,,,,,,,,,,,,1.0152,6.6099,5.5947,"jax_device_memory_stats(peak_bytes_in_use)  [LIFETIME high-water mark: it has no reset API, so it can only over-report this job]",,,,unavailable,2,8,0,0.917,11.32,42,0,seed=42|model=imf|rep=0,a5f596e7c82cd3db,2b589d88aa3382a8,60a6dc5c91c914cc,source_imagenet_class,8.0,ok,,,2026-09-09T21:04:28.143676
stage2_imf_r3,937631501d3a,denoising__dflow__x1,denoising__dflow__x1,denoising,prob_114badd1eeb1e559,281_05_tabby_cat,imf,meanflow,jax,latent,dflow,D-Flow,1.0,1.0,0.0,1.0,0.0,meanflow_descending,pure_prior_noise,identity,1,,,,1.0,1.0,1.0,,,,0.3,adam,,,half_mean_squared_per_measurement,,,,,,,5120,,,not_applicable,not_applicable,method,not_applicable,not_applicable,not_applicable,27.01348167462344,0.7620066821029935,0.1063881441950798,0.22168278694152832,,,,,,20.460494989421008,0.40600529352712283,0.4711836613714695,20.460494989421008,9461.069173762575,1182.6336467203218,1,20484,20484,20480,20480,20480,20484,20480,20480,20480,20480,0,20484,20480,,,,,,,,,,,,0,0,0,0,0.0,,,,,,,,,,,,,,,,,,,,,,,1.0152,6.6099,5.5947,"jax_device_memory_stats(peak_bytes_in_use)  [LIFETIME high-water mark: it has no reset API, so it can only over-report this job]",,,,unavailable,2,8,0,0.917,11.32,42,0,seed=42|model=imf|rep=0,a5f596e7c82cd3db,2b589d88aa3382a8,60a6dc5c91c914cc,source_imagenet_class,8.0,ok,,,2026-09-09T21:04:28.143676
stage2_imf_r3,937631501d3a,denoising__dflow__x1,denoising__dflow__x1,denoising,prob_114badd1eeb1e559,291_06_lion,imf,meanflow,jax,latent,dflow,D-Flow,1.0,1.0,0.0,1.0,0.0,meanflow_descending,pure_prior_noise,identity,1,,,,1.0,1.0,1.0,,,,0.3,adam,,,half_mean_squared_per_measurement,,,,,,,5120,,,not_applicable,not_applicable,method,not_applicable,not_applicable,not_applicable,28.214213960979556,0.7025399828094178,0.2698851227760315,0.22168278694152832,,,,,,20.460494989421008,0.40600529352712283,0.4711836613714695,20.460494989421008,9461.069173762575,1182.6336467203218,1,20484,20484,20480,20480,20480,20484,20480,20480,20480,20480,0,20484,20480,,,,,,,,,,,,0,0,0,0,0.0,,,,,,,,,,,,,,,,,,,,,,,1.0152,6.6099,5.5947,"jax_device_memory_stats(peak_bytes_in_use)  [LIFETIME high-water mark: it has no reset API, so it can only over-report this job]",,,,unavailable,2,8,0,0.917,11.32,42,0,seed=42|model=imf|rep=0,a5f596e7c82cd3db,2b589d88aa3382a8,60a6dc5c91c914cc,source_imagenet_class,8.0,ok,,,2026-09-09T21:04:28.143676
stage2_imf_r3,937631501d3a,denoising__dflow__x1,denoising__dflow__x1,denoising,prob_114badd1eeb1e559,323_07_monarch_butterfly,imf,meanflow,jax,latent,dflow,D-Flow,1.0,1.0,0.0,1.0,0.0,meanflow_descending,pure_prior_noise,identity,1,,,,1.0,1.0,1.0,,,,0.3,adam,,,half_mean_squared_per_measurement,,,,,,,5120,,,not_applicable,not_applicable,method,not_applicable,not_applicable,not_applicable,23.68960219649775,0.6961914118637855,0.199606254696846,0.22168278694152832,,,,,,20.460494989421008,0.40600529352712283,0.4711836613714695,20.460494989421008,9461.069173762575,1182.6336467203218,1,20484,20484,20480,20480,20480,20484,20480,20480,20480,20480,0,20484,20480,,,,,,,,,,,,0,0,0,0,0.0,,,,,,,,,,,,,,,,,,,,,,,1.0152,6.6099,5.5947,"jax_device_memory_stats(peak_bytes_in_use)  [LIFETIME high-water mark: it has no reset API, so it can only over-report this job]",,,,unavailable,2,8,0,0.917,11.32,42,0,seed=42|model=imf|rep=0,a5f596e7c82cd3db,2b589d88aa3382a8,60a6dc5c91c914cc,source_imagenet_class,8.0,ok,,,2026-09-09T21:04:28.143676
stage2_imf_r3,a0e70af7bc31,deblurring__pnp__x1,deblurring__pnp__x1,deblur,prob_c2be85f48d232774,000_00_tench,imf,meanflow,jax,latent,pnp,PnP-Flow,1.0,1.0,0.0,1.0,0.0,meanflow_descending,pure_prior_noise,observed,,,,,0.0005279831045406547,0.000527983104540608,0.0005279831045407191,,,,,,,,half_mean_squared_per_measurement,,,1893,100000.0,1.0,1,,,,not_applicable,not_applicable,not_applicable,method,method,not_applicable,22.742797553308762,0.4380557272918524,0.5714247226715088,0.07086747884750366,,,,,,25.744277773445766,0.7043333030752865,0.2709390092641115,25.744277773445766,2662.9935068329796,332.87418835412245,1893,7576,7576,0,0,0,7576,0,7572,7572,0,7576,7572,7572,,,,,,,,,,,,0,0,0,0,0.0,,,,,,,,,,,,,,,,,,,,,,,1.0162,6.6169,5.6006,"jax_device_memory_stats(peak_bytes_in_use)  [LIFETIME high-water mark: it has no reset API, so it can only over-report this job]",,,,unavailable,2,8,0,606.5201,9.55,42,0,seed=42|model=imf|rep=0,6a0500184c85cbcc,a6d7ea78ad4437af,60a6dc5c91c914cc,source_imagenet_class,8.0,ok,,,2026-09-09T21:02:53.487073
stage2_imf_r3,a0e70af7bc31,deblurring__pnp__x1,deblurring__pnp__x1,deblur,prob_c2be85f48d232774,039_01_iguana,imf,meanflow,jax,latent,pnp,PnP-Flow,1.0,1.0,0.0,1.0,0.0,meanflow_descending,pure_prior_noise,observed,,,,,0.0005279831045406547,0.000527983104540608,0.0005279831045407191,,,,,,,,half_mean_squared_per_measurement,,,1893,100000.0,1.0,1,,,,not_applicable,not_applicable,not_applicable,method,method,not_applicable,21.35328349503655,0.6848026372687673,0.2656869888305664,0.07086747884750366,,,,,,25.744277773445766,0.7043333030752865,0.2709390092641115,25.744277773445766,2662.9935068329796,332.87418835412245,1893,7576,7576,0,0,0,7576,0,7572,7572,0,7576,7572,7572,,,,,,,,,,,,0,0,0,0,0.0,,,,,,,,,,,,,,,,,,,,,,,1.0162,6.6169,5.6006,"jax_device_memory_stats(peak_bytes_in_use)  [LIFETIME high-water mark: it has no reset API, so it can only over-report this job]",,,,unavailable,2,8,0,606.5201,9.55,42,0,seed=42|model=imf|rep=0,6a0500184c85cbcc,a6d7ea78ad4437af,60a6dc5c91c914cc,source_imagenet_class,8.0,ok,,,2026-09-09T21:02:53.487073
stage2_imf_r3,a0e70af7bc31,deblurring__pnp__x1,deblurring__pnp__x1,deblur,prob_c2be85f48d232774,081_02_ptarmigan,imf,meanflow,jax,latent,pnp,PnP-Flow,1.0,1.0,0.0,1.0,0.0,meanflow_descending,pure_prior_noise,observed,,,,,0.0005279831045406547,0.000527983104540608,0.0005279831045407191,,,,,,,,half_mean_squared_per_measurement,,,1893,100000.0,1.0,1,,,,not_applicable,not_applicable,not_applicable,method,method,not_applicable,26.19905717634566,0.7329842542650361,0.2459281086921692,0.07086747884750366,,,,,,25.744277773445766,0.7043333030752865,0.2709390092641115,25.744277773445766,2662.9935068329796,332.87418835412245,1893,7576,7576,0,0,0,7576,0,7572,7572,0,7576,7572,7572,,,,,,,,,,,,0,0,0,0,0.0,,,,,,,,,,,,,,,,,,,,,,,1.0162,6.6169,5.6006,"jax_device_memory_stats(peak_bytes_in_use)  [LIFETIME high-water mark: it has no reset API, so it can only over-report this job]",,,,unavailable,2,8,0,606.5201,9.55,42,0,seed=42|model=imf|rep=0,6a0500184c85cbcc,a6d7ea78ad4437af,60a6dc5c91c914cc,source_imagenet_class,8.0,ok,,,2026-09-09T21:02:53.487073
stage2_imf_r3,a0e70af7bc31,deblurring__pnp__x1,deblurring__pnp__x1,deblur,prob_c2be85f48d232774,088_03_macaw,imf,meanflow,jax,latent,pnp,PnP-Flow,1.0,1.0,0.0,1.0,0.0,meanflow_descending,pure_prior_noise,observed,,,,,0.0005279831045406547,0.000527983104540608,0.0005279831045407191,,,,,,,,half_mean_squared_per_measurement,,,1893,100000.0,1.0,1,,,,not_applicable,not_applicable,not_applicable,method,method,not_applicable,26.600359888610896,0.6652016870777231,0.2025165855884552,0.07086747884750366,,,,,,25.744277773445766,0.7043333030752865,0.2709390092641115,25.744277773445766,2662.9935068329796,332.87418835412245,1893,7576,7576,0,0,0,7576,0,7572,7572,0,7576,7572,7572,,,,,,,,,,,,0,0,0,0,0.0,,,,,,,,,,,,,,,,,,,,,,,1.0162,6.6169,5.6006,"jax_device_memory_stats(peak_bytes_in_use)  [LIFETIME high-water mark: it has no reset API, so it can only over-report this job]",,,,unavailable,2,8,0,606.5201,9.55,42,0,seed=42|model=imf|rep=0,6a0500184c85cbcc,a6d7ea78ad4437af,60a6dc5c91c914cc,source_imagenet_class,8.0,ok,,,2026-09-09T21:02:53.487073
stage2_imf_r3,a0e70af7bc31,deblurring__pnp__x1,deblurring__pnp__x1,deblur,prob_c2be85f48d232774,207_04_golden_retriever,imf,meanflow,jax,latent,pnp,PnP-Flow,1.0,1.0,0.0,1.0,0.0,meanflow_descending,pure_prior_noise,observed,,,,,0.0005279831045406547,0.000527983104540608,0.0005279831045407191,,,,,,,,half_mean_squared_per_measurement,,,1893,100000.0,1.0,1,,,,not_applicable,not_applicable,not_applicable,method,method,not_applicable,29.687160397908016,0.6837847490089044,0.3164975345134735,0.07086747884750366,,,,,,25.744277773445766,0.7043333030752865,0.2709390092641115,25.744277773445766,2662.9935068329796,332.87418835412245,1893,7576,7576,0,0,0,7576,0,7572,7572,0,7576,7572,7572,,,,,,,,,,,,0,0,0,0,0.0,,,,,,,,,,,,,,,,,,,,,,,1.0162,6.6169,5.6006,"jax_device_memory_stats(peak_bytes_in_use)  [LIFETIME high-water mark: it has no reset API, so it can only over-report this job]",,,,unavailable,2,8,0,606.5201,9.55,42,0,seed=42|model=imf|rep=0,6a0500184c85cbcc,a6d7ea78ad4437af,60a6dc5c91c914cc,source_imagenet_class,8.0,ok,,,2026-09-09T21:02:53.487073
stage2_imf_r3,a0e70af7bc31,deblurring__pnp__x1,deblurring__pnp__x1,deblur,prob_c2be85f48d232774,281_05_tabby_cat,imf,meanflow,jax,latent,pnp,PnP-Flow,1.0,1.0,0.0,1.0,0.0,meanflow_descending,pure_prior_noise,observed,,,,,0.0005279831045406547,0.000527983104540608,0.0005279831045407191,,,,,,,,half_mean_squared_per_measurement,,,1893,100000.0,1.0,1,,,,not_applicable,not_applicable,not_applicable,method,method,not_applicable,25.794007825087967,0.7466656197718704,0.16452167928218842,0.07086747884750366,,,,,,25.744277773445766,0.7043333030752865,0.2709390092641115,25.744277773445766,2662.9935068329796,332.87418835412245,1893,7576,7576,0,0,0,7576,0,7572,7572,0,7576,7572,7572,,,,,,,,,,,,0,0,0,0,0.0,,,,,,,,,,,,,,,,,,,,,,,1.0162,6.6169,5.6006,"jax_device_memory_stats(peak_bytes_in_use)  [LIFETIME high-water mark: it has no reset API, so it can only over-report this job]",,,,unavailable,2,8,0,606.5201,9.55,42,0,seed=42|model=imf|rep=0,6a0500184c85cbcc,a6d7ea78ad4437af,60a6dc5c91c914cc,source_imagenet_class,8.0,ok,,,2026-09-09T21:02:53.487073
stage2_imf_r3,a0e70af7bc31,deblurring__pnp__x1,deblurring__pnp__x1,deblur,prob_c2be85f48d232774,291_06_lion,imf,meanflow,jax,latent,pnp,PnP-Flow,1.0,1.0,0.0,1.0,0.0,meanflow_descending,pure_prior_noise,observed,,,,,0.0005279831045406547,0.000527983104540608,0.0005279831045407191,,,,,,,,half_mean_squared_per_measurement,,,1893,100000.0,1.0,1,,,,not_applicable,not_applicable,not_applicable,method,method,not_applicable,28.341850005386174,0.6970332442632826,0.31689977645874023,0.07086747884750366,,,,,,25.744277773445766,0.7043333030752865,0.2709390092641115,25.744277773445766,2662.9935068329796,332.87418835412245,1893,7576,7576,0,0,0,7576,0,7572,7572,0,7576,7572,7572,,,,,,,,,,,,0,0,0,0,0.0,,,,,,,,,,,,,,,,,,,,,,,1.0162,6.6169,5.6006,"jax_device_memory_stats(peak_bytes_in_use)  [LIFETIME high-water mark: it has no reset API, so it can only over-report this job]",,,,unavailable,2,8,0,606.5201,9.55,42,0,seed=42|model=imf|rep=0,6a0500184c85cbcc,a6d7ea78ad4437af,60a6dc5c91c914cc,source_imagenet_class,8.0,ok,,,2026-09-09T21:02:53.487073
stage2_imf_r3,a0e70af7bc31,deblurring__pnp__x1,deblurring__pnp__x1,deblur,prob_c2be85f48d232774,323_07_monarch_butterfly,imf,meanflow,jax,latent,pnp,PnP-Flow,1.0,1.0,0.0,1.0,0.0,meanflow_descending,pure_prior_noise,observed,,,,,0.0005279831045406547,0.000527983104540608,0.0005279831045407191,,,,,,,,half_mean_squared_per_measurement,,,1893,100000.0,1.0,1,,,,not_applicable,not_applicable,not_applicable,method,method,not_applicable,23.035928941776376,0.6572112270942647,0.3010828197002411,0.07086747884750366,,,,,,25.744277773445766,0.7043333030752865,0.2709390092641115,25.744277773445766,2662.9935068329796,332.87418835412245,1893,7576,7576,0,0,0,7576,0,7572,7572,0,7576,7572,7572,,,,,,,,,,,,0,0,0,0,0.0,,,,,,,,,,,,,,,,,,,,,,,1.0162,6.6169,5.6006,"jax_device_memory_stats(peak_bytes_in_use)  [LIFETIME high-water mark: it has no reset API, so it can only over-report this job]",,,,unavailable,2,8,0,606.5201,9.55,42,0,seed=42|model=imf|rep=0,6a0500184c85cbcc,a6d7ea78ad4437af,60a6dc5c91c914cc,source_imagenet_class,8.0,ok,,,2026-09-09T21:02:53.487073
stage2_imf_r3,73cdc3fde6c6,deblurring__dflow__x1,deblurring__dflow__x1,deblur,prob_c2be85f48d232774,000_00_tench,imf,meanflow,jax,latent,dflow,D-Flow,1.0,1.0,0.0,1.0,0.0,meanflow_descending,pure_prior_noise,observed,1,,,,1.0,1.0,1.0,,,,0.3,adam,,,half_mean_squared_per_measurement,,,,,,,5120,,,not_applicable,not_applicable,method,not_applicable,not_applicable,not_applicable,22.820162675761615,0.47587560065044626,0.5605257749557495,0.06512171775102615,,,,,,25.744277773445766,0.7043333030752865,0.2709390092641115,25.744277773445766,9913.507492325269,1239.1884365406586,1,20484,20484,20480,20480,20480,20484,20480,20480,20480,20480,0,20484,20480,,,,,,,,,,,,0,0,0,0,0.0,,,,,,,,,,,,,,,,,,,,,,,1.0152,6.6793,5.6641,"jax_device_memory_stats(peak_bytes_in_use)  [LIFETIME high-water mark: it has no reset API, so it can only over-report this job]",,,,unavailable,2,8,0,2.2088,11.9,42,0,seed=42|model=imf|rep=0,6a0500184c85cbcc,a6d7ea78ad4437af,60a6dc5c91c914cc,source_imagenet_class,8.0,ok,,,2026-09-09T23:49:36.743417
stage2_imf_r3,73cdc3fde6c6,deblurring__dflow__x1,deblurring__dflow__x1,deblur,prob_c2be85f48d232774,039_01_iguana,imf,meanflow,jax,latent,dflow,D-Flow,1.0,1.0,0.0,1.0,0.0,meanflow_descending,pure_prior_noise,observed,1,,,,1.0,1.0,1.0,,,,0.3,adam,,,half_mean_squared_per_measurement,,,,,,,5120,,,not_applicable,not_applicable,method,not_applicable,not_applicable,not_applicable,21.752845913740156,0.7283331096407856,0.2660611867904663,0.06512171775102615,,,,,,25.744277773445766,0.7043333030752865,0.2709390092641115,25.744277773445766,9913.507492325269,1239.1884365406586,1,20484,20484,20480,20480,20480,20484,20480,20480,20480,20480,0,20484,20480,,,,,,,,,,,,0,0,0,0,0.0,,,,,,,,,,,,,,,,,,,,,,,1.0152,6.6793,5.6641,"jax_device_memory_stats(peak_bytes_in_use)  [LIFETIME high-water mark: it has no reset API, so it can only over-report this job]",,,,unavailable,2,8,0,2.2088,11.9,42,0,seed=42|model=imf|rep=0,6a0500184c85cbcc,a6d7ea78ad4437af,60a6dc5c91c914cc,source_imagenet_class,8.0,ok,,,2026-09-09T23:49:36.743417
stage2_imf_r3,73cdc3fde6c6,deblurring__dflow__x1,deblurring__dflow__x1,deblur,prob_c2be85f48d232774,081_02_ptarmigan,imf,meanflow,jax,latent,dflow,D-Flow,1.0,1.0,0.0,1.0,0.0,meanflow_descending,pure_prior_noise,observed,1,,,,1.0,1.0,1.0,,,,0.3,adam,,,half_mean_squared_per_measurement,,,,,,,5120,,,not_applicable,not_applicable,method,not_applicable,not_applicable,not_applicable,27.04931592962694,0.785119294206719,0.2990017831325531,0.06512171775102615,,,,,,25.744277773445766,0.7043333030752865,0.2709390092641115,25.744277773445766,9913.507492325269,1239.1884365406586,1,20484,20484,20480,20480,20480,20484,20480,20480,20480,20480,0,20484,20480,,,,,,,,,,,,0,0,0,0,0.0,,,,,,,,,,,,,,,,,,,,,,,1.0152,6.6793,5.6641,"jax_device_memory_stats(peak_bytes_in_use)  [LIFETIME high-water mark: it has no reset API, so it can only over-report this job]",,,,unavailable,2,8,0,2.2088,11.9,42,0,seed=42|model=imf|rep=0,6a0500184c85cbcc,a6d7ea78ad4437af,60a6dc5c91c914cc,source_imagenet_class,8.0,ok,,,2026-09-09T23:49:36.743417
stage2_imf_r3,73cdc3fde6c6,deblurring__dflow__x1,deblurring__dflow__x1,deblur,prob_c2be85f48d232774,088_03_macaw,imf,meanflow,jax,latent,dflow,D-Flow,1.0,1.0,0.0,1.0,0.0,meanflow_descending,pure_prior_noise,observed,1,,,,1.0,1.0,1.0,,,,0.3,adam,,,half_mean_squared_per_measurement,,,,,,,5120,,,not_applicable,not_applicable,method,not_applicable,not_applicable,not_applicable,27.97665872062748,0.7457646337051956,0.13143354654312134,0.06512171775102615,,,,,,25.744277773445766,0.7043333030752865,0.2709390092641115,25.744277773445766,9913.507492325269,1239.1884365406586,1,20484,20484,20480,20480,20480,20484,20480,20480,20480,20480,0,20484,20480,,,,,,,,,,,,0,0,0,0,0.0,,,,,,,,,,,,,,,,,,,,,,,1.0152,6.6793,5.6641,"jax_device_memory_stats(peak_bytes_in_use)  [LIFETIME high-water mark: it has no reset API, so it can only over-report this job]",,,,unavailable,2,8,0,2.2088,11.9,42,0,seed=42|model=imf|rep=0,6a0500184c85cbcc,a6d7ea78ad4437af,60a6dc5c91c914cc,source_imagenet_class,8.0,ok,,,2026-09-09T23:49:36.743417
stage2_imf_r3,73cdc3fde6c6,deblurring__dflow__x1,deblurring__dflow__x1,deblur,prob_c2be85f48d232774,207_04_golden_retriever,imf,meanflow,jax,latent,dflow,D-Flow,1.0,1.0,0.0,1.0,0.0,meanflow_descending,pure_prior_noise,observed,1,,,,1.0,1.0,1.0,,,,0.3,adam,,,half_mean_squared_per_measurement,,,,,,,5120,,,not_applicable,not_applicable,method,not_applicable,not_applicable,not_applicable,31.3741599555172,0.7877827470705134,0.259063184261322,0.06512171775102615,,,,,,25.744277773445766,0.7043333030752865,0.2709390092641115,25.744277773445766,9913.507492325269,1239.1884365406586,1,20484,20484,20480,20480,20480,20484,20480,20480,20480,20480,0,20484,20480,,,,,,,,,,,,0,0,0,0,0.0,,,,,,,,,,,,,,,,,,,,,,,1.0152,6.6793,5.6641,"jax_device_memory_stats(peak_bytes_in_use)  [LIFETIME high-water mark: it has no reset API, so it can only over-report this job]",,,,unavailable,2,8,0,2.2088,11.9,42,0,seed=42|model=imf|rep=0,6a0500184c85cbcc,a6d7ea78ad4437af,60a6dc5c91c914cc,source_imagenet_class,8.0,ok,,,2026-09-09T23:49:36.743417
stage2_imf_r3,73cdc3fde6c6,deblurring__dflow__x1,deblurring__dflow__x1,deblur,prob_c2be85f48d232774,281_05_tabby_cat,imf,meanflow,jax,latent,dflow,D-Flow,1.0,1.0,0.0,1.0,0.0,meanflow_descending,pure_prior_noise,observed,1,,,,1.0,1.0,1.0,,,,0.3,adam,,,half_mean_squared_per_measurement,,,,,,,5120,,,not_applicable,not_applicable,method,not_applicable,not_applicable,not_applicable,25.6017814836228,0.7646358096102249,0.1239708811044693,0.06512171775102615,,,,,,25.744277773445766,0.7043333030752865,0.2709390092641115,25.744277773445766,9913.507492325269,1239.1884365406586,1,20484,20484,20480,20480,20480,20484,20480,20480,20480,20480,0,20484,20480,,,,,,,,,,,,0,0,0,0,0.0,,,,,,,,,,,,,,,,,,,,,,,1.0152,6.6793,5.6641,"jax_device_memory_stats(peak_bytes_in_use)  [LIFETIME high-water mark: it has no reset API, so it can only over-report this job]",,,,unavailable,2,8,0,2.2088,11.9,42,0,seed=42|model=imf|rep=0,6a0500184c85cbcc,a6d7ea78ad4437af,60a6dc5c91c914cc,source_imagenet_class,8.0,ok,,,2026-09-09T23:49:36.743417
stage2_imf_r3,73cdc3fde6c6,deblurring__dflow__x1,deblurring__dflow__x1,deblur,prob_c2be85f48d232774,291_06_lion,imf,meanflow,jax,latent,dflow,D-Flow,1.0,1.0,0.0,1.0,0.0,meanflow_descending,pure_prior_noise,observed,1,,,,1.0,1.0,1.0,,,,0.3,adam,,,half_mean_squared_per_measurement,,,,,,,5120,,,not_applicable,not_applicable,method,not_applicable,not_applicable,not_applicable,29.42815133035308,0.7830068375325004,0.2468334287405014,0.06512171775102615,,,,,,25.744277773445766,0.7043333030752865,0.2709390092641115,25.744277773445766,9913.507492325269,1239.1884365406586,1,20484,20484,20480,20480,20480,20484,20480,20480,20480,20480,0,20484,20480,,,,,,,,,,,,0,0,0,0,0.0,,,,,,,,,,,,,,,,,,,,,,,1.0152,6.6793,5.6641,"jax_device_memory_stats(peak_bytes_in_use)  [LIFETIME high-water mark: it has no reset API, so it can only over-report this job]",,,,unavailable,2,8,0,2.2088,11.9,42,0,seed=42|model=imf|rep=0,6a0500184c85cbcc,a6d7ea78ad4437af,60a6dc5c91c914cc,source_imagenet_class,8.0,ok,,,2026-09-09T23:49:36.743417
stage2_imf_r3,73cdc3fde6c6,deblurring__dflow__x1,deblurring__dflow__x1,deblur,prob_c2be85f48d232774,323_07_monarch_butterfly,imf,meanflow,jax,latent,dflow,D-Flow,1.0,1.0,0.0,1.0,0.0,meanflow_descending,pure_prior_noise,observed,1,,,,1.0,1.0,1.0,,,,0.3,adam,,,half_mean_squared_per_measurement,,,,,,,5120,,,not_applicable,not_applicable,method,not_applicable,not_applicable,not_applicable,23.38674637872749,0.6986081404468734,0.333569198846817,0.06512171775102615,,,,,,25.744277773445766,0.7043333030752865,0.2709390092641115,25.744277773445766,9913.507492325269,1239.1884365406586,1,20484,20484,20480,20480,20480,20484,20480,20480,20480,20480,0,20484,20480,,,,,,,,,,,,0,0,0,0,0.0,,,,,,,,,,,,,,,,,,,,,,,1.0152,6.6793,5.6641,"jax_device_memory_stats(peak_bytes_in_use)  [LIFETIME high-water mark: it has no reset API, so it can only over-report this job]",,,,unavailable,2,8,0,2.2088,11.9,42,0,seed=42|model=imf|rep=0,6a0500184c85cbcc,a6d7ea78ad4437af,60a6dc5c91c914cc,source_imagenet_class,8.0,ok,,,2026-09-09T23:49:36.743417
stage2_imf_r3,a3f14ae6a75a,deblurring__mpc_delta_t__x1,deblurring__mpc_delta_t__x1,deblur,prob_c2be85f48d232774,000_00_tench,imf,meanflow,jax,latent,mpc_delta_t,MPC-delta_t,1.0,1.0,0.0,1.0,0.0,meanflow_descending,pure_prior_noise,observed,,,8,0.125,0.125,0.125,0.125,,1000.0,320,0.3,adam,False,,half_sum_squared,sum_squared,none,,,,,,,,method,method,method,not_applicable,not_applicable,not_applicable,23.64710900704221,0.5623693023610229,0.5978087186813354,0.06236933544278145,,,,,,25.744277773445766,0.7043333030752865,0.2709390092641115,25.744277773445766,6103.590276896022,762.9487846120028,8,8992,8992,8960,10240,8960,8992,8960,0,0,0,0,10240,0,,,,,,,,,,,,0,0,0,0,0.0,,,,,,,,,,,,,,,,,,,,,,,1.0162,6.6169,5.6006,"jax_device_memory_stats(peak_bytes_in_use)  [LIFETIME high-water mark: it has no reset API, so it can only over-report this job]",,,,unavailable,2,8,0,12.1823,9.55,42,0,seed=42|model=imf|rep=0,6a0500184c85cbcc,a6d7ea78ad4437af,60a6dc5c91c914cc,source_imagenet_class,8.0,ok,,,2026-09-09T20:08:22.101383
stage2_imf_r3,a3f14ae6a75a,deblurring__mpc_delta_t__x1,deblurring__mpc_delta_t__x1,deblur,prob_c2be85f48d232774,039_01_iguana,imf,meanflow,jax,latent,mpc_delta_t,MPC-delta_t,1.0,1.0,0.0,1.0,0.0,meanflow_descending,pure_prior_noise,observed,,,8,0.125,0.125,0.125,0.125,,1000.0,320,0.3,adam,False,,half_sum_squared,sum_squared,none,,,,,,,,method,method,method,not_applicable,not_applicable,not_applicable,21.25071209275309,0.727450762332451,0.21337160468101501,0.06236933544278145,,,,,,25.744277773445766,0.7043333030752865,0.2709390092641115,25.744277773445766,6103.590276896022,762.9487846120028,8,8992,8992,8960,10240,8960,8992,8960,0,0,0,0,10240,0,,,,,,,,,,,,0,0,0,0,0.0,,,,,,,,,,,,,,,,,,,,,,,1.0162,6.6169,5.6006,"jax_device_memory_stats(peak_bytes_in_use)  [LIFETIME high-water mark: it has no reset API, so it can only over-report this job]",,,,unavailable,2,8,0,12.1823,9.55,42,0,seed=42|model=imf|rep=0,6a0500184c85cbcc,a6d7ea78ad4437af,60a6dc5c91c914cc,source_imagenet_class,8.0,ok,,,2026-09-09T20:08:22.101383
stage2_imf_r3,a3f14ae6a75a,deblurring__mpc_delta_t__x1,deblurring__mpc_delta_t__x1,deblur,prob_c2be85f48d232774,081_02_ptarmigan,imf,meanflow,jax,latent,mpc_delta_t,MPC-delta_t,1.0,1.0,0.0,1.0,0.0,meanflow_descending,pure_prior_noise,observed,,,8,0.125,0.125,0.125,0.125,,1000.0,320,0.3,adam,False,,half_sum_squared,sum_squared,none,,,,,,,,method,method,method,not_applicable,not_applicable,not_applicable,26.26217286312658,0.7640715343177632,0.21204885840415955,0.06236933544278145,,,,,,25.744277773445766,0.7043333030752865,0.2709390092641115,25.744277773445766,6103.590276896022,762.9487846120028,8,8992,8992,8960,10240,8960,8992,8960,0,0,0,0,10240,0,,,,,,,,,,,,0,0,0,0,0.0,,,,,,,,,,,,,,,,,,,,,,,1.0162,6.6169,5.6006,"jax_device_memory_stats(peak_bytes_in_use)  [LIFETIME high-water mark: it has no reset API, so it can only over-report this job]",,,,unavailable,2,8,0,12.1823,9.55,42,0,seed=42|model=imf|rep=0,6a0500184c85cbcc,a6d7ea78ad4437af,60a6dc5c91c914cc,source_imagenet_class,8.0,ok,,,2026-09-09T20:08:22.101383
stage2_imf_r3,a3f14ae6a75a,deblurring__mpc_delta_t__x1,deblurring__mpc_delta_t__x1,deblur,prob_c2be85f48d232774,088_03_macaw,imf,meanflow,jax,latent,mpc_delta_t,MPC-delta_t,1.0,1.0,0.0,1.0,0.0,meanflow_descending,pure_prior_noise,observed,,,8,0.125,0.125,0.125,0.125,,1000.0,320,0.3,adam,False,,half_sum_squared,sum_squared,none,,,,,,,,method,method,method,not_applicable,not_applicable,not_applicable,28.268370133840754,0.7713242541889415,0.10571837425231934,0.06236933544278145,,,,,,25.744277773445766,0.7043333030752865,0.2709390092641115,25.744277773445766,6103.590276896022,762.9487846120028,8,8992,8992,8960,10240,8960,8992,8960,0,0,0,0,10240,0,,,,,,,,,,,,0,0,0,0,0.0,,,,,,,,,,,,,,,,,,,,,,,1.0162,6.6169,5.6006,"jax_device_memory_stats(peak_bytes_in_use)  [LIFETIME high-water mark: it has no reset API, so it can only over-report this job]",,,,unavailable,2,8,0,12.1823,9.55,42,0,seed=42|model=imf|rep=0,6a0500184c85cbcc,a6d7ea78ad4437af,60a6dc5c91c914cc,source_imagenet_class,8.0,ok,,,2026-09-09T20:08:22.101383
stage2_imf_r3,a3f14ae6a75a,deblurring__mpc_delta_t__x1,deblurring__mpc_delta_t__x1,deblur,prob_c2be85f48d232774,207_04_golden_retriever,imf,meanflow,jax,latent,mpc_delta_t,MPC-delta_t,1.0,1.0,0.0,1.0,0.0,meanflow_descending,pure_prior_noise,observed,,,8,0.125,0.125,0.125,0.125,,1000.0,320,0.3,adam,False,,half_sum_squared,sum_squared,none,,,,,,,,method,method,method,not_applicable,not_applicable,not_applicable,31.168628600192847,0.7942983892093407,0.15698975324630737,0.06236933544278145,,,,,,25.744277773445766,0.7043333030752865,0.2709390092641115,25.744277773445766,6103.590276896022,762.9487846120028,8,8992,8992,8960,10240,8960,8992,8960,0,0,0,0,10240,0,,,,,,,,,,,,0,0,0,0,0.0,,,,,,,,,,,,,,,,,,,,,,,1.0162,6.6169,5.6006,"jax_device_memory_stats(peak_bytes_in_use)  [LIFETIME high-water mark: it has no reset API, so it can only over-report this job]",,,,unavailable,2,8,0,12.1823,9.55,42,0,seed=42|model=imf|rep=0,6a0500184c85cbcc,a6d7ea78ad4437af,60a6dc5c91c914cc,source_imagenet_class,8.0,ok,,,2026-09-09T20:08:22.101383
stage2_imf_r3,a3f14ae6a75a,deblurring__mpc_delta_t__x1,deblurring__mpc_delta_t__x1,deblur,prob_c2be85f48d232774,281_05_tabby_cat,imf,meanflow,jax,latent,mpc_delta_t,MPC-delta_t,1.0,1.0,0.0,1.0,0.0,meanflow_descending,pure_prior_noise,observed,,,8,0.125,0.125,0.125,0.125,,1000.0,320,0.3,adam,False,,half_sum_squared,sum_squared,none,,,,,,,,method,method,method,not_applicable,not_applicable,not_applicable,25.760040753035053,0.7548485671130738,0.1438504010438919,0.06236933544278145,,,,,,25.744277773445766,0.7043333030752865,0.2709390092641115,25.744277773445766,6103.590276896022,762.9487846120028,8,8992,8992,8960,10240,8960,8992,8960,0,0,0,0,10240,0,,,,,,,,,,,,0,0,0,0,0.0,,,,,,,,,,,,,,,,,,,,,,,1.0162,6.6169,5.6006,"jax_device_memory_stats(peak_bytes_in_use)  [LIFETIME high-water mark: it has no reset API, so it can only over-report this job]",,,,unavailable,2,8,0,12.1823,9.55,42,0,seed=42|model=imf|rep=0,6a0500184c85cbcc,a6d7ea78ad4437af,60a6dc5c91c914cc,source_imagenet_class,8.0,ok,,,2026-09-09T20:08:22.101383
stage2_imf_r3,a3f14ae6a75a,deblurring__mpc_delta_t__x1,deblurring__mpc_delta_t__x1,deblur,prob_c2be85f48d232774,291_06_lion,imf,meanflow,jax,latent,mpc_delta_t,MPC-delta_t,1.0,1.0,0.0,1.0,0.0,meanflow_descending,pure_prior_noise,observed,,,8,0.125,0.125,0.125,0.125,,1000.0,320,0.3,adam,False,,half_sum_squared,sum_squared,none,,,,,,,,method,method,method,not_applicable,not_applicable,not_applicable,28.465964682236915,0.7580397631725228,0.19905821979045868,0.06236933544278145,,,,,,25.744277773445766,0.7043333030752865,0.2709390092641115,25.744277773445766,6103.590276896022,762.9487846120028,8,8992,8992,8960,10240,8960,8992,8960,0,0,0,0,10240,0,,,,,,,,,,,,0,0,0,0,0.0,,,,,,,,,,,,,,,,,,,,,,,1.0162,6.6169,5.6006,"jax_device_memory_stats(peak_bytes_in_use)  [LIFETIME high-water mark: it has no reset API, so it can only over-report this job]",,,,unavailable,2,8,0,12.1823,9.55,42,0,seed=42|model=imf|rep=0,6a0500184c85cbcc,a6d7ea78ad4437af,60a6dc5c91c914cc,source_imagenet_class,8.0,ok,,,2026-09-09T20:08:22.101383
stage2_imf_r3,a3f14ae6a75a,deblurring__mpc_delta_t__x1,deblurring__mpc_delta_t__x1,deblur,prob_c2be85f48d232774,323_07_monarch_butterfly,imf,meanflow,jax,latent,mpc_delta_t,MPC-delta_t,1.0,1.0,0.0,1.0,0.0,meanflow_descending,pure_prior_noise,observed,,,8,0.125,0.125,0.125,0.125,,1000.0,320,0.3,adam,False,,half_sum_squared,sum_squared,none,,,,,,,,method,method,method,not_applicable,not_applicable,not_applicable,23.47926143491296,0.727029179507412,0.23880340158939362,0.06236933544278145,,,,,,25.744277773445766,0.7043333030752865,0.2709390092641115,25.744277773445766,6103.590276896022,762.9487846120028,8,8992,8992,8960,10240,8960,8992,8960,0,0,0,0,10240,0,,,,,,,,,,,,0,0,0,0,0.0,,,,,,,,,,,,,,,,,,,,,,,1.0162,6.6169,5.6006,"jax_device_memory_stats(peak_bytes_in_use)  [LIFETIME high-water mark: it has no reset API, so it can only over-report this job]",,,,unavailable,2,8,0,12.1823,9.55,42,0,seed=42|model=imf|rep=0,6a0500184c85cbcc,a6d7ea78ad4437af,60a6dc5c91c914cc,source_imagenet_class,8.0,ok,,,2026-09-09T20:08:22.101383
stage2_imf_r3,b908e637529a,super_resolution__pnp__x1,super_resolution__pnp__x1,super_resolution,prob_0f6cb8346c07d449,000_00_tench,imf,meanflow,jax,latent,pnp,PnP-Flow,1.0,1.0,0.0,1.0,0.0,meanflow_descending,pure_prior_noise,upsample_bicubic,,,,,0.0005279831045406547,0.000527983104540608,0.0005279831045407191,,,,,,,,half_mean_squared_per_measurement,,,1893,100000.0,1.0,1,,,,not_applicable,not_applicable,not_applicable,method,method,not_applicable,22.565089925037164,0.49003473390954233,0.4818221926689148,0.10279607027769089,,,,,,22.72518401401371,0.6367004835325139,0.2324478104710579,24.165853270405385,2091.9728971878067,261.49661214847583,1893,7576,7576,0,0,0,7576,0,7572,7572,0,7576,7572,7572,,,,,,,,,,,,0,0,0,0,0.0,,,,,,,,,,,,,,,,,,,,,,,1.0152,6.6302,5.615,"jax_device_memory_stats(peak_bytes_in_use)  [LIFETIME high-water mark: it has no reset API, so it can only over-report this job]",,,,unavailable,2,8,0,680.1335,11.38,42,0,seed=42|model=imf|rep=0,5ea4a50404d5d00f,f1de5afd71310f5c,60a6dc5c91c914cc,source_imagenet_class,8.0,ok,,,2026-09-09T21:53:55.768616
stage2_imf_r3,b908e637529a,super_resolution__pnp__x1,super_resolution__pnp__x1,super_resolution,prob_0f6cb8346c07d449,039_01_iguana,imf,meanflow,jax,latent,pnp,PnP-Flow,1.0,1.0,0.0,1.0,0.0,meanflow_descending,pure_prior_noise,upsample_bicubic,,,,,0.0005279831045406547,0.000527983104540608,0.0005279831045407191,,,,,,,,half_mean_squared_per_measurement,,,1893,100000.0,1.0,1,,,,not_applicable,not_applicable,not_applicable,method,method,not_applicable,20.903539472452145,0.6870128957682525,0.2336922585964203,0.10279607027769089,,,,,,22.72518401401371,0.6367004835325139,0.2324478104710579,24.165853270405385,2091.9728971878067,261.49661214847583,1893,7576,7576,0,0,0,7576,0,7572,7572,0,7576,7572,7572,,,,,,,,,,,,0,0,0,0,0.0,,,,,,,,,,,,,,,,,,,,,,,1.0152,6.6302,5.615,"jax_device_memory_stats(peak_bytes_in_use)  [LIFETIME high-water mark: it has no reset API, so it can only over-report this job]",,,,unavailable,2,8,0,680.1335,11.38,42,0,seed=42|model=imf|rep=0,5ea4a50404d5d00f,f1de5afd71310f5c,60a6dc5c91c914cc,source_imagenet_class,8.0,ok,,,2026-09-09T21:53:55.768616
stage2_imf_r3,b908e637529a,super_resolution__pnp__x1,super_resolution__pnp__x1,super_resolution,prob_0f6cb8346c07d449,081_02_ptarmigan,imf,meanflow,jax,latent,pnp,PnP-Flow,1.0,1.0,0.0,1.0,0.0,meanflow_descending,pure_prior_noise,upsample_bicubic,,,,,0.0005279831045406547,0.000527983104540608,0.0005279831045407191,,,,,,,,half_mean_squared_per_measurement,,,1893,100000.0,1.0,1,,,,not_applicable,not_applicable,not_applicable,method,method,not_applicable,26.156324309697013,0.7505695543264367,0.1828809678554535,0.10279607027769089,,,,,,22.72518401401371,0.6367004835325139,0.2324478104710579,24.165853270405385,2091.9728971878067,261.49661214847583,1893,7576,7576,0,0,0,7576,0,7572,7572,0,7576,7572,7572,,,,,,,,,,,,0,0,0,0,0.0,,,,,,,,,,,,,,,,,,,,,,,1.0152,6.6302,5.615,"jax_device_memory_stats(peak_bytes_in_use)  [LIFETIME high-water mark: it has no reset API, so it can only over-report this job]",,,,unavailable,2,8,0,680.1335,11.38,42,0,seed=42|model=imf|rep=0,5ea4a50404d5d00f,f1de5afd71310f5c,60a6dc5c91c914cc,source_imagenet_class,8.0,ok,,,2026-09-09T21:53:55.768616
stage2_imf_r3,b908e637529a,super_resolution__pnp__x1,super_resolution__pnp__x1,super_resolution,prob_0f6cb8346c07d449,088_03_macaw,imf,meanflow,jax,latent,pnp,PnP-Flow,1.0,1.0,0.0,1.0,0.0,meanflow_descending,pure_prior_noise,upsample_bicubic,,,,,0.0005279831045406547,0.000527983104540608,0.0005279831045407191,,,,,,,,half_mean_squared_per_measurement,,,1893,100000.0,1.0,1,,,,not_applicable,not_applicable,not_applicable,method,method,not_applicable,27.52142135328572,0.722438023318713,0.1434093713760376,0.10279607027769089,,,,,,22.72518401401371,0.6367004835325139,0.2324478104710579,24.165853270405385,2091.9728971878067,261.49661214847583,1893,7576,7576,0,0,0,7576,0,7572,7572,0,7576,7572,7572,,,,,,,,,,,,0,0,0,0,0.0,,,,,,,,,,,,,,,,,,,,,,,1.0152,6.6302,5.615,"jax_device_memory_stats(peak_bytes_in_use)  [LIFETIME high-water mark: it has no reset API, so it can only over-report this job]",,,,unavailable,2,8,0,680.1335,11.38,42,0,seed=42|model=imf|rep=0,5ea4a50404d5d00f,f1de5afd71310f5c,60a6dc5c91c914cc,source_imagenet_class,8.0,ok,,,2026-09-09T21:53:55.768616
stage2_imf_r3,b908e637529a,super_resolution__pnp__x1,super_resolution__pnp__x1,super_resolution,prob_0f6cb8346c07d449,207_04_golden_retriever,imf,meanflow,jax,latent,pnp,PnP-Flow,1.0,1.0,0.0,1.0,0.0,meanflow_descending,pure_prior_noise,upsample_bicubic,,,,,0.0005279831045406547,0.000527983104540608,0.0005279831045407191,,,,,,,,half_mean_squared_per_measurement,,,1893,100000.0,1.0,1,,,,not_applicable,not_applicable,not_applicable,method,method,not_applicable,30.210221809660705,0.7164886898215581,0.2498474419116974,0.10279607027769089,,,,,,22.72518401401371,0.6367004835325139,0.2324478104710579,24.165853270405385,2091.9728971878067,261.49661214847583,1893,7576,7576,0,0,0,7576,0,7572,7572,0,7576,7572,7572,,,,,,,,,,,,0,0,0,0,0.0,,,,,,,,,,,,,,,,,,,,,,,1.0152,6.6302,5.615,"jax_device_memory_stats(peak_bytes_in_use)  [LIFETIME high-water mark: it has no reset API, so it can only over-report this job]",,,,unavailable,2,8,0,680.1335,11.38,42,0,seed=42|model=imf|rep=0,5ea4a50404d5d00f,f1de5afd71310f5c,60a6dc5c91c914cc,source_imagenet_class,8.0,ok,,,2026-09-09T21:53:55.768616
stage2_imf_r3,b908e637529a,super_resolution__pnp__x1,super_resolution__pnp__x1,super_resolution,prob_0f6cb8346c07d449,281_05_tabby_cat,imf,meanflow,jax,latent,pnp,PnP-Flow,1.0,1.0,0.0,1.0,0.0,meanflow_descending,pure_prior_noise,upsample_bicubic,,,,,0.0005279831045406547,0.000527983104540608,0.0005279831045407191,,,,,,,,half_mean_squared_per_measurement,,,1893,100000.0,1.0,1,,,,not_applicable,not_applicable,not_applicable,method,method,not_applicable,25.54778622895698,0.7590851039373508,0.12610942125320435,0.10279607027769089,,,,,,22.72518401401371,0.6367004835325139,0.2324478104710579,24.165853270405385,2091.9728971878067,261.49661214847583,1893,7576,7576,0,0,0,7576,0,7572,7572,0,7576,7572,7572,,,,,,,,,,,,0,0,0,0,0.0,,,,,,,,,,,,,,,,,,,,,,,1.0152,6.6302,5.615,"jax_device_memory_stats(peak_bytes_in_use)  [LIFETIME high-water mark: it has no reset API, so it can only over-report this job]",,,,unavailable,2,8,0,680.1335,11.38,42,0,seed=42|model=imf|rep=0,5ea4a50404d5d00f,f1de5afd71310f5c,60a6dc5c91c914cc,source_imagenet_class,8.0,ok,,,2026-09-09T21:53:55.768616
stage2_imf_r3,b908e637529a,super_resolution__pnp__x1,super_resolution__pnp__x1,super_resolution,prob_0f6cb8346c07d449,291_06_lion,imf,meanflow,jax,latent,pnp,PnP-Flow,1.0,1.0,0.0,1.0,0.0,meanflow_descending,pure_prior_noise,upsample_bicubic,,,,,0.0005279831045406547,0.000527983104540608,0.0005279831045407191,,,,,,,,half_mean_squared_per_measurement,,,1893,100000.0,1.0,1,,,,not_applicable,not_applicable,not_applicable,method,method,not_applicable,28.856724157444397,0.7397600286934328,0.22964219748973846,0.10279607027769089,,,,,,22.72518401401371,0.6367004835325139,0.2324478104710579,24.165853270405385,2091.9728971878067,261.49661214847583,1893,7576,7576,0,0,0,7576,0,7572,7572,0,7576,7572,7572,,,,,,,,,,,,0,0,0,0,0.0,,,,,,,,,,,,,,,,,,,,,,,1.0152,6.6302,5.615,"jax_device_memory_stats(peak_bytes_in_use)  [LIFETIME high-water mark: it has no reset API, so it can only over-report this job]",,,,unavailable,2,8,0,680.1335,11.38,42,0,seed=42|model=imf|rep=0,5ea4a50404d5d00f,f1de5afd71310f5c,60a6dc5c91c914cc,source_imagenet_class,8.0,ok,,,2026-09-09T21:53:55.768616
stage2_imf_r3,b908e637529a,super_resolution__pnp__x1,super_resolution__pnp__x1,super_resolution,prob_0f6cb8346c07d449,323_07_monarch_butterfly,imf,meanflow,jax,latent,pnp,PnP-Flow,1.0,1.0,0.0,1.0,0.0,meanflow_descending,pure_prior_noise,upsample_bicubic,,,,,0.0005279831045406547,0.000527983104540608,0.0005279831045407191,,,,,,,,half_mean_squared_per_measurement,,,1893,100000.0,1.0,1,,,,not_applicable,not_applicable,not_applicable,method,method,not_applicable,23.227966318089287,0.6951052103921885,0.20032668113708496,0.10279607027769089,,,,,,22.72518401401371,0.6367004835325139,0.2324478104710579,24.165853270405385,2091.9728971878067,261.49661214847583,1893,7576,7576,0,0,0,7576,0,7572,7572,0,7576,7572,7572,,,,,,,,,,,,0,0,0,0,0.0,,,,,,,,,,,,,,,,,,,,,,,1.0152,6.6302,5.615,"jax_device_memory_stats(peak_bytes_in_use)  [LIFETIME high-water mark: it has no reset API, so it can only over-report this job]",,,,unavailable,2,8,0,680.1335,11.38,42,0,seed=42|model=imf|rep=0,5ea4a50404d5d00f,f1de5afd71310f5c,60a6dc5c91c914cc,source_imagenet_class,8.0,ok,,,2026-09-09T21:53:55.768616
stage2_imf_r3,5ac9e2e5435d,super_resolution__dflow__x1,super_resolution__dflow__x1,super_resolution,prob_0f6cb8346c07d449,000_00_tench,imf,meanflow,jax,latent,dflow,D-Flow,1.0,1.0,0.0,1.0,0.0,meanflow_descending,pure_prior_noise,upsample_bicubic,1,,,,1.0,1.0,1.0,,,,0.3,adam,,,half_mean_squared_per_measurement,,,,,,,5120,,,not_applicable,not_applicable,method,not_applicable,not_applicable,not_applicable,21.253518835525085,0.3875792778990972,0.4892791509628296,0.1028350219130516,,,,,,22.72518401401371,0.6367004835325139,0.2324478104710579,24.165853270405385,9657.156507291831,1207.1445634114789,1,20484,20484,20480,20480,20480,20484,20480,20480,20480,20480,0,20484,20480,,,,,,,,,,,,0,0,0,0,0.0,,,,,,,,,,,,,,,,,,,,,,,1.0152,6.6302,5.615,"jax_device_memory_stats(peak_bytes_in_use)  [LIFETIME high-water mark: it has no reset API, so it can only over-report this job]",,,,unavailable,2,8,0,0.7782,11.38,42,0,seed=42|model=imf|rep=0,5ea4a50404d5d00f,f1de5afd71310f5c,60a6dc5c91c914cc,source_imagenet_class,8.0,ok,,,2026-09-09T21:07:42.064342
stage2_imf_r3,5ac9e2e5435d,super_resolution__dflow__x1,super_resolution__dflow__x1,super_resolution,prob_0f6cb8346c07d449,039_01_iguana,imf,meanflow,jax,latent,dflow,D-Flow,1.0,1.0,0.0,1.0,0.0,meanflow_descending,pure_prior_noise,upsample_bicubic,1,,,,1.0,1.0,1.0,,,,0.3,adam,,,half_mean_squared_per_measurement,,,,,,,5120,,,not_applicable,not_applicable,method,not_applicable,not_applicable,not_applicable,19.52406675126805,0.6439835966336885,0.25508639216423035,0.1028350219130516,,,,,,22.72518401401371,0.6367004835325139,0.2324478104710579,24.165853270405385,9657.156507291831,1207.1445634114789,1,20484,20484,20480,20480,20480,20484,20480,20480,20480,20480,0,20484,20480,,,,,,,,,,,,0,0,0,0,0.0,,,,,,,,,,,,,,,,,,,,,,,1.0152,6.6302,5.615,"jax_device_memory_stats(peak_bytes_in_use)  [LIFETIME high-water mark: it has no reset API, so it can only over-report this job]",,,,unavailable,2,8,0,0.7782,11.38,42,0,seed=42|model=imf|rep=0,5ea4a50404d5d00f,f1de5afd71310f5c,60a6dc5c91c914cc,source_imagenet_class,8.0,ok,,,2026-09-09T21:07:42.064342
stage2_imf_r3,5ac9e2e5435d,super_resolution__dflow__x1,super_resolution__dflow__x1,super_resolution,prob_0f6cb8346c07d449,081_02_ptarmigan,imf,meanflow,jax,latent,dflow,D-Flow,1.0,1.0,0.0,1.0,0.0,meanflow_descending,pure_prior_noise,upsample_bicubic,1,,,,1.0,1.0,1.0,,,,0.3,adam,,,half_mean_squared_per_measurement,,,,,,,5120,,,not_applicable,not_applicable,method,not_applicable,not_applicable,not_applicable,25.309854138316833,0.7146504614118806,0.19778406620025635,0.1028350219130516,,,,,,22.72518401401371,0.6367004835325139,0.2324478104710579,24.165853270405385,9657.156507291831,1207.1445634114789,1,20484,20484,20480,20480,20480,20484,20480,20480,20480,20480,0,20484,20480,,,,,,,,,,,,0,0,0,0,0.0,,,,,,,,,,,,,,,,,,,,,,,1.0152,6.6302,5.615,"jax_device_memory_stats(peak_bytes_in_use)  [LIFETIME high-water mark: it has no reset API, so it can only over-report this job]",,,,unavailable,2,8,0,0.7782,11.38,42,0,seed=42|model=imf|rep=0,5ea4a50404d5d00f,f1de5afd71310f5c,60a6dc5c91c914cc,source_imagenet_class,8.0,ok,,,2026-09-09T21:07:42.064342
stage2_imf_r3,5ac9e2e5435d,super_resolution__dflow__x1,super_resolution__dflow__x1,super_resolution,prob_0f6cb8346c07d449,088_03_macaw,imf,meanflow,jax,latent,dflow,D-Flow,1.0,1.0,0.0,1.0,0.0,meanflow_descending,pure_prior_noise,upsample_bicubic,1,,,,1.0,1.0,1.0,,,,0.3,adam,,,half_mean_squared_per_measurement,,,,,,,5120,,,not_applicable,not_applicable,method,not_applicable,not_applicable,not_applicable,26.697725356858935,0.7297583968481285,0.1453172117471695,0.1028350219130516,,,,,,22.72518401401371,0.6367004835325139,0.2324478104710579,24.165853270405385,9657.156507291831,1207.1445634114789,1,20484,20484,20480,20480,20480,20484,20480,20480,20480,20480,0,20484,20480,,,,,,,,,,,,0,0,0,0,0.0,,,,,,,,,,,,,,,,,,,,,,,1.0152,6.6302,5.615,"jax_device_memory_stats(peak_bytes_in_use)  [LIFETIME high-water mark: it has no reset API, so it can only over-report this job]",,,,unavailable,2,8,0,0.7782,11.38,42,0,seed=42|model=imf|rep=0,5ea4a50404d5d00f,f1de5afd71310f5c,60a6dc5c91c914cc,source_imagenet_class,8.0,ok,,,2026-09-09T21:07:42.064342
stage2_imf_r3,5ac9e2e5435d,super_resolution__dflow__x1,super_resolution__dflow__x1,super_resolution,prob_0f6cb8346c07d449,207_04_golden_retriever,imf,meanflow,jax,latent,dflow,D-Flow,1.0,1.0,0.0,1.0,0.0,meanflow_descending,pure_prior_noise,upsample_bicubic,1,,,,1.0,1.0,1.0,,,,0.3,adam,,,half_mean_squared_per_measurement,,,,,,,5120,,,not_applicable,not_applicable,method,not_applicable,not_applicable,not_applicable,30.272721734033873,0.7499884787947391,0.19737806916236877,0.1028350219130516,,,,,,22.72518401401371,0.6367004835325139,0.2324478104710579,24.165853270405385,9657.156507291831,1207.1445634114789,1,20484,20484,20480,20480,20480,20484,20480,20480,20480,20480,0,20484,20480,,,,,,,,,,,,0,0,0,0,0.0,,,,,,,,,,,,,,,,,,,,,,,1.0152,6.6302,5.615,"jax_device_memory_stats(peak_bytes_in_use)  [LIFETIME high-water mark: it has no reset API, so it can only over-report this job]",,,,unavailable,2,8,0,0.7782,11.38,42,0,seed=42|model=imf|rep=0,5ea4a50404d5d00f,f1de5afd71310f5c,60a6dc5c91c914cc,source_imagenet_class,8.0,ok,,,2026-09-09T21:07:42.064342
stage2_imf_r3,5ac9e2e5435d,super_resolution__dflow__x1,super_resolution__dflow__x1,super_resolution,prob_0f6cb8346c07d449,281_05_tabby_cat,imf,meanflow,jax,latent,dflow,D-Flow,1.0,1.0,0.0,1.0,0.0,meanflow_descending,pure_prior_noise,upsample_bicubic,1,,,,1.0,1.0,1.0,,,,0.3,adam,,,half_mean_squared_per_measurement,,,,,,,5120,,,not_applicable,not_applicable,method,not_applicable,not_applicable,not_applicable,22.640553425833364,0.6840608557784312,0.18898160755634308,0.1028350219130516,,,,,,22.72518401401371,0.6367004835325139,0.2324478104710579,24.165853270405385,9657.156507291831,1207.1445634114789,1,20484,20484,20480,20480,20480,20484,20480,20480,20480,20480,0,20484,20480,,,,,,,,,,,,0,0,0,0,0.0,,,,,,,,,,,,,,,,,,,,,,,1.0152,6.6302,5.615,"jax_device_memory_stats(peak_bytes_in_use)  [LIFETIME high-water mark: it has no reset API, so it can only over-report this job]",,,,unavailable,2,8,0,0.7782,11.38,42,0,seed=42|model=imf|rep=0,5ea4a50404d5d00f,f1de5afd71310f5c,60a6dc5c91c914cc,source_imagenet_class,8.0,ok,,,2026-09-09T21:07:42.064342
stage2_imf_r3,5ac9e2e5435d,super_resolution__dflow__x1,super_resolution__dflow__x1,super_resolution,prob_0f6cb8346c07d449,291_06_lion,imf,meanflow,jax,latent,dflow,D-Flow,1.0,1.0,0.0,1.0,0.0,meanflow_descending,pure_prior_noise,upsample_bicubic,1,,,,1.0,1.0,1.0,,,,0.3,adam,,,half_mean_squared_per_measurement,,,,,,,5120,,,not_applicable,not_applicable,method,not_applicable,not_applicable,not_applicable,26.020589560314512,0.6287935238597071,0.3741205632686615,0.1028350219130516,,,,,,22.72518401401371,0.6367004835325139,0.2324478104710579,24.165853270405385,9657.156507291831,1207.1445634114789,1,20484,20484,20480,20480,20480,20484,20480,20480,20480,20480,0,20484,20480,,,,,,,,,,,,0,0,0,0,0.0,,,,,,,,,,,,,,,,,,,,,,,1.0152,6.6302,5.615,"jax_device_memory_stats(peak_bytes_in_use)  [LIFETIME high-water mark: it has no reset API, so it can only over-report this job]",,,,unavailable,2,8,0,0.7782,11.38,42,0,seed=42|model=imf|rep=0,5ea4a50404d5d00f,f1de5afd71310f5c,60a6dc5c91c914cc,source_imagenet_class,8.0,ok,,,2026-09-09T21:07:42.064342
stage2_imf_r3,5ac9e2e5435d,super_resolution__dflow__x1,super_resolution__dflow__x1,super_resolution,prob_0f6cb8346c07d449,323_07_monarch_butterfly,imf,meanflow,jax,latent,dflow,D-Flow,1.0,1.0,0.0,1.0,0.0,meanflow_descending,pure_prior_noise,upsample_bicubic,1,,,,1.0,1.0,1.0,,,,0.3,adam,,,half_mean_squared_per_measurement,,,,,,,5120,,,not_applicable,not_applicable,method,not_applicable,not_applicable,not_applicable,22.53185763235828,0.6717701243435963,0.17974893748760223,0.1028350219130516,,,,,,22.72518401401371,0.6367004835325139,0.2324478104710579,24.165853270405385,9657.156507291831,1207.1445634114789,1,20484,20484,20480,20480,20480,20484,20480,20480,20480,20480,0,20484,20480,,,,,,,,,,,,0,0,0,0,0.0,,,,,,,,,,,,,,,,,,,,,,,1.0152,6.6302,5.615,"jax_device_memory_stats(peak_bytes_in_use)  [LIFETIME high-water mark: it has no reset API, so it can only over-report this job]",,,,unavailable,2,8,0,0.7782,11.38,42,0,seed=42|model=imf|rep=0,5ea4a50404d5d00f,f1de5afd71310f5c,60a6dc5c91c914cc,source_imagenet_class,8.0,ok,,,2026-09-09T21:07:42.064342
stage2_imf_r3,2c89844c1f12,random_inpainting__pnp__x1,random_inpainting__pnp__x1,random_inpaint,prob_afb9ac8da51f5e92,000_00_tench,imf,meanflow,jax,latent,pnp,PnP-Flow,1.0,1.0,0.0,1.0,0.0,meanflow_descending,pure_prior_noise,zero_fill,,,,,0.0005279831045406547,0.000527983104540608,0.0005279831045407191,,,,,,,,half_mean_squared_per_measurement,,,1893,100000.0,1.0,1,,,,not_applicable,not_applicable,not_applicable,method,method,not_applicable,22.4655143983951,0.48133378777506436,0.5152522325515747,0.05051885172724724,0.1325711858352725,23.571617092926473,,0.09163160154431514,26.779694367992644,12.719088983386953,0.152621716640785,1.0188368633389473,12.719088983386953,2264.699903083034,283.08748788537923,1893,7576,7576,0,0,0,7576,0,7572,7572,0,7576,7572,7572,,,,,,,,,,,,0,0,0,0,0.0,,,,,,,,,,,,,,,,,,,,,,,1.0152,6.6419,5.6267,"jax_device_memory_stats(peak_bytes_in_use)  [LIFETIME high-water mark: it has no reset API, so it can only over-report this job]",,,,unavailable,2,8,0,553.2607,9.83,42,0,seed=42|model=imf|rep=0,0f6770a3fd505440,161f0ec2d4e64414,60a6dc5c91c914cc,source_imagenet_class,8.0,ok,,,2026-09-09T19:13:41.267514
stage2_imf_r3,2c89844c1f12,random_inpainting__pnp__x1,random_inpainting__pnp__x1,random_inpaint,prob_afb9ac8da51f5e92,039_01_iguana,imf,meanflow,jax,latent,pnp,PnP-Flow,1.0,1.0,0.0,1.0,0.0,meanflow_descending,pure_prior_noise,zero_fill,,,,,0.0005279831045406547,0.000527983104540608,0.0005279831045407191,,,,,,,,half_mean_squared_per_measurement,,,1893,100000.0,1.0,1,,,,not_applicable,not_applicable,not_applicable,method,method,not_applicable,20.5553602701765,0.6689006669270624,0.24431344866752625,0.05051885172724724,0.1325711858352725,23.571617092926473,,0.09163160154431514,26.779694367992644,12.719088983386953,0.152621716640785,1.0188368633389473,12.719088983386953,2264.699903083034,283.08748788537923,1893,7576,7576,0,0,0,7576,0,7572,7572,0,7576,7572,7572,,,,,,,,,,,,0,0,0,0,0.0,,,,,,,,,,,,,,,,,,,,,,,1.0152,6.6419,5.6267,"jax_device_memory_stats(peak_bytes_in_use)  [LIFETIME high-water mark: it has no reset API, so it can only over-report this job]",,,,unavailable,2,8,0,553.2607,9.83,42,0,seed=42|model=imf|rep=0,0f6770a3fd505440,161f0ec2d4e64414,60a6dc5c91c914cc,source_imagenet_class,8.0,ok,,,2026-09-09T19:13:41.267514
stage2_imf_r3,2c89844c1f12,random_inpainting__pnp__x1,random_inpainting__pnp__x1,random_inpaint,prob_afb9ac8da51f5e92,081_02_ptarmigan,imf,meanflow,jax,latent,pnp,PnP-Flow,1.0,1.0,0.0,1.0,0.0,meanflow_descending,pure_prior_noise,zero_fill,,,,,0.0005279831045406547,0.000527983104540608,0.0005279831045407191,,,,,,,,half_mean_squared_per_measurement,,,1893,100000.0,1.0,1,,,,not_applicable,not_applicable,not_applicable,method,method,not_applicable,25.779214379357974,0.7367510816636528,0.20243607461452484,0.05051885172724724,0.1325711858352725,23.571617092926473,,0.09163160154431514,26.779694367992644,12.719088983386953,0.152621716640785,1.0188368633389473,12.719088983386953,2264.699903083034,283.08748788537923,1893,7576,7576,0,0,0,7576,0,7572,7572,0,7576,7572,7572,,,,,,,,,,,,0,0,0,0,0.0,,,,,,,,,,,,,,,,,,,,,,,1.0152,6.6419,5.6267,"jax_device_memory_stats(peak_bytes_in_use)  [LIFETIME high-water mark: it has no reset API, so it can only over-report this job]",,,,unavailable,2,8,0,553.2607,9.83,42,0,seed=42|model=imf|rep=0,0f6770a3fd505440,161f0ec2d4e64414,60a6dc5c91c914cc,source_imagenet_class,8.0,ok,,,2026-09-09T19:13:41.267514
stage2_imf_r3,2c89844c1f12,random_inpainting__pnp__x1,random_inpainting__pnp__x1,random_inpaint,prob_afb9ac8da51f5e92,088_03_macaw,imf,meanflow,jax,latent,pnp,PnP-Flow,1.0,1.0,0.0,1.0,0.0,meanflow_descending,pure_prior_noise,zero_fill,,,,,0.0005279831045406547,0.000527983104540608,0.0005279831045407191,,,,,,,,half_mean_squared_per_measurement,,,1893,100000.0,1.0,1,,,,not_applicable,not_applicable,not_applicable,method,method,not_applicable,27.117010328902097,0.717806260893299,0.14280256628990173,0.05051885172724724,0.1325711858352725,23.571617092926473,,0.09163160154431514,26.779694367992644,12.719088983386953,0.152621716640785,1.0188368633389473,12.719088983386953,2264.699903083034,283.08748788537923,1893,7576,7576,0,0,0,7576,0,7572,7572,0,7576,7572,7572,,,,,,,,,,,,0,0,0,0,0.0,,,,,,,,,,,,,,,,,,,,,,,1.0152,6.6419,5.6267,"jax_device_memory_stats(peak_bytes_in_use)  [LIFETIME high-water mark: it has no reset API, so it can only over-report this job]",,,,unavailable,2,8,0,553.2607,9.83,42,0,seed=42|model=imf|rep=0,0f6770a3fd505440,161f0ec2d4e64414,60a6dc5c91c914cc,source_imagenet_class,8.0,ok,,,2026-09-09T19:13:41.267514
stage2_imf_r3,2c89844c1f12,random_inpainting__pnp__x1,random_inpainting__pnp__x1,random_inpaint,prob_afb9ac8da51f5e92,207_04_golden_retriever,imf,meanflow,jax,latent,pnp,PnP-Flow,1.0,1.0,0.0,1.0,0.0,meanflow_descending,pure_prior_noise,zero_fill,,,,,0.0005279831045406547,0.000527983104540608,0.0005279831045407191,,,,,,,,half_mean_squared_per_measurement,,,1893,100000.0,1.0,1,,,,not_applicable,not_applicable,not_applicable,method,method,not_applicable,30.029725178124398,0.7133799395852961,0.2771429419517517,0.05051885172724724,0.1325711858352725,23.571617092926473,,0.09163160154431514,26.779694367992644,12.719088983386953,0.152621716640785,1.0188368633389473,12.719088983386953,2264.699903083034,283.08748788537923,1893,7576,7576,0,0,0,7576,0,7572,7572,0,7576,7572,7572,,,,,,,,,,,,0,0,0,0,0.0,,,,,,,,,,,,,,,,,,,,,,,1.0152,6.6419,5.6267,"jax_device_memory_stats(peak_bytes_in_use)  [LIFETIME high-water mark: it has no reset API, so it can only over-report this job]",,,,unavailable,2,8,0,553.2607,9.83,42,0,seed=42|model=imf|rep=0,0f6770a3fd505440,161f0ec2d4e64414,60a6dc5c91c914cc,source_imagenet_class,8.0,ok,,,2026-09-09T19:13:41.267514
stage2_imf_r3,2c89844c1f12,random_inpainting__pnp__x1,random_inpainting__pnp__x1,random_inpaint,prob_afb9ac8da51f5e92,281_05_tabby_cat,imf,meanflow,jax,latent,pnp,PnP-Flow,1.0,1.0,0.0,1.0,0.0,meanflow_descending,pure_prior_noise,zero_fill,,,,,0.0005279831045406547,0.000527983104540608,0.0005279831045407191,,,,,,,,half_mean_squared_per_measurement,,,1893,100000.0,1.0,1,,,,not_applicable,not_applicable,not_applicable,method,method,not_applicable,25.6326966191698,0.7626050590503484,0.12450550496578217,0.05051885172724724,0.1325711858352725,23.571617092926473,,0.09163160154431514,26.779694367992644,12.719088983386953,0.152621716640785,1.0188368633389473,12.719088983386953,2264.699903083034,283.08748788537923,1893,7576,7576,0,0,0,7576,0,7572,7572,0,7576,7572,7572,,,,,,,,,,,,0,0,0,0,0.0,,,,,,,,,,,,,,,,,,,,,,,1.0152,6.6419,5.6267,"jax_device_memory_stats(peak_bytes_in_use)  [LIFETIME high-water mark: it has no reset API, so it can only over-report this job]",,,,unavailable,2,8,0,553.2607,9.83,42,0,seed=42|model=imf|rep=0,0f6770a3fd505440,161f0ec2d4e64414,60a6dc5c91c914cc,source_imagenet_class,8.0,ok,,,2026-09-09T19:13:41.267514
stage2_imf_r3,2c89844c1f12,random_inpainting__pnp__x1,random_inpainting__pnp__x1,random_inpaint,prob_afb9ac8da51f5e92,291_06_lion,imf,meanflow,jax,latent,pnp,PnP-Flow,1.0,1.0,0.0,1.0,0.0,meanflow_descending,pure_prior_noise,zero_fill,,,,,0.0005279831045406547,0.000527983104540608,0.0005279831045407191,,,,,,,,half_mean_squared_per_measurement,,,1893,100000.0,1.0,1,,,,not_applicable,not_applicable,not_applicable,method,method,not_applicable,28.647309745305023,0.7382665237008196,0.22397884726524353,0.05051885172724724,0.1325711858352725,23.571617092926473,,0.09163160154431514,26.779694367992644,12.719088983386953,0.152621716640785,1.0188368633389473,12.719088983386953,2264.699903083034,283.08748788537923,1893,7576,7576,0,0,0,7576,0,7572,7572,0,7576,7572,7572,,,,,,,,,,,,0,0,0,0,0.0,,,,,,,,,,,,,,,,,,,,,,,1.0152,6.6419,5.6267,"jax_device_memory_stats(peak_bytes_in_use)  [LIFETIME high-water mark: it has no reset API, so it can only over-report this job]",,,,unavailable,2,8,0,553.2607,9.83,42,0,seed=42|model=imf|rep=0,0f6770a3fd505440,161f0ec2d4e64414,60a6dc5c91c914cc,source_imagenet_class,8.0,ok,,,2026-09-09T19:13:41.267514
stage2_imf_r3,2c89844c1f12,random_inpainting__pnp__x1,random_inpainting__pnp__x1,random_inpaint,prob_afb9ac8da51f5e92,323_07_monarch_butterfly,imf,meanflow,jax,latent,pnp,PnP-Flow,1.0,1.0,0.0,1.0,0.0,meanflow_descending,pure_prior_noise,zero_fill,,,,,0.0005279831045406547,0.000527983104540608,0.0005279831045407191,,,,,,,,half_mean_squared_per_measurement,,,1893,100000.0,1.0,1,,,,not_applicable,not_applicable,not_applicable,method,method,not_applicable,22.608049159147892,0.6765596376078108,0.22607378661632538,0.05051885172724724,0.1325711858352725,23.571617092926473,,0.09163160154431514,26.779694367992644,12.719088983386953,0.152621716640785,1.0188368633389473,12.719088983386953,2264.699903083034,283.08748788537923,1893,7576,7576,0,0,0,7576,0,7572,7572,0,7576,7572,7572,,,,,,,,,,,,0,0,0,0,0.0,,,,,,,,,,,,,,,,,,,,,,,1.0152,6.6419,5.6267,"jax_device_memory_stats(peak_bytes_in_use)  [LIFETIME high-water mark: it has no reset API, so it can only over-report this job]",,,,unavailable,2,8,0,553.2607,9.83,42,0,seed=42|model=imf|rep=0,0f6770a3fd505440,161f0ec2d4e64414,60a6dc5c91c914cc,source_imagenet_class,8.0,ok,,,2026-09-09T19:13:41.267514
stage2_imf_r3,cd4451242e70,random_inpainting__dflow__x1,random_inpainting__dflow__x1,random_inpaint,prob_afb9ac8da51f5e92,000_00_tench,imf,meanflow,jax,latent,dflow,D-Flow,1.0,1.0,0.0,1.0,0.0,meanflow_descending,pure_prior_noise,zero_fill,1,,,,1.0,1.0,1.0,,,,0.3,adam,,,half_mean_squared_per_measurement,,,,,,,5120,,,not_applicable,not_applicable,method,not_applicable,not_applicable,not_applicable,21.693840505012012,0.42818832480828206,0.45183074474334717,0.05006831884384155,0.14921199320947978,22.544525276904984,,0.09084084154106865,26.854976936682885,12.719088983386953,0.152621716640785,1.0188368633389473,12.719088983386953,8994.441373264417,1124.3051716580521,1,20484,20484,20480,20480,20480,20484,20480,20480,20480,20480,0,20484,20480,,,,,,,,,,,,0,0,0,0,0.0,,,,,,,,,,,,,,,,,,,,,,,1.0152,6.5715,5.5563,"jax_device_memory_stats(peak_bytes_in_use)  [LIFETIME high-water mark: it has no reset API, so it can only over-report this job]",,,,unavailable,2,8,0,0.8066,11.83,42,0,seed=42|model=imf|rep=0,0f6770a3fd505440,161f0ec2d4e64414,60a6dc5c91c914cc,source_imagenet_class,8.0,ok,,,2026-09-09T20:56:41.780683
stage2_imf_r3,cd4451242e70,random_inpainting__dflow__x1,random_inpainting__dflow__x1,random_inpaint,prob_afb9ac8da51f5e92,039_01_iguana,imf,meanflow,jax,latent,dflow,D-Flow,1.0,1.0,0.0,1.0,0.0,meanflow_descending,pure_prior_noise,zero_fill,1,,,,1.0,1.0,1.0,,,,0.3,adam,,,half_mean_squared_per_measurement,,,,,,,5120,,,not_applicable,not_applicable,method,not_applicable,not_applicable,not_applicable,19.775064410789913,0.6526004667841302,0.2567455470561981,0.05006831884384155,0.14921199320947978,22.544525276904984,,0.09084084154106865,26.854976936682885,12.719088983386953,0.152621716640785,1.0188368633389473,12.719088983386953,8994.441373264417,1124.3051716580521,1,20484,20484,20480,20480,20480,20484,20480,20480,20480,20480,0,20484,20480,,,,,,,,,,,,0,0,0,0,0.0,,,,,,,,,,,,,,,,,,,,,,,1.0152,6.5715,5.5563,"jax_device_memory_stats(peak_bytes_in_use)  [LIFETIME high-water mark: it has no reset API, so it can only over-report this job]",,,,unavailable,2,8,0,0.8066,11.83,42,0,seed=42|model=imf|rep=0,0f6770a3fd505440,161f0ec2d4e64414,60a6dc5c91c914cc,source_imagenet_class,8.0,ok,,,2026-09-09T20:56:41.780683
stage2_imf_r3,cd4451242e70,random_inpainting__dflow__x1,random_inpainting__dflow__x1,random_inpaint,prob_afb9ac8da51f5e92,081_02_ptarmigan,imf,meanflow,jax,latent,dflow,D-Flow,1.0,1.0,0.0,1.0,0.0,meanflow_descending,pure_prior_noise,zero_fill,1,,,,1.0,1.0,1.0,,,,0.3,adam,,,half_mean_squared_per_measurement,,,,,,,5120,,,not_applicable,not_applicable,method,not_applicable,not_applicable,not_applicable,24.997729567878977,0.7218369167109243,0.21846871078014374,0.05006831884384155,0.14921199320947978,22.544525276904984,,0.09084084154106865,26.854976936682885,12.719088983386953,0.152621716640785,1.0188368633389473,12.719088983386953,8994.441373264417,1124.3051716580521,1,20484,20484,20480,20480,20480,20484,20480,20480,20480,20480,0,20484,20480,,,,,,,,,,,,0,0,0,0,0.0,,,,,,,,,,,,,,,,,,,,,,,1.0152,6.5715,5.5563,"jax_device_memory_stats(peak_bytes_in_use)  [LIFETIME high-water mark: it has no reset API, so it can only over-report this job]",,,,unavailable,2,8,0,0.8066,11.83,42,0,seed=42|model=imf|rep=0,0f6770a3fd505440,161f0ec2d4e64414,60a6dc5c91c914cc,source_imagenet_class,8.0,ok,,,2026-09-09T20:56:41.780683
stage2_imf_r3,cd4451242e70,random_inpainting__dflow__x1,random_inpainting__dflow__x1,random_inpaint,prob_afb9ac8da51f5e92,088_03_macaw,imf,meanflow,jax,latent,dflow,D-Flow,1.0,1.0,0.0,1.0,0.0,meanflow_descending,pure_prior_noise,zero_fill,1,,,,1.0,1.0,1.0,,,,0.3,adam,,,half_mean_squared_per_measurement,,,,,,,5120,,,not_applicable,not_applicable,method,not_applicable,not_applicable,not_applicable,27.10319585562069,0.7374908211098266,0.1495533287525177,0.05006831884384155,0.14921199320947978,22.544525276904984,,0.09084084154106865,26.854976936682885,12.719088983386953,0.152621716640785,1.0188368633389473,12.719088983386953,8994.441373264417,1124.3051716580521,1,20484,20484,20480,20480,20480,20484,20480,20480,20480,20480,0,20484,20480,,,,,,,,,,,,0,0,0,0,0.0,,,,,,,,,,,,,,,,,,,,,,,1.0152,6.5715,5.5563,"jax_device_memory_stats(peak_bytes_in_use)  [LIFETIME high-water mark: it has no reset API, so it can only over-report this job]",,,,unavailable,2,8,0,0.8066,11.83,42,0,seed=42|model=imf|rep=0,0f6770a3fd505440,161f0ec2d4e64414,60a6dc5c91c914cc,source_imagenet_class,8.0,ok,,,2026-09-09T20:56:41.780683
stage2_imf_r3,cd4451242e70,random_inpainting__dflow__x1,random_inpainting__dflow__x1,random_inpaint,prob_afb9ac8da51f5e92,207_04_golden_retriever,imf,meanflow,jax,latent,dflow,D-Flow,1.0,1.0,0.0,1.0,0.0,meanflow_descending,pure_prior_noise,zero_fill,1,,,,1.0,1.0,1.0,,,,0.3,adam,,,half_mean_squared_per_measurement,,,,,,,5120,,,not_applicable,not_applicable,method,not_applicable,not_applicable,not_applicable,30.1448802261843,0.7681764318901859,0.2175443470478058,0.05006831884384155,0.14921199320947978,22.544525276904984,,0.09084084154106865,26.854976936682885,12.719088983386953,0.152621716640785,1.0188368633389473,12.719088983386953,8994.441373264417,1124.3051716580521,1,20484,20484,20480,20480,20480,20484,20480,20480,20480,20480,0,20484,20480,,,,,,,,,,,,0,0,0,0,0.0,,,,,,,,,,,,,,,,,,,,,,,1.0152,6.5715,5.5563,"jax_device_memory_stats(peak_bytes_in_use)  [LIFETIME high-water mark: it has no reset API, so it can only over-report this job]",,,,unavailable,2,8,0,0.8066,11.83,42,0,seed=42|model=imf|rep=0,0f6770a3fd505440,161f0ec2d4e64414,60a6dc5c91c914cc,source_imagenet_class,8.0,ok,,,2026-09-09T20:56:41.780683
stage2_imf_r3,cd4451242e70,random_inpainting__dflow__x1,random_inpainting__dflow__x1,random_inpaint,prob_afb9ac8da51f5e92,281_05_tabby_cat,imf,meanflow,jax,latent,dflow,D-Flow,1.0,1.0,0.0,1.0,0.0,meanflow_descending,pure_prior_noise,zero_fill,1,,,,1.0,1.0,1.0,,,,0.3,adam,,,half_mean_squared_per_measurement,,,,,,,5120,,,not_applicable,not_applicable,method,not_applicable,not_applicable,not_applicable,23.425747477102217,0.7144818478249091,0.1801176220178604,0.05006831884384155,0.14921199320947978,22.544525276904984,,0.09084084154106865,26.854976936682885,12.719088983386953,0.152621716640785,1.0188368633389473,12.719088983386953,8994.441373264417,1124.3051716580521,1,20484,20484,20480,20480,20480,20484,20480,20480,20480,20480,0,20484,20480,,,,,,,,,,,,0,0,0,0,0.0,,,,,,,,,,,,,,,,,,,,,,,1.0152,6.5715,5.5563,"jax_device_memory_stats(peak_bytes_in_use)  [LIFETIME high-water mark: it has no reset API, so it can only over-report this job]",,,,unavailable,2,8,0,0.8066,11.83,42,0,seed=42|model=imf|rep=0,0f6770a3fd505440,161f0ec2d4e64414,60a6dc5c91c914cc,source_imagenet_class,8.0,ok,,,2026-09-09T20:56:41.780683
stage2_imf_r3,cd4451242e70,random_inpainting__dflow__x1,random_inpainting__dflow__x1,random_inpaint,prob_afb9ac8da51f5e92,291_06_lion,imf,meanflow,jax,latent,dflow,D-Flow,1.0,1.0,0.0,1.0,0.0,meanflow_descending,pure_prior_noise,zero_fill,1,,,,1.0,1.0,1.0,,,,0.3,adam,,,half_mean_squared_per_measurement,,,,,,,5120,,,not_applicable,not_applicable,method,not_applicable,not_applicable,not_applicable,26.762952746077282,0.6716971724007109,0.29153409600257874,0.05006831884384155,0.14921199320947978,22.544525276904984,,0.09084084154106865,26.854976936682885,12.719088983386953,0.152621716640785,1.0188368633389473,12.719088983386953,8994.441373264417,1124.3051716580521,1,20484,20484,20480,20480,20480,20484,20480,20480,20480,20480,0,20484,20480,,,,,,,,,,,,0,0,0,0,0.0,,,,,,,,,,,,,,,,,,,,,,,1.0152,6.5715,5.5563,"jax_device_memory_stats(peak_bytes_in_use)  [LIFETIME high-water mark: it has no reset API, so it can only over-report this job]",,,,unavailable,2,8,0,0.8066,11.83,42,0,seed=42|model=imf|rep=0,0f6770a3fd505440,161f0ec2d4e64414,60a6dc5c91c914cc,source_imagenet_class,8.0,ok,,,2026-09-09T20:56:41.780683
stage2_imf_r3,cd4451242e70,random_inpainting__dflow__x1,random_inpainting__dflow__x1,random_inpaint,prob_afb9ac8da51f5e92,323_07_monarch_butterfly,imf,meanflow,jax,latent,dflow,D-Flow,1.0,1.0,0.0,1.0,0.0,meanflow_descending,pure_prior_noise,zero_fill,1,,,,1.0,1.0,1.0,,,,0.3,adam,,,half_mean_squared_per_measurement,,,,,,,5120,,,not_applicable,not_applicable,method,not_applicable,not_applicable,not_applicable,22.168596768007344,0.6594291377121673,0.2284710854291916,0.05006831884384155,0.14921199320947978,22.544525276904984,,0.09084084154106865,26.854976936682885,12.719088983386953,0.152621716640785,1.0188368633389473,12.719088983386953,8994.441373264417,1124.3051716580521,1,20484,20484,20480,20480,20480,20484,20480,20480,20480,20480,0,20484,20480,,,,,,,,,,,,0,0,0,0,0.0,,,,,,,,,,,,,,,,,,,,,,,1.0152,6.5715,5.5563,"jax_device_memory_stats(peak_bytes_in_use)  [LIFETIME high-water mark: it has no reset API, so it can only over-report this job]",,,,unavailable,2,8,0,0.8066,11.83,42,0,seed=42|model=imf|rep=0,0f6770a3fd505440,161f0ec2d4e64414,60a6dc5c91c914cc,source_imagenet_class,8.0,ok,,,2026-09-09T20:56:41.780683
stage2_imf_r3,2ba2ef8d439b,random_inpainting__mpc_delta_t__x1,random_inpainting__mpc_delta_t__x1,random_inpaint,prob_afb9ac8da51f5e92,000_00_tench,imf,meanflow,jax,latent,mpc_delta_t,MPC-delta_t,1.0,1.0,0.0,1.0,0.0,meanflow_descending,pure_prior_noise,zero_fill,,,8,0.125,0.125,0.125,0.125,,1000.0,320,0.3,adam,False,,half_sum_squared,sum_squared,none,,,,,,,,method,method,method,not_applicable,not_applicable,not_applicable,21.989397154934235,0.502791639144185,0.48464056849479675,0.047142960131168365,0.15058461210981183,22.464988021436053,,0.08548812358200891,27.38248422013352,12.719088983386953,0.152621716640785,1.0188368633389473,12.719088983386953,4071.785184145905,508.97314801823813,8,8992,8992,8960,10240,8960,8992,8960,0,0,0,0,10240,0,,,,,,,,,,,,0,0,0,0,0.0,,,,,,,,,,,,,,,,,,,,,,,1.0152,6.5715,5.5563,"jax_device_memory_stats(peak_bytes_in_use)  [LIFETIME high-water mark: it has no reset API, so it can only over-report this job]",,,,unavailable,2,8,0,5.2589,11.83,42,0,seed=42|model=imf|rep=0,0f6770a3fd505440,161f0ec2d4e64414,60a6dc5c91c914cc,source_imagenet_class,8.0,ok,,,2026-09-09T22:04:40.651986
stage2_imf_r3,2ba2ef8d439b,random_inpainting__mpc_delta_t__x1,random_inpainting__mpc_delta_t__x1,random_inpaint,prob_afb9ac8da51f5e92,039_01_iguana,imf,meanflow,jax,latent,mpc_delta_t,MPC-delta_t,1.0,1.0,0.0,1.0,0.0,meanflow_descending,pure_prior_noise,zero_fill,,,8,0.125,0.125,0.125,0.125,,1000.0,320,0.3,adam,False,,half_sum_squared,sum_squared,none,,,,,,,,method,method,method,not_applicable,not_applicable,not_applicable,19.28304022387674,0.6448997337273085,0.20427103340625763,0.047142960131168365,0.15058461210981183,22.464988021436053,,0.08548812358200891,27.38248422013352,12.719088983386953,0.152621716640785,1.0188368633389473,12.719088983386953,4071.785184145905,508.97314801823813,8,8992,8992,8960,10240,8960,8992,8960,0,0,0,0,10240,0,,,,,,,,,,,,0,0,0,0,0.0,,,,,,,,,,,,,,,,,,,,,,,1.0152,6.5715,5.5563,"jax_device_memory_stats(peak_bytes_in_use)  [LIFETIME high-water mark: it has no reset API, so it can only over-report this job]",,,,unavailable,2,8,0,5.2589,11.83,42,0,seed=42|model=imf|rep=0,0f6770a3fd505440,161f0ec2d4e64414,60a6dc5c91c914cc,source_imagenet_class,8.0,ok,,,2026-09-09T22:04:40.651986
stage2_imf_r3,2ba2ef8d439b,random_inpainting__mpc_delta_t__x1,random_inpainting__mpc_delta_t__x1,random_inpaint,prob_afb9ac8da51f5e92,081_02_ptarmigan,imf,meanflow,jax,latent,mpc_delta_t,MPC-delta_t,1.0,1.0,0.0,1.0,0.0,meanflow_descending,pure_prior_noise,zero_fill,,,8,0.125,0.125,0.125,0.125,,1000.0,320,0.3,adam,False,,half_sum_squared,sum_squared,none,,,,,,,,method,method,method,not_applicable,not_applicable,not_applicable,24.372091987237926,0.6962163255571104,0.1862531304359436,0.047142960131168365,0.15058461210981183,22.464988021436053,,0.08548812358200891,27.38248422013352,12.719088983386953,0.152621716640785,1.0188368633389473,12.719088983386953,4071.785184145905,508.97314801823813,8,8992,8992,8960,10240,8960,8992,8960,0,0,0,0,10240,0,,,,,,,,,,,,0,0,0,0,0.0,,,,,,,,,,,,,,,,,,,,,,,1.0152,6.5715,5.5563,"jax_device_memory_stats(peak_bytes_in_use)  [LIFETIME high-water mark: it has no reset API, so it can only over-report this job]",,,,unavailable,2,8,0,5.2589,11.83,42,0,seed=42|model=imf|rep=0,0f6770a3fd505440,161f0ec2d4e64414,60a6dc5c91c914cc,source_imagenet_class,8.0,ok,,,2026-09-09T22:04:40.651986
stage2_imf_r3,2ba2ef8d439b,random_inpainting__mpc_delta_t__x1,random_inpainting__mpc_delta_t__x1,random_inpaint,prob_afb9ac8da51f5e92,088_03_macaw,imf,meanflow,jax,latent,mpc_delta_t,MPC-delta_t,1.0,1.0,0.0,1.0,0.0,meanflow_descending,pure_prior_noise,zero_fill,,,8,0.125,0.125,0.125,0.125,,1000.0,320,0.3,adam,False,,half_sum_squared,sum_squared,none,,,,,,,,method,method,method,not_applicable,not_applicable,not_applicable,27.16659591535276,0.7624168672110848,0.10876144468784332,0.047142960131168365,0.15058461210981183,22.464988021436053,,0.08548812358200891,27.38248422013352,12.719088983386953,0.152621716640785,1.0188368633389473,12.719088983386953,4071.785184145905,508.97314801823813,8,8992,8992,8960,10240,8960,8992,8960,0,0,0,0,10240,0,,,,,,,,,,,,0,0,0,0,0.0,,,,,,,,,,,,,,,,,,,,,,,1.0152,6.5715,5.5563,"jax_device_memory_stats(peak_bytes_in_use)  [LIFETIME high-water mark: it has no reset API, so it can only over-report this job]",,,,unavailable,2,8,0,5.2589,11.83,42,0,seed=42|model=imf|rep=0,0f6770a3fd505440,161f0ec2d4e64414,60a6dc5c91c914cc,source_imagenet_class,8.0,ok,,,2026-09-09T22:04:40.651986
stage2_imf_r3,2ba2ef8d439b,random_inpainting__mpc_delta_t__x1,random_inpainting__mpc_delta_t__x1,random_inpaint,prob_afb9ac8da51f5e92,207_04_golden_retriever,imf,meanflow,jax,latent,mpc_delta_t,MPC-delta_t,1.0,1.0,0.0,1.0,0.0,meanflow_descending,pure_prior_noise,zero_fill,,,8,0.125,0.125,0.125,0.125,,1000.0,320,0.3,adam,False,,half_sum_squared,sum_squared,none,,,,,,,,method,method,method,not_applicable,not_applicable,not_applicable,30.114007900917905,0.7544341348532116,0.1960858702659607,0.047142960131168365,0.15058461210981183,22.464988021436053,,0.08548812358200891,27.38248422013352,12.719088983386953,0.152621716640785,1.0188368633389473,12.719088983386953,4071.785184145905,508.97314801823813,8,8992,8992,8960,10240,8960,8992,8960,0,0,0,0,10240,0,,,,,,,,,,,,0,0,0,0,0.0,,,,,,,,,,,,,,,,,,,,,,,1.0152,6.5715,5.5563,"jax_device_memory_stats(peak_bytes_in_use)  [LIFETIME high-water mark: it has no reset API, so it can only over-report this job]",,,,unavailable,2,8,0,5.2589,11.83,42,0,seed=42|model=imf|rep=0,0f6770a3fd505440,161f0ec2d4e64414,60a6dc5c91c914cc,source_imagenet_class,8.0,ok,,,2026-09-09T22:04:40.651986
stage2_imf_r3,2ba2ef8d439b,random_inpainting__mpc_delta_t__x1,random_inpainting__mpc_delta_t__x1,random_inpaint,prob_afb9ac8da51f5e92,281_05_tabby_cat,imf,meanflow,jax,latent,mpc_delta_t,MPC-delta_t,1.0,1.0,0.0,1.0,0.0,meanflow_descending,pure_prior_noise,zero_fill,,,8,0.125,0.125,0.125,0.125,,1000.0,320,0.3,adam,False,,half_sum_squared,sum_squared,none,,,,,,,,method,method,method,not_applicable,not_applicable,not_applicable,25.110815253031447,0.7666799831425372,0.13377219438552856,0.047142960131168365,0.15058461210981183,22.464988021436053,,0.08548812358200891,27.38248422013352,12.719088983386953,0.152621716640785,1.0188368633389473,12.719088983386953,4071.785184145905,508.97314801823813,8,8992,8992,8960,10240,8960,8992,8960,0,0,0,0,10240,0,,,,,,,,,,,,0,0,0,0,0.0,,,,,,,,,,,,,,,,,,,,,,,1.0152,6.5715,5.5563,"jax_device_memory_stats(peak_bytes_in_use)  [LIFETIME high-water mark: it has no reset API, so it can only over-report this job]",,,,unavailable,2,8,0,5.2589,11.83,42,0,seed=42|model=imf|rep=0,0f6770a3fd505440,161f0ec2d4e64414,60a6dc5c91c914cc,source_imagenet_class,8.0,ok,,,2026-09-09T22:04:40.651986
stage2_imf_r3,2ba2ef8d439b,random_inpainting__mpc_delta_t__x1,random_inpainting__mpc_delta_t__x1,random_inpaint,prob_afb9ac8da51f5e92,291_06_lion,imf,meanflow,jax,latent,mpc_delta_t,MPC-delta_t,1.0,1.0,0.0,1.0,0.0,meanflow_descending,pure_prior_noise,zero_fill,,,8,0.125,0.125,0.125,0.125,,1000.0,320,0.3,adam,False,,half_sum_squared,sum_squared,none,,,,,,,,method,method,method,not_applicable,not_applicable,not_applicable,28.04788140572759,0.7394216632403697,0.2332400232553482,0.047142960131168365,0.15058461210981183,22.464988021436053,,0.08548812358200891,27.38248422013352,12.719088983386953,0.152621716640785,1.0188368633389473,12.719088983386953,4071.785184145905,508.97314801823813,8,8992,8992,8960,10240,8960,8992,8960,0,0,0,0,10240,0,,,,,,,,,,,,0,0,0,0,0.0,,,,,,,,,,,,,,,,,,,,,,,1.0152,6.5715,5.5563,"jax_device_memory_stats(peak_bytes_in_use)  [LIFETIME high-water mark: it has no reset API, so it can only over-report this job]",,,,unavailable,2,8,0,5.2589,11.83,42,0,seed=42|model=imf|rep=0,0f6770a3fd505440,161f0ec2d4e64414,60a6dc5c91c914cc,source_imagenet_class,8.0,ok,,,2026-09-09T22:04:40.651986
stage2_imf_r3,2ba2ef8d439b,random_inpainting__mpc_delta_t__x1,random_inpainting__mpc_delta_t__x1,random_inpaint,prob_afb9ac8da51f5e92,323_07_monarch_butterfly,imf,meanflow,jax,latent,mpc_delta_t,MPC-delta_t,1.0,1.0,0.0,1.0,0.0,meanflow_descending,pure_prior_noise,zero_fill,,,8,0.125,0.125,0.125,0.125,,1000.0,320,0.3,adam,False,,half_sum_squared,sum_squared,none,,,,,,,,method,method,method,not_applicable,not_applicable,not_applicable,21.68044017152208,0.6679961659510959,0.20755535364151,0.047142960131168365,0.15058461210981183,22.464988021436053,,0.08548812358200891,27.38248422013352,12.719088983386953,0.152621716640785,1.0188368633389473,12.719088983386953,4071.785184145905,508.97314801823813,8,8992,8992,8960,10240,8960,8992,8960,0,0,0,0,10240,0,,,,,,,,,,,,0,0,0,0,0.0,,,,,,,,,,,,,,,,,,,,,,,1.0152,6.5715,5.5563,"jax_device_memory_stats(peak_bytes_in_use)  [LIFETIME high-water mark: it has no reset API, so it can only over-report this job]",,,,unavailable,2,8,0,5.2589,11.83,42,0,seed=42|model=imf|rep=0,0f6770a3fd505440,161f0ec2d4e64414,60a6dc5c91c914cc,source_imagenet_class,8.0,ok,,,2026-09-09T22:04:40.651986
stage2_imf_r3,ae228c537755,random_inpainting__rhso__x1,random_inpainting__rhso__x1,random_inpaint,prob_afb9ac8da51f5e92,000_00_tench,imf,meanflow,jax,latent,rhso,RHSO,1.0,1.0,0.0,1.0,0.0,meanflow_descending,pure_prior_noise,zero_fill,,,,,0.125,0.125,0.125,,,,0.03,adam,,,half_mean_squared_per_measurement,,,,,,,640,8,0.0,not_applicable,not_applicable,method,not_applicable,not_applicable,method,21.86944719723028,0.4842861207787031,0.4088171720504761,0.04632610082626343,0.1532702340008158,22.31144350430479,,0.08400275803679161,27.534729006209666,12.719088983386953,0.152621716640785,1.0188368633389473,12.719088983386953,5255.117857429199,656.8897321786499,8,20512,20512,20480,20480,20480,20512,20480,20480,20480,20480,0,20480,20480,direct,learned_finite_interval_map,,False,False,False,,,,False,,0,0,0,0,0.0,,,,,,,,,,,,,,,,,,,,,,,1.0152,6.6419,5.6267,"jax_device_memory_stats(peak_bytes_in_use)  [LIFETIME high-water mark: it has no reset API, so it can only over-report this job]",,,,unavailable,2,8,0,3.7211,9.83,42,0,seed=42|model=imf|rep=0,0f6770a3fd505440,161f0ec2d4e64414,60a6dc5c91c914cc,source_imagenet_class,8.0,ok,,,2026-09-09T20:41:21.657475
stage2_imf_r3,ae228c537755,random_inpainting__rhso__x1,random_inpainting__rhso__x1,random_inpaint,prob_afb9ac8da51f5e92,039_01_iguana,imf,meanflow,jax,latent,rhso,RHSO,1.0,1.0,0.0,1.0,0.0,meanflow_descending,pure_prior_noise,zero_fill,,,,,0.125,0.125,0.125,,,,0.03,adam,,,half_mean_squared_per_measurement,,,,,,,640,8,0.0,not_applicable,not_applicable,method,not_applicable,not_applicable,method,19.080470162088627,0.6347092952981327,0.20770110189914703,0.04632610082626343,0.1532702340008158,22.31144350430479,,0.08400275803679161,27.534729006209666,12.719088983386953,0.152621716640785,1.0188368633389473,12.719088983386953,5255.117857429199,656.8897321786499,8,20512,20512,20480,20480,20480,20512,20480,20480,20480,20480,0,20480,20480,direct,learned_finite_interval_map,,False,False,False,,,,False,,0,0,0,0,0.0,,,,,,,,,,,,,,,,,,,,,,,1.0152,6.6419,5.6267,"jax_device_memory_stats(peak_bytes_in_use)  [LIFETIME high-water mark: it has no reset API, so it can only over-report this job]",,,,unavailable,2,8,0,3.7211,9.83,42,0,seed=42|model=imf|rep=0,0f6770a3fd505440,161f0ec2d4e64414,60a6dc5c91c914cc,source_imagenet_class,8.0,ok,,,2026-09-09T20:41:21.657475
stage2_imf_r3,ae228c537755,random_inpainting__rhso__x1,random_inpainting__rhso__x1,random_inpaint,prob_afb9ac8da51f5e92,081_02_ptarmigan,imf,meanflow,jax,latent,rhso,RHSO,1.0,1.0,0.0,1.0,0.0,meanflow_descending,pure_prior_noise,zero_fill,,,,,0.125,0.125,0.125,,,,0.03,adam,,,half_mean_squared_per_measurement,,,,,,,640,8,0.0,not_applicable,not_applicable,method,not_applicable,not_applicable,method,24.291957157180594,0.6849334857352329,0.21686983108520508,0.04632610082626343,0.1532702340008158,22.31144350430479,,0.08400275803679161,27.534729006209666,12.719088983386953,0.152621716640785,1.0188368633389473,12.719088983386953,5255.117857429199,656.8897321786499,8,20512,20512,20480,20480,20480,20512,20480,20480,20480,20480,0,20480,20480,direct,learned_finite_interval_map,,False,False,False,,,,False,,0,0,0,0,0.0,,,,,,,,,,,,,,,,,,,,,,,1.0152,6.6419,5.6267,"jax_device_memory_stats(peak_bytes_in_use)  [LIFETIME high-water mark: it has no reset API, so it can only over-report this job]",,,,unavailable,2,8,0,3.7211,9.83,42,0,seed=42|model=imf|rep=0,0f6770a3fd505440,161f0ec2d4e64414,60a6dc5c91c914cc,source_imagenet_class,8.0,ok,,,2026-09-09T20:41:21.657475
stage2_imf_r3,ae228c537755,random_inpainting__rhso__x1,random_inpainting__rhso__x1,random_inpaint,prob_afb9ac8da51f5e92,088_03_macaw,imf,meanflow,jax,latent,rhso,RHSO,1.0,1.0,0.0,1.0,0.0,meanflow_descending,pure_prior_noise,zero_fill,,,,,0.125,0.125,0.125,,,,0.03,adam,,,half_mean_squared_per_measurement,,,,,,,640,8,0.0,not_applicable,not_applicable,method,not_applicable,not_applicable,method,27.581186033721945,0.7698309454054028,0.08408987522125244,0.04632610082626343,0.1532702340008158,22.31144350430479,,0.08400275803679161,27.534729006209666,12.719088983386953,0.152621716640785,1.0188368633389473,12.719088983386953,5255.117857429199,656.8897321786499,8,20512,20512,20480,20480,20480,20512,20480,20480,20480,20480,0,20480,20480,direct,learned_finite_interval_map,,False,False,False,,,,False,,0,0,0,0,0.0,,,,,,,,,,,,,,,,,,,,,,,1.0152,6.6419,5.6267,"jax_device_memory_stats(peak_bytes_in_use)  [LIFETIME high-water mark: it has no reset API, so it can only over-report this job]",,,,unavailable,2,8,0,3.7211,9.83,42,0,seed=42|model=imf|rep=0,0f6770a3fd505440,161f0ec2d4e64414,60a6dc5c91c914cc,source_imagenet_class,8.0,ok,,,2026-09-09T20:41:21.657475
stage2_imf_r3,ae228c537755,random_inpainting__rhso__x1,random_inpainting__rhso__x1,random_inpaint,prob_afb9ac8da51f5e92,207_04_golden_retriever,imf,meanflow,jax,latent,rhso,RHSO,1.0,1.0,0.0,1.0,0.0,meanflow_descending,pure_prior_noise,zero_fill,,,,,0.125,0.125,0.125,,,,0.03,adam,,,half_mean_squared_per_measurement,,,,,,,640,8,0.0,not_applicable,not_applicable,method,not_applicable,not_applicable,method,29.96667417178489,0.756496469787901,0.1742285192012787,0.04632610082626343,0.1532702340008158,22.31144350430479,,0.08400275803679161,27.534729006209666,12.719088983386953,0.152621716640785,1.0188368633389473,12.719088983386953,5255.117857429199,656.8897321786499,8,20512,20512,20480,20480,20480,20512,20480,20480,20480,20480,0,20480,20480,direct,learned_finite_interval_map,,False,False,False,,,,False,,0,0,0,0,0.0,,,,,,,,,,,,,,,,,,,,,,,1.0152,6.6419,5.6267,"jax_device_memory_stats(peak_bytes_in_use)  [LIFETIME high-water mark: it has no reset API, so it can only over-report this job]",,,,unavailable,2,8,0,3.7211,9.83,42,0,seed=42|model=imf|rep=0,0f6770a3fd505440,161f0ec2d4e64414,60a6dc5c91c914cc,source_imagenet_class,8.0,ok,,,2026-09-09T20:41:21.657475
stage2_imf_r3,ae228c537755,random_inpainting__rhso__x1,random_inpainting__rhso__x1,random_inpaint,prob_afb9ac8da51f5e92,281_05_tabby_cat,imf,meanflow,jax,latent,rhso,RHSO,1.0,1.0,0.0,1.0,0.0,meanflow_descending,pure_prior_noise,zero_fill,,,,,0.125,0.125,0.125,,,,0.03,adam,,,half_mean_squared_per_measurement,,,,,,,640,8,0.0,not_applicable,not_applicable,method,not_applicable,not_applicable,method,24.7293437804707,0.7646625823236192,0.13354161381721497,0.04632610082626343,0.1532702340008158,22.31144350430479,,0.08400275803679161,27.534729006209666,12.719088983386953,0.152621716640785,1.0188368633389473,12.719088983386953,5255.117857429199,656.8897321786499,8,20512,20512,20480,20480,20480,20512,20480,20480,20480,20480,0,20480,20480,direct,learned_finite_interval_map,,False,False,False,,,,False,,0,0,0,0,0.0,,,,,,,,,,,,,,,,,,,,,,,1.0152,6.6419,5.6267,"jax_device_memory_stats(peak_bytes_in_use)  [LIFETIME high-water mark: it has no reset API, so it can only over-report this job]",,,,unavailable,2,8,0,3.7211,9.83,42,0,seed=42|model=imf|rep=0,0f6770a3fd505440,161f0ec2d4e64414,60a6dc5c91c914cc,source_imagenet_class,8.0,ok,,,2026-09-09T20:41:21.657475
stage2_imf_r3,ae228c537755,random_inpainting__rhso__x1,random_inpainting__rhso__x1,random_inpaint,prob_afb9ac8da51f5e92,291_06_lion,imf,meanflow,jax,latent,rhso,RHSO,1.0,1.0,0.0,1.0,0.0,meanflow_descending,pure_prior_noise,zero_fill,,,,,0.125,0.125,0.125,,,,0.03,adam,,,half_mean_squared_per_measurement,,,,,,,640,8,0.0,not_applicable,not_applicable,method,not_applicable,not_applicable,method,28.205647314484914,0.7534733170661937,0.18489083647727966,0.04632610082626343,0.1532702340008158,22.31144350430479,,0.08400275803679161,27.534729006209666,12.719088983386953,0.152621716640785,1.0188368633389473,12.719088983386953,5255.117857429199,656.8897321786499,8,20512,20512,20480,20480,20480,20512,20480,20480,20480,20480,0,20480,20480,direct,learned_finite_interval_map,,False,False,False,,,,False,,0,0,0,0,0.0,,,,,,,,,,,,,,,,,,,,,,,1.0152,6.6419,5.6267,"jax_device_memory_stats(peak_bytes_in_use)  [LIFETIME high-water mark: it has no reset API, so it can only over-report this job]",,,,unavailable,2,8,0,3.7211,9.83,42,0,seed=42|model=imf|rep=0,0f6770a3fd505440,161f0ec2d4e64414,60a6dc5c91c914cc,source_imagenet_class,8.0,ok,,,2026-09-09T20:41:21.657475
stage2_imf_r3,ae228c537755,random_inpainting__rhso__x1,random_inpainting__rhso__x1,random_inpaint,prob_afb9ac8da51f5e92,323_07_monarch_butterfly,imf,meanflow,jax,latent,rhso,RHSO,1.0,1.0,0.0,1.0,0.0,meanflow_descending,pure_prior_noise,zero_fill,,,,,0.125,0.125,0.125,,,,0.03,adam,,,half_mean_squared_per_measurement,,,,,,,640,8,0.0,not_applicable,not_applicable,method,not_applicable,not_applicable,method,21.61967653058347,0.6747263287143349,0.16477298736572266,0.04632610082626343,0.1532702340008158,22.31144350430479,,0.08400275803679161,27.534729006209666,12.719088983386953,0.152621716640785,1.0188368633389473,12.719088983386953,5255.117857429199,656.8897321786499,8,20512,20512,20480,20480,20480,20512,20480,20480,20480,20480,0,20480,20480,direct,learned_finite_interval_map,,False,False,False,,,,False,,0,0,0,0,0.0,,,,,,,,,,,,,,,,,,,,,,,1.0152,6.6419,5.6267,"jax_device_memory_stats(peak_bytes_in_use)  [LIFETIME high-water mark: it has no reset API, so it can only over-report this job]",,,,unavailable,2,8,0,3.7211,9.83,42,0,seed=42|model=imf|rep=0,0f6770a3fd505440,161f0ec2d4e64414,60a6dc5c91c914cc,source_imagenet_class,8.0,ok,,,2026-09-09T20:41:21.657475
stage2_imf_r3,f27b4f5c316f,box_inpainting__pnp__x1,box_inpainting__pnp__x1,box_inpaint,prob_4459e49fb12d0091,000_00_tench,imf,meanflow,jax,latent,pnp,PnP-Flow,1.0,1.0,0.0,1.0,0.0,meanflow_descending,pure_prior_noise,zero_fill,,,,,0.0005279831045406547,0.000527983104540608,0.0005279831045407191,,,,,,,,half_mean_squared_per_measurement,,,1893,100000.0,1.0,1,,,,not_applicable,not_applicable,not_applicable,method,method,not_applicable,23.401489875649702,0.49949169369960583,0.5233590006828308,0.11323380470275879,0.26900824690669894,17.42528802838598,0.2202293431590144,0.10361189792742047,25.712407332598413,27.503961494217513,0.827546941632692,0.10103151760995388,27.503961494217513,2946.653361113742,368.33167013921775,1893,7576,7576,0,0,0,7576,0,7572,7572,0,7576,7572,7572,,,,,,,,,,,,0,0,0,0,0.0,,,,,,,,,,,,,,,,,,,,,,,1.0152,6.5715,5.5563,"jax_device_memory_stats(peak_bytes_in_use)  [LIFETIME high-water mark: it has no reset API, so it can only over-report this job]",,,,unavailable,2,8,0,736.1387,12.41,42,0,seed=42|model=imf|rep=0,c136b139bc17dfba,3bf57218b76797cc,60a6dc5c91c914cc,source_imagenet_class,8.0,ok,,,2026-09-09T20:51:37.326179
stage2_imf_r3,f27b4f5c316f,box_inpainting__pnp__x1,box_inpainting__pnp__x1,box_inpaint,prob_4459e49fb12d0091,039_01_iguana,imf,meanflow,jax,latent,pnp,PnP-Flow,1.0,1.0,0.0,1.0,0.0,meanflow_descending,pure_prior_noise,zero_fill,,,,,0.0005279831045406547,0.000527983104540608,0.0005279831045407191,,,,,,,,half_mean_squared_per_measurement,,,1893,100000.0,1.0,1,,,,not_applicable,not_applicable,not_applicable,method,method,not_applicable,21.794952843262102,0.7187911645895024,0.23928844928741455,0.11323380470275879,0.26900824690669894,17.42528802838598,0.2202293431590144,0.10361189792742047,25.712407332598413,27.503961494217513,0.827546941632692,0.10103151760995388,27.503961494217513,2946.653361113742,368.33167013921775,1893,7576,7576,0,0,0,7576,0,7572,7572,0,7576,7572,7572,,,,,,,,,,,,0,0,0,0,0.0,,,,,,,,,,,,,,,,,,,,,,,1.0152,6.5715,5.5563,"jax_device_memory_stats(peak_bytes_in_use)  [LIFETIME high-water mark: it has no reset API, so it can only over-report this job]",,,,unavailable,2,8,0,736.1387,12.41,42,0,seed=42|model=imf|rep=0,c136b139bc17dfba,3bf57218b76797cc,60a6dc5c91c914cc,source_imagenet_class,8.0,ok,,,2026-09-09T20:51:37.326179
stage2_imf_r3,f27b4f5c316f,box_inpainting__pnp__x1,box_inpainting__pnp__x1,box_inpaint,prob_4459e49fb12d0091,081_02_ptarmigan,imf,meanflow,jax,latent,pnp,PnP-Flow,1.0,1.0,0.0,1.0,0.0,meanflow_descending,pure_prior_noise,zero_fill,,,,,0.0005279831045406547,0.000527983104540608,0.0005279831045407191,,,,,,,,half_mean_squared_per_measurement,,,1893,100000.0,1.0,1,,,,not_applicable,not_applicable,not_applicable,method,method,not_applicable,26.320180003799187,0.7619314891997115,0.21974751353263855,0.11323380470275879,0.26900824690669894,17.42528802838598,0.2202293431590144,0.10361189792742047,25.712407332598413,27.503961494217513,0.827546941632692,0.10103151760995388,27.503961494217513,2946.653361113742,368.33167013921775,1893,7576,7576,0,0,0,7576,0,7572,7572,0,7576,7572,7572,,,,,,,,,,,,0,0,0,0,0.0,,,,,,,,,,,,,,,,,,,,,,,1.0152,6.5715,5.5563,"jax_device_memory_stats(peak_bytes_in_use)  [LIFETIME high-water mark: it has no reset API, so it can only over-report this job]",,,,unavailable,2,8,0,736.1387,12.41,42,0,seed=42|model=imf|rep=0,c136b139bc17dfba,3bf57218b76797cc,60a6dc5c91c914cc,source_imagenet_class,8.0,ok,,,2026-09-09T20:51:37.326179
stage2_imf_r3,f27b4f5c316f,box_inpainting__pnp__x1,box_inpainting__pnp__x1,box_inpaint,prob_4459e49fb12d0091,088_03_macaw,imf,meanflow,jax,latent,pnp,PnP-Flow,1.0,1.0,0.0,1.0,0.0,meanflow_descending,pure_prior_noise,zero_fill,,,,,0.0005279831045406547,0.000527983104540608,0.0005279831045407191,,,,,,,,half_mean_squared_per_measurement,,,1893,100000.0,1.0,1,,,,not_applicable,not_applicable,not_applicable,method,method,not_applicable,27.225627341999843,0.7288919254733637,0.153011292219162,0.11323380470275879,0.26900824690669894,17.42528802838598,0.2202293431590144,0.10361189792742047,25.712407332598413,27.503961494217513,0.827546941632692,0.10103151760995388,27.503961494217513,2946.653361113742,368.33167013921775,1893,7576,7576,0,0,0,7576,0,7572,7572,0,7576,7572,7572,,,,,,,,,,,,0,0,0,0,0.0,,,,,,,,,,,,,,,,,,,,,,,1.0152,6.5715,5.5563,"jax_device_memory_stats(peak_bytes_in_use)  [LIFETIME high-water mark: it has no reset API, so it can only over-report this job]",,,,unavailable,2,8,0,736.1387,12.41,42,0,seed=42|model=imf|rep=0,c136b139bc17dfba,3bf57218b76797cc,60a6dc5c91c914cc,source_imagenet_class,8.0,ok,,,2026-09-09T20:51:37.326179
stage2_imf_r3,f27b4f5c316f,box_inpainting__pnp__x1,box_inpainting__pnp__x1,box_inpaint,prob_4459e49fb12d0091,207_04_golden_retriever,imf,meanflow,jax,latent,pnp,PnP-Flow,1.0,1.0,0.0,1.0,0.0,meanflow_descending,pure_prior_noise,zero_fill,,,,,0.0005279831045406547,0.000527983104540608,0.0005279831045407191,,,,,,,,half_mean_squared_per_measurement,,,1893,100000.0,1.0,1,,,,not_applicable,not_applicable,not_applicable,method,method,not_applicable,30.22365999457218,0.7146190221830625,0.28914305567741394,0.11323380470275879,0.26900824690669894,17.42528802838598,0.2202293431590144,0.10361189792742047,25.712407332598413,27.503961494217513,0.827546941632692,0.10103151760995388,27.503961494217513,2946.653361113742,368.33167013921775,1893,7576,7576,0,0,0,7576,0,7572,7572,0,7576,7572,7572,,,,,,,,,,,,0,0,0,0,0.0,,,,,,,,,,,,,,,,,,,,,,,1.0152,6.5715,5.5563,"jax_device_memory_stats(peak_bytes_in_use)  [LIFETIME high-water mark: it has no reset API, so it can only over-report this job]",,,,unavailable,2,8,0,736.1387,12.41,42,0,seed=42|model=imf|rep=0,c136b139bc17dfba,3bf57218b76797cc,60a6dc5c91c914cc,source_imagenet_class,8.0,ok,,,2026-09-09T20:51:37.326179
stage2_imf_r3,f27b4f5c316f,box_inpainting__pnp__x1,box_inpainting__pnp__x1,box_inpaint,prob_4459e49fb12d0091,281_05_tabby_cat,imf,meanflow,jax,latent,pnp,PnP-Flow,1.0,1.0,0.0,1.0,0.0,meanflow_descending,pure_prior_noise,zero_fill,,,,,0.0005279831045406547,0.000527983104540608,0.0005279831045407191,,,,,,,,half_mean_squared_per_measurement,,,1893,100000.0,1.0,1,,,,not_applicable,not_applicable,not_applicable,method,method,not_applicable,27.147196930875708,0.7800061761287819,0.1275268942117691,0.11323380470275879,0.26900824690669894,17.42528802838598,0.2202293431590144,0.10361189792742047,25.712407332598413,27.503961494217513,0.827546941632692,0.10103151760995388,27.503961494217513,2946.653361113742,368.33167013921775,1893,7576,7576,0,0,0,7576,0,7572,7572,0,7576,7572,7572,,,,,,,,,,,,0,0,0,0,0.0,,,,,,,,,,,,,,,,,,,,,,,1.0152,6.5715,5.5563,"jax_device_memory_stats(peak_bytes_in_use)  [LIFETIME high-water mark: it has no reset API, so it can only over-report this job]",,,,unavailable,2,8,0,736.1387,12.41,42,0,seed=42|model=imf|rep=0,c136b139bc17dfba,3bf57218b76797cc,60a6dc5c91c914cc,source_imagenet_class,8.0,ok,,,2026-09-09T20:51:37.326179
stage2_imf_r3,f27b4f5c316f,box_inpainting__pnp__x1,box_inpainting__pnp__x1,box_inpaint,prob_4459e49fb12d0091,291_06_lion,imf,meanflow,jax,latent,pnp,PnP-Flow,1.0,1.0,0.0,1.0,0.0,meanflow_descending,pure_prior_noise,zero_fill,,,,,0.0005279831045406547,0.000527983104540608,0.0005279831045407191,,,,,,,,half_mean_squared_per_measurement,,,1893,100000.0,1.0,1,,,,not_applicable,not_applicable,not_applicable,method,method,not_applicable,28.307723153780877,0.7337005577642993,0.279195100069046,0.11323380470275879,0.26900824690669894,17.42528802838598,0.2202293431590144,0.10361189792742047,25.712407332598413,27.503961494217513,0.827546941632692,0.10103151760995388,27.503961494217513,2946.653361113742,368.33167013921775,1893,7576,7576,0,0,0,7576,0,7572,7572,0,7576,7572,7572,,,,,,,,,,,,0,0,0,0,0.0,,,,,,,,,,,,,,,,,,,,,,,1.0152,6.5715,5.5563,"jax_device_memory_stats(peak_bytes_in_use)  [LIFETIME high-water mark: it has no reset API, so it can only over-report this job]",,,,unavailable,2,8,0,736.1387,12.41,42,0,seed=42|model=imf|rep=0,c136b139bc17dfba,3bf57218b76797cc,60a6dc5c91c914cc,source_imagenet_class,8.0,ok,,,2026-09-09T20:51:37.326179
stage2_imf_r3,f27b4f5c316f,box_inpainting__pnp__x1,box_inpainting__pnp__x1,box_inpaint,prob_4459e49fb12d0091,323_07_monarch_butterfly,imf,meanflow,jax,latent,pnp,PnP-Flow,1.0,1.0,0.0,1.0,0.0,meanflow_descending,pure_prior_noise,zero_fill,,,,,0.0005279831045406547,0.000527983104540608,0.0005279831045407191,,,,,,,,half_mean_squared_per_measurement,,,1893,100000.0,1.0,1,,,,not_applicable,not_applicable,not_applicable,method,method,not_applicable,23.266535056516755,0.7070761721148809,0.22459296882152557,0.11323380470275879,0.26900824690669894,17.42528802838598,0.2202293431590144,0.10361189792742047,25.712407332598413,27.503961494217513,0.827546941632692,0.10103151760995388,27.503961494217513,2946.653361113742,368.33167013921775,1893,7576,7576,0,0,0,7576,0,7572,7572,0,7576,7572,7572,,,,,,,,,,,,0,0,0,0,0.0,,,,,,,,,,,,,,,,,,,,,,,1.0152,6.5715,5.5563,"jax_device_memory_stats(peak_bytes_in_use)  [LIFETIME high-water mark: it has no reset API, so it can only over-report this job]",,,,unavailable,2,8,0,736.1387,12.41,42,0,seed=42|model=imf|rep=0,c136b139bc17dfba,3bf57218b76797cc,60a6dc5c91c914cc,source_imagenet_class,8.0,ok,,,2026-09-09T20:51:37.326179
stage2_imf_r3,459797f97274,box_inpainting__dflow__x1,box_inpainting__dflow__x1,box_inpaint,prob_4459e49fb12d0091,000_00_tench,imf,meanflow,jax,latent,dflow,D-Flow,1.0,1.0,0.0,1.0,0.0,meanflow_descending,pure_prior_noise,zero_fill,1,,,,1.0,1.0,1.0,,,,0.3,adam,,,half_mean_squared_per_measurement,,,,,,,5120,,,not_applicable,not_applicable,method,not_applicable,not_applicable,not_applicable,23.27149255916835,0.5277267192804868,0.4539443552494049,0.10951793938875198,0.35618256006248117,14.987146891703826,0.10709015549069197,0.09962538988693342,26.053199232641685,27.503961494217513,0.827546941632692,0.10103151760995388,27.503961494217513,6231.061003556475,778.8826254445594,1,20484,20484,20480,20480,20480,20484,20480,20480,20480,20480,0,20484,20480,,,,,,,,,,,,0,0,0,0,0.0,,,,,,,,,,,,,,,,,,,,,,,1.0094,6.6165,5.607,"jax_device_memory_stats(peak_bytes_in_use)  [LIFETIME high-water mark: it has no reset API, so it can only over-report this job]",,,,unavailable,2,8,0,0.6366,9.58,42,0,seed=42|model=imf|rep=0,c136b139bc17dfba,3bf57218b76797cc,60a6dc5c91c914cc,source_imagenet_class,8.0,ok,,,2026-09-09T20:10:24.327643
stage2_imf_r3,459797f97274,box_inpainting__dflow__x1,box_inpainting__dflow__x1,box_inpaint,prob_4459e49fb12d0091,039_01_iguana,imf,meanflow,jax,latent,dflow,D-Flow,1.0,1.0,0.0,1.0,0.0,meanflow_descending,pure_prior_noise,zero_fill,1,,,,1.0,1.0,1.0,,,,0.3,adam,,,half_mean_squared_per_measurement,,,,,,,5120,,,not_applicable,not_applicable,method,not_applicable,not_applicable,not_applicable,21.80500867418511,0.7243849601829431,0.2231130301952362,0.10951793938875198,0.35618256006248117,14.987146891703826,0.10709015549069197,0.09962538988693342,26.053199232641685,27.503961494217513,0.827546941632692,0.10103151760995388,27.503961494217513,6231.061003556475,778.8826254445594,1,20484,20484,20480,20480,20480,20484,20480,20480,20480,20480,0,20484,20480,,,,,,,,,,,,0,0,0,0,0.0,,,,,,,,,,,,,,,,,,,,,,,1.0094,6.6165,5.607,"jax_device_memory_stats(peak_bytes_in_use)  [LIFETIME high-water mark: it has no reset API, so it can only over-report this job]",,,,unavailable,2,8,0,0.6366,9.58,42,0,seed=42|model=imf|rep=0,c136b139bc17dfba,3bf57218b76797cc,60a6dc5c91c914cc,source_imagenet_class,8.0,ok,,,2026-09-09T20:10:24.327643
stage2_imf_r3,459797f97274,box_inpainting__dflow__x1,box_inpainting__dflow__x1,box_inpaint,prob_4459e49fb12d0091,081_02_ptarmigan,imf,meanflow,jax,latent,dflow,D-Flow,1.0,1.0,0.0,1.0,0.0,meanflow_descending,pure_prior_noise,zero_fill,1,,,,1.0,1.0,1.0,,,,0.3,adam,,,half_mean_squared_per_measurement,,,,,,,5120,,,not_applicable,not_applicable,method,not_applicable,not_applicable,not_applicable,25.1730860455639,0.7653464885018502,0.24418281018733978,0.10951793938875198,0.35618256006248117,14.987146891703826,0.10709015549069197,0.09962538988693342,26.053199232641685,27.503961494217513,0.827546941632692,0.10103151760995388,27.503961494217513,6231.061003556475,778.8826254445594,1,20484,20484,20480,20480,20480,20484,20480,20480,20480,20480,0,20484,20480,,,,,,,,,,,,0,0,0,0,0.0,,,,,,,,,,,,,,,,,,,,,,,1.0094,6.6165,5.607,"jax_device_memory_stats(peak_bytes_in_use)  [LIFETIME high-water mark: it has no reset API, so it can only over-report this job]",,,,unavailable,2,8,0,0.6366,9.58,42,0,seed=42|model=imf|rep=0,c136b139bc17dfba,3bf57218b76797cc,60a6dc5c91c914cc,source_imagenet_class,8.0,ok,,,2026-09-09T20:10:24.327643
stage2_imf_r3,459797f97274,box_inpainting__dflow__x1,box_inpainting__dflow__x1,box_inpaint,prob_4459e49fb12d0091,088_03_macaw,imf,meanflow,jax,latent,dflow,D-Flow,1.0,1.0,0.0,1.0,0.0,meanflow_descending,pure_prior_noise,zero_fill,1,,,,1.0,1.0,1.0,,,,0.3,adam,,,half_mean_squared_per_measurement,,,,,,,5120,,,not_applicable,not_applicable,method,not_applicable,not_applicable,not_applicable,27.72861590524364,0.7663336977443252,0.11857270449399948,0.10951793938875198,0.35618256006248117,14.987146891703826,0.10709015549069197,0.09962538988693342,26.053199232641685,27.503961494217513,0.827546941632692,0.10103151760995388,27.503961494217513,6231.061003556475,778.8826254445594,1,20484,20484,20480,20480,20480,20484,20480,20480,20480,20480,0,20484,20480,,,,,,,,,,,,0,0,0,0,0.0,,,,,,,,,,,,,,,,,,,,,,,1.0094,6.6165,5.607,"jax_device_memory_stats(peak_bytes_in_use)  [LIFETIME high-water mark: it has no reset API, so it can only over-report this job]",,,,unavailable,2,8,0,0.6366,9.58,42,0,seed=42|model=imf|rep=0,c136b139bc17dfba,3bf57218b76797cc,60a6dc5c91c914cc,source_imagenet_class,8.0,ok,,,2026-09-09T20:10:24.327643
stage2_imf_r3,459797f97274,box_inpainting__dflow__x1,box_inpainting__dflow__x1,box_inpaint,prob_4459e49fb12d0091,207_04_golden_retriever,imf,meanflow,jax,latent,dflow,D-Flow,1.0,1.0,0.0,1.0,0.0,meanflow_descending,pure_prior_noise,zero_fill,1,,,,1.0,1.0,1.0,,,,0.3,adam,,,half_mean_squared_per_measurement,,,,,,,5120,,,not_applicable,not_applicable,method,not_applicable,not_applicable,not_applicable,31.798334973582968,0.8182117476873763,0.17019158601760864,0.10951793938875198,0.35618256006248117,14.987146891703826,0.10709015549069197,0.09962538988693342,26.053199232641685,27.503961494217513,0.827546941632692,0.10103151760995388,27.503961494217513,6231.061003556475,778.8826254445594,1,20484,20484,20480,20480,20480,20484,20480,20480,20480,20480,0,20484,20480,,,,,,,,,,,,0,0,0,0,0.0,,,,,,,,,,,,,,,,,,,,,,,1.0094,6.6165,5.607,"jax_device_memory_stats(peak_bytes_in_use)  [LIFETIME high-water mark: it has no reset API, so it can only over-report this job]",,,,unavailable,2,8,0,0.6366,9.58,42,0,seed=42|model=imf|rep=0,c136b139bc17dfba,3bf57218b76797cc,60a6dc5c91c914cc,source_imagenet_class,8.0,ok,,,2026-09-09T20:10:24.327643
stage2_imf_r3,459797f97274,box_inpainting__dflow__x1,box_inpainting__dflow__x1,box_inpaint,prob_4459e49fb12d0091,281_05_tabby_cat,imf,meanflow,jax,latent,dflow,D-Flow,1.0,1.0,0.0,1.0,0.0,meanflow_descending,pure_prior_noise,zero_fill,1,,,,1.0,1.0,1.0,,,,0.3,adam,,,half_mean_squared_per_measurement,,,,,,,5120,,,not_applicable,not_applicable,method,not_applicable,not_applicable,not_applicable,26.173427204086344,0.8007448474341367,0.1017567440867424,0.10951793938875198,0.35618256006248117,14.987146891703826,0.10709015549069197,0.09962538988693342,26.053199232641685,27.503961494217513,0.827546941632692,0.10103151760995388,27.503961494217513,6231.061003556475,778.8826254445594,1,20484,20484,20480,20480,20480,20484,20480,20480,20480,20480,0,20484,20480,,,,,,,,,,,,0,0,0,0,0.0,,,,,,,,,,,,,,,,,,,,,,,1.0094,6.6165,5.607,"jax_device_memory_stats(peak_bytes_in_use)  [LIFETIME high-water mark: it has no reset API, so it can only over-report this job]",,,,unavailable,2,8,0,0.6366,9.58,42,0,seed=42|model=imf|rep=0,c136b139bc17dfba,3bf57218b76797cc,60a6dc5c91c914cc,source_imagenet_class,8.0,ok,,,2026-09-09T20:10:24.327643
stage2_imf_r3,459797f97274,box_inpainting__dflow__x1,box_inpainting__dflow__x1,box_inpaint,prob_4459e49fb12d0091,291_06_lion,imf,meanflow,jax,latent,dflow,D-Flow,1.0,1.0,0.0,1.0,0.0,meanflow_descending,pure_prior_noise,zero_fill,1,,,,1.0,1.0,1.0,,,,0.3,adam,,,half_mean_squared_per_measurement,,,,,,,5120,,,not_applicable,not_applicable,method,not_applicable,not_applicable,not_applicable,27.96669627353399,0.7830257149824248,0.1903613805770874,0.10951793938875198,0.35618256006248117,14.987146891703826,0.10709015549069197,0.09962538988693342,26.053199232641685,27.503961494217513,0.827546941632692,0.10103151760995388,27.503961494217513,6231.061003556475,778.8826254445594,1,20484,20484,20480,20480,20480,20484,20480,20480,20480,20480,0,20484,20480,,,,,,,,,,,,0,0,0,0,0.0,,,,,,,,,,,,,,,,,,,,,,,1.0094,6.6165,5.607,"jax_device_memory_stats(peak_bytes_in_use)  [LIFETIME high-water mark: it has no reset API, so it can only over-report this job]",,,,unavailable,2,8,0,0.6366,9.58,42,0,seed=42|model=imf|rep=0,c136b139bc17dfba,3bf57218b76797cc,60a6dc5c91c914cc,source_imagenet_class,8.0,ok,,,2026-09-09T20:10:24.327643
stage2_imf_r3,459797f97274,box_inpainting__dflow__x1,box_inpainting__dflow__x1,box_inpaint,prob_4459e49fb12d0091,323_07_monarch_butterfly,imf,meanflow,jax,latent,dflow,D-Flow,1.0,1.0,0.0,1.0,0.0,meanflow_descending,pure_prior_noise,zero_fill,1,,,,1.0,1.0,1.0,,,,0.3,adam,,,half_mean_squared_per_measurement,,,,,,,5120,,,not_applicable,not_applicable,method,not_applicable,not_applicable,not_applicable,23.137614804891697,0.705218492264624,0.2115362286567688,0.10951793938875198,0.35618256006248117,14.987146891703826,0.10709015549069197,0.09962538988693342,26.053199232641685,27.503961494217513,0.827546941632692,0.10103151760995388,27.503961494217513,6231.061003556475,778.8826254445594,1,20484,20484,20480,20480,20480,20484,20480,20480,20480,20480,0,20484,20480,,,,,,,,,,,,0,0,0,0,0.0,,,,,,,,,,,,,,,,,,,,,,,1.0094,6.6165,5.607,"jax_device_memory_stats(peak_bytes_in_use)  [LIFETIME high-water mark: it has no reset API, so it can only over-report this job]",,,,unavailable,2,8,0,0.6366,9.58,42,0,seed=42|model=imf|rep=0,c136b139bc17dfba,3bf57218b76797cc,60a6dc5c91c914cc,source_imagenet_class,8.0,ok,,,2026-09-09T20:10:24.327643
stage2_imf_r3,dfb5d5b50f6f,box_inpainting__mpc_delta_t__x1,box_inpainting__mpc_delta_t__x1,box_inpaint,prob_4459e49fb12d0091,000_00_tench,imf,meanflow,jax,latent,mpc_delta_t,MPC-delta_t,1.0,1.0,0.0,1.0,0.0,meanflow_descending,pure_prior_noise,zero_fill,,,8,0.125,0.125,0.125,0.125,,1000.0,320,0.3,adam,False,,half_sum_squared,sum_squared,none,,,,,,,,method,method,method,not_applicable,not_applicable,not_applicable,24.069849646232186,0.6079585754064324,0.4303121566772461,0.10457249730825424,0.42678681580339994,13.416380016519225,0.12875502811657294,0.09419010332313997,26.54049444721902,27.503961494217513,0.827546941632692,0.10103151760995388,27.503961494217513,5006.306235932745,625.7882794915931,8,8992,8992,8960,10240,8960,8992,8960,0,0,0,0,10240,0,,,,,,,,,,,,0,0,0,0,0.0,,,,,,,,,,,,,,,,,,,,,,,1.0152,6.5715,5.5563,"jax_device_memory_stats(peak_bytes_in_use)  [LIFETIME high-water mark: it has no reset API, so it can only over-report this job]",,,,unavailable,2,8,0,12.8249,12.41,42,0,seed=42|model=imf|rep=0,c136b139bc17dfba,3bf57218b76797cc,60a6dc5c91c914cc,source_imagenet_class,8.0,ok,,,2026-09-09T19:50:12.417069
stage2_imf_r3,dfb5d5b50f6f,box_inpainting__mpc_delta_t__x1,box_inpainting__mpc_delta_t__x1,box_inpaint,prob_4459e49fb12d0091,039_01_iguana,imf,meanflow,jax,latent,mpc_delta_t,MPC-delta_t,1.0,1.0,0.0,1.0,0.0,meanflow_descending,pure_prior_noise,zero_fill,,,8,0.125,0.125,0.125,0.125,,1000.0,320,0.3,adam,False,,half_sum_squared,sum_squared,none,,,,,,,,method,method,method,not_applicable,not_applicable,not_applicable,21.5826673518821,0.7498552245057962,0.198328897356987,0.10457249730825424,0.42678681580339994,13.416380016519225,0.12875502811657294,0.09419010332313997,26.54049444721902,27.503961494217513,0.827546941632692,0.10103151760995388,27.503961494217513,5006.306235932745,625.7882794915931,8,8992,8992,8960,10240,8960,8992,8960,0,0,0,0,10240,0,,,,,,,,,,,,0,0,0,0,0.0,,,,,,,,,,,,,,,,,,,,,,,1.0152,6.5715,5.5563,"jax_device_memory_stats(peak_bytes_in_use)  [LIFETIME high-water mark: it has no reset API, so it can only over-report this job]",,,,unavailable,2,8,0,12.8249,12.41,42,0,seed=42|model=imf|rep=0,c136b139bc17dfba,3bf57218b76797cc,60a6dc5c91c914cc,source_imagenet_class,8.0,ok,,,2026-09-09T19:50:12.417069
stage2_imf_r3,dfb5d5b50f6f,box_inpainting__mpc_delta_t__x1,box_inpainting__mpc_delta_t__x1,box_inpaint,prob_4459e49fb12d0091,081_02_ptarmigan,imf,meanflow,jax,latent,mpc_delta_t,MPC-delta_t,1.0,1.0,0.0,1.0,0.0,meanflow_descending,pure_prior_noise,zero_fill,,,8,0.125,0.125,0.125,0.125,,1000.0,320,0.3,adam,False,,half_sum_squared,sum_squared,none,,,,,,,,method,method,method,not_applicable,not_applicable,not_applicable,26.818260895952882,0.7886400990711673,0.19585739076137543,0.10457249730825424,0.42678681580339994,13.416380016519225,0.12875502811657294,0.09419010332313997,26.54049444721902,27.503961494217513,0.827546941632692,0.10103151760995388,27.503961494217513,5006.306235932745,625.7882794915931,8,8992,8992,8960,10240,8960,8992,8960,0,0,0,0,10240,0,,,,,,,,,,,,0,0,0,0,0.0,,,,,,,,,,,,,,,,,,,,,,,1.0152,6.5715,5.5563,"jax_device_memory_stats(peak_bytes_in_use)  [LIFETIME high-water mark: it has no reset API, so it can only over-report this job]",,,,unavailable,2,8,0,12.8249,12.41,42,0,seed=42|model=imf|rep=0,c136b139bc17dfba,3bf57218b76797cc,60a6dc5c91c914cc,source_imagenet_class,8.0,ok,,,2026-09-09T19:50:12.417069
stage2_imf_r3,dfb5d5b50f6f,box_inpainting__mpc_delta_t__x1,box_inpainting__mpc_delta_t__x1,box_inpaint,prob_4459e49fb12d0091,088_03_macaw,imf,meanflow,jax,latent,mpc_delta_t,MPC-delta_t,1.0,1.0,0.0,1.0,0.0,meanflow_descending,pure_prior_noise,zero_fill,,,8,0.125,0.125,0.125,0.125,,1000.0,320,0.3,adam,False,,half_sum_squared,sum_squared,none,,,,,,,,method,method,method,not_applicable,not_applicable,not_applicable,24.784436140185196,0.8068040406911073,0.11066801846027374,0.10457249730825424,0.42678681580339994,13.416380016519225,0.12875502811657294,0.09419010332313997,26.54049444721902,27.503961494217513,0.827546941632692,0.10103151760995388,27.503961494217513,5006.306235932745,625.7882794915931,8,8992,8992,8960,10240,8960,8992,8960,0,0,0,0,10240,0,,,,,,,,,,,,0,0,0,0,0.0,,,,,,,,,,,,,,,,,,,,,,,1.0152,6.5715,5.5563,"jax_device_memory_stats(peak_bytes_in_use)  [LIFETIME high-water mark: it has no reset API, so it can only over-report this job]",,,,unavailable,2,8,0,12.8249,12.41,42,0,seed=42|model=imf|rep=0,c136b139bc17dfba,3bf57218b76797cc,60a6dc5c91c914cc,source_imagenet_class,8.0,ok,,,2026-09-09T19:50:12.417069
stage2_imf_r3,dfb5d5b50f6f,box_inpainting__mpc_delta_t__x1,box_inpainting__mpc_delta_t__x1,box_inpaint,prob_4459e49fb12d0091,207_04_golden_retriever,imf,meanflow,jax,latent,mpc_delta_t,MPC-delta_t,1.0,1.0,0.0,1.0,0.0,meanflow_descending,pure_prior_noise,zero_fill,,,8,0.125,0.125,0.125,0.125,,1000.0,320,0.3,adam,False,,half_sum_squared,sum_squared,none,,,,,,,,method,method,method,not_applicable,not_applicable,not_applicable,32.57673276221228,0.8398252536269202,0.14441676437854767,0.10457249730825424,0.42678681580339994,13.416380016519225,0.12875502811657294,0.09419010332313997,26.54049444721902,27.503961494217513,0.827546941632692,0.10103151760995388,27.503961494217513,5006.306235932745,625.7882794915931,8,8992,8992,8960,10240,8960,8992,8960,0,0,0,0,10240,0,,,,,,,,,,,,0,0,0,0,0.0,,,,,,,,,,,,,,,,,,,,,,,1.0152,6.5715,5.5563,"jax_device_memory_stats(peak_bytes_in_use)  [LIFETIME high-water mark: it has no reset API, so it can only over-report this job]",,,,unavailable,2,8,0,12.8249,12.41,42,0,seed=42|model=imf|rep=0,c136b139bc17dfba,3bf57218b76797cc,60a6dc5c91c914cc,source_imagenet_class,8.0,ok,,,2026-09-09T19:50:12.417069
stage2_imf_r3,dfb5d5b50f6f,box_inpainting__mpc_delta_t__x1,box_inpainting__mpc_delta_t__x1,box_inpaint,prob_4459e49fb12d0091,281_05_tabby_cat,imf,meanflow,jax,latent,mpc_delta_t,MPC-delta_t,1.0,1.0,0.0,1.0,0.0,meanflow_descending,pure_prior_noise,zero_fill,,,8,0.125,0.125,0.125,0.125,,1000.0,320,0.3,adam,False,,half_sum_squared,sum_squared,none,,,,,,,,method,method,method,not_applicable,not_applicable,not_applicable,28.02427239205639,0.8293224122124639,0.09868726134300232,0.10457249730825424,0.42678681580339994,13.416380016519225,0.12875502811657294,0.09419010332313997,26.54049444721902,27.503961494217513,0.827546941632692,0.10103151760995388,27.503961494217513,5006.306235932745,625.7882794915931,8,8992,8992,8960,10240,8960,8992,8960,0,0,0,0,10240,0,,,,,,,,,,,,0,0,0,0,0.0,,,,,,,,,,,,,,,,,,,,,,,1.0152,6.5715,5.5563,"jax_device_memory_stats(peak_bytes_in_use)  [LIFETIME high-water mark: it has no reset API, so it can only over-report this job]",,,,unavailable,2,8,0,12.8249,12.41,42,0,seed=42|model=imf|rep=0,c136b139bc17dfba,3bf57218b76797cc,60a6dc5c91c914cc,source_imagenet_class,8.0,ok,,,2026-09-09T19:50:12.417069
stage2_imf_r3,dfb5d5b50f6f,box_inpainting__mpc_delta_t__x1,box_inpainting__mpc_delta_t__x1,box_inpaint,prob_4459e49fb12d0091,291_06_lion,imf,meanflow,jax,latent,mpc_delta_t,MPC-delta_t,1.0,1.0,0.0,1.0,0.0,meanflow_descending,pure_prior_noise,zero_fill,,,8,0.125,0.125,0.125,0.125,,1000.0,320,0.3,adam,False,,half_sum_squared,sum_squared,none,,,,,,,,method,method,method,not_applicable,not_applicable,not_applicable,26.092680544008804,0.8189643012390517,0.19029036164283752,0.10457249730825424,0.42678681580339994,13.416380016519225,0.12875502811657294,0.09419010332313997,26.54049444721902,27.503961494217513,0.827546941632692,0.10103151760995388,27.503961494217513,5006.306235932745,625.7882794915931,8,8992,8992,8960,10240,8960,8992,8960,0,0,0,0,10240,0,,,,,,,,,,,,0,0,0,0,0.0,,,,,,,,,,,,,,,,,,,,,,,1.0152,6.5715,5.5563,"jax_device_memory_stats(peak_bytes_in_use)  [LIFETIME high-water mark: it has no reset API, so it can only over-report this job]",,,,unavailable,2,8,0,12.8249,12.41,42,0,seed=42|model=imf|rep=0,c136b139bc17dfba,3bf57218b76797cc,60a6dc5c91c914cc,source_imagenet_class,8.0,ok,,,2026-09-09T19:50:12.417069
stage2_imf_r3,dfb5d5b50f6f,box_inpainting__mpc_delta_t__x1,box_inpainting__mpc_delta_t__x1,box_inpaint,prob_4459e49fb12d0091,323_07_monarch_butterfly,imf,meanflow,jax,latent,mpc_delta_t,MPC-delta_t,1.0,1.0,0.0,1.0,0.0,meanflow_descending,pure_prior_noise,zero_fill,,,8,0.125,0.125,0.125,0.125,,1000.0,320,0.3,adam,False,,half_sum_squared,sum_squared,none,,,,,,,,method,method,method,not_applicable,not_applicable,not_applicable,22.716792433654067,0.7385834860949924,0.17721718549728394,0.10457249730825424,0.42678681580339994,13.416380016519225,0.12875502811657294,0.09419010332313997,26.54049444721902,27.503961494217513,0.827546941632692,0.10103151760995388,27.503961494217513,5006.306235932745,625.7882794915931,8,8992,8992,8960,10240,8960,8992,8960,0,0,0,0,10240,0,,,,,,,,,,,,0,0,0,0,0.0,,,,,,,,,,,,,,,,,,,,,,,1.0152,6.5715,5.5563,"jax_device_memory_stats(peak_bytes_in_use)  [LIFETIME high-water mark: it has no reset API, so it can only over-report this job]",,,,unavailable,2,8,0,12.8249,12.41,42,0,seed=42|model=imf|rep=0,c136b139bc17dfba,3bf57218b76797cc,60a6dc5c91c914cc,source_imagenet_class,8.0,ok,,,2026-09-09T19:50:12.417069
stage2_imf_r3,0c3c785d8012,box_inpainting__rhso__x1,box_inpainting__rhso__x1,box_inpaint,prob_4459e49fb12d0091,000_00_tench,imf,meanflow,jax,latent,rhso,RHSO,1.0,1.0,0.0,1.0,0.0,meanflow_descending,pure_prior_noise,zero_fill,,,,,0.015625,0.015625,0.015625,,,,0.03,adam,,,half_mean_squared_per_measurement,,,,,,,80,64,0.0,not_applicable,not_applicable,method,not_applicable,not_applicable,method,24.55708113890386,0.618642962389118,0.43078911304473877,0.10504266619682312,0.4553379187155459,12.853923550945673,0.10608573585180069,0.09476687150006542,26.487469039769348,27.503961494217513,0.827546941632692,0.10103151760995388,27.503961494217513,9408.398262460716,1176.0497828075895,64,20736,20736,20480,20480,20480,20736,20480,20480,20480,20480,0,20480,20480,direct,learned_finite_interval_map,,False,False,False,,,,False,,0,0,0,0,0.0,,,,,,,,,,,,,,,,,,,,,,,1.0152,6.5715,5.5563,"jax_device_memory_stats(peak_bytes_in_use)  [LIFETIME high-water mark: it has no reset API, so it can only over-report this job]",,,,unavailable,2,8,0,34.8072,11.9,42,0,seed=42|model=imf|rep=0,c136b139bc17dfba,3bf57218b76797cc,60a6dc5c91c914cc,source_imagenet_class,8.0,ok,,,2026-09-09T21:04:19.471868
stage2_imf_r3,0c3c785d8012,box_inpainting__rhso__x1,box_inpainting__rhso__x1,box_inpaint,prob_4459e49fb12d0091,039_01_iguana,imf,meanflow,jax,latent,rhso,RHSO,1.0,1.0,0.0,1.0,0.0,meanflow_descending,pure_prior_noise,zero_fill,,,,,0.015625,0.015625,0.015625,,,,0.03,adam,,,half_mean_squared_per_measurement,,,,,,,80,64,0.0,not_applicable,not_applicable,method,not_applicable,not_applicable,method,22.076078658179924,0.748828351632152,0.18968796730041504,0.10504266619682312,0.4553379187155459,12.853923550945673,0.10608573585180069,0.09476687150006542,26.487469039769348,27.503961494217513,0.827546941632692,0.10103151760995388,27.503961494217513,9408.398262460716,1176.0497828075895,64,20736,20736,20480,20480,20480,20736,20480,20480,20480,20480,0,20480,20480,direct,learned_finite_interval_map,,False,False,False,,,,False,,0,0,0,0,0.0,,,,,,,,,,,,,,,,,,,,,,,1.0152,6.5715,5.5563,"jax_device_memory_stats(peak_bytes_in_use)  [LIFETIME high-water mark: it has no reset API, so it can only over-report this job]",,,,unavailable,2,8,0,34.8072,11.9,42,0,seed=42|model=imf|rep=0,c136b139bc17dfba,3bf57218b76797cc,60a6dc5c91c914cc,source_imagenet_class,8.0,ok,,,2026-09-09T21:04:19.471868
stage2_imf_r3,0c3c785d8012,box_inpainting__rhso__x1,box_inpainting__rhso__x1,box_inpaint,prob_4459e49fb12d0091,081_02_ptarmigan,imf,meanflow,jax,latent,rhso,RHSO,1.0,1.0,0.0,1.0,0.0,meanflow_descending,pure_prior_noise,zero_fill,,,,,0.015625,0.015625,0.015625,,,,0.03,adam,,,half_mean_squared_per_measurement,,,,,,,80,64,0.0,not_applicable,not_applicable,method,not_applicable,not_applicable,method,25.980131910711002,0.7893907990549042,0.20468714833259583,0.10504266619682312,0.4553379187155459,12.853923550945673,0.10608573585180069,0.09476687150006542,26.487469039769348,27.503961494217513,0.827546941632692,0.10103151760995388,27.503961494217513,9408.398262460716,1176.0497828075895,64,20736,20736,20480,20480,20480,20736,20480,20480,20480,20480,0,20480,20480,direct,learned_finite_interval_map,,False,False,False,,,,False,,0,0,0,0,0.0,,,,,,,,,,,,,,,,,,,,,,,1.0152,6.5715,5.5563,"jax_device_memory_stats(peak_bytes_in_use)  [LIFETIME high-water mark: it has no reset API, so it can only over-report this job]",,,,unavailable,2,8,0,34.8072,11.9,42,0,seed=42|model=imf|rep=0,c136b139bc17dfba,3bf57218b76797cc,60a6dc5c91c914cc,source_imagenet_class,8.0,ok,,,2026-09-09T21:04:19.471868
stage2_imf_r3,0c3c785d8012,box_inpainting__rhso__x1,box_inpainting__rhso__x1,box_inpaint,prob_4459e49fb12d0091,088_03_macaw,imf,meanflow,jax,latent,rhso,RHSO,1.0,1.0,0.0,1.0,0.0,meanflow_descending,pure_prior_noise,zero_fill,,,,,0.015625,0.015625,0.015625,,,,0.03,adam,,,half_mean_squared_per_measurement,,,,,,,80,64,0.0,not_applicable,not_applicable,method,not_applicable,not_applicable,method,23.286192573548643,0.735939291809739,0.15143534541130066,0.10504266619682312,0.4553379187155459,12.853923550945673,0.10608573585180069,0.09476687150006542,26.487469039769348,27.503961494217513,0.827546941632692,0.10103151760995388,27.503961494217513,9408.398262460716,1176.0497828075895,64,20736,20736,20480,20480,20480,20736,20480,20480,20480,20480,0,20480,20480,direct,learned_finite_interval_map,,False,False,False,,,,False,,0,0,0,0,0.0,,,,,,,,,,,,,,,,,,,,,,,1.0152,6.5715,5.5563,"jax_device_memory_stats(peak_bytes_in_use)  [LIFETIME high-water mark: it has no reset API, so it can only over-report this job]",,,,unavailable,2,8,0,34.8072,11.9,42,0,seed=42|model=imf|rep=0,c136b139bc17dfba,3bf57218b76797cc,60a6dc5c91c914cc,source_imagenet_class,8.0,ok,,,2026-09-09T21:04:19.471868
stage2_imf_r3,0c3c785d8012,box_inpainting__rhso__x1,box_inpainting__rhso__x1,box_inpaint,prob_4459e49fb12d0091,207_04_golden_retriever,imf,meanflow,jax,latent,rhso,RHSO,1.0,1.0,0.0,1.0,0.0,meanflow_descending,pure_prior_noise,zero_fill,,,,,0.015625,0.015625,0.015625,,,,0.03,adam,,,half_mean_squared_per_measurement,,,,,,,80,64,0.0,not_applicable,not_applicable,method,not_applicable,not_applicable,method,28.861131966026083,0.8404685847910606,0.15059129893779755,0.10504266619682312,0.4553379187155459,12.853923550945673,0.10608573585180069,0.09476687150006542,26.487469039769348,27.503961494217513,0.827546941632692,0.10103151760995388,27.503961494217513,9408.398262460716,1176.0497828075895,64,20736,20736,20480,20480,20480,20736,20480,20480,20480,20480,0,20480,20480,direct,learned_finite_interval_map,,False,False,False,,,,False,,0,0,0,0,0.0,,,,,,,,,,,,,,,,,,,,,,,1.0152,6.5715,5.5563,"jax_device_memory_stats(peak_bytes_in_use)  [LIFETIME high-water mark: it has no reset API, so it can only over-report this job]",,,,unavailable,2,8,0,34.8072,11.9,42,0,seed=42|model=imf|rep=0,c136b139bc17dfba,3bf57218b76797cc,60a6dc5c91c914cc,source_imagenet_class,8.0,ok,,,2026-09-09T21:04:19.471868
stage2_imf_r3,0c3c785d8012,box_inpainting__rhso__x1,box_inpainting__rhso__x1,box_inpaint,prob_4459e49fb12d0091,281_05_tabby_cat,imf,meanflow,jax,latent,rhso,RHSO,1.0,1.0,0.0,1.0,0.0,meanflow_descending,pure_prior_noise,zero_fill,,,,,0.015625,0.015625,0.015625,,,,0.03,adam,,,half_mean_squared_per_measurement,,,,,,,80,64,0.0,not_applicable,not_applicable,method,not_applicable,not_applicable,method,27.447256687530466,0.830020666114445,0.11244119703769684,0.10504266619682312,0.4553379187155459,12.853923550945673,0.10608573585180069,0.09476687150006542,26.487469039769348,27.503961494217513,0.827546941632692,0.10103151760995388,27.503961494217513,9408.398262460716,1176.0497828075895,64,20736,20736,20480,20480,20480,20736,20480,20480,20480,20480,0,20480,20480,direct,learned_finite_interval_map,,False,False,False,,,,False,,0,0,0,0,0.0,,,,,,,,,,,,,,,,,,,,,,,1.0152,6.5715,5.5563,"jax_device_memory_stats(peak_bytes_in_use)  [LIFETIME high-water mark: it has no reset API, so it can only over-report this job]",,,,unavailable,2,8,0,34.8072,11.9,42,0,seed=42|model=imf|rep=0,c136b139bc17dfba,3bf57218b76797cc,60a6dc5c91c914cc,source_imagenet_class,8.0,ok,,,2026-09-09T21:04:19.471868
stage2_imf_r3,0c3c785d8012,box_inpainting__rhso__x1,box_inpainting__rhso__x1,box_inpaint,prob_4459e49fb12d0091,291_06_lion,imf,meanflow,jax,latent,rhso,RHSO,1.0,1.0,0.0,1.0,0.0,meanflow_descending,pure_prior_noise,zero_fill,,,,,0.015625,0.015625,0.015625,,,,0.03,adam,,,half_mean_squared_per_measurement,,,,,,,80,64,0.0,not_applicable,not_applicable,method,not_applicable,not_applicable,method,25.308115733461225,0.8244307365887611,0.20793654024600983,0.10504266619682312,0.4553379187155459,12.853923550945673,0.10608573585180069,0.09476687150006542,26.487469039769348,27.503961494217513,0.827546941632692,0.10103151760995388,27.503961494217513,9408.398262460716,1176.0497828075895,64,20736,20736,20480,20480,20480,20736,20480,20480,20480,20480,0,20480,20480,direct,learned_finite_interval_map,,False,False,False,,,,False,,0,0,0,0,0.0,,,,,,,,,,,,,,,,,,,,,,,1.0152,6.5715,5.5563,"jax_device_memory_stats(peak_bytes_in_use)  [LIFETIME high-water mark: it has no reset API, so it can only over-report this job]",,,,unavailable,2,8,0,34.8072,11.9,42,0,seed=42|model=imf|rep=0,c136b139bc17dfba,3bf57218b76797cc,60a6dc5c91c914cc,source_imagenet_class,8.0,ok,,,2026-09-09T21:04:19.471868
stage2_imf_r3,0c3c785d8012,box_inpainting__rhso__x1,box_inpainting__rhso__x1,box_inpaint,prob_4459e49fb12d0091,323_07_monarch_butterfly,imf,meanflow,jax,latent,rhso,RHSO,1.0,1.0,0.0,1.0,0.0,meanflow_descending,pure_prior_noise,zero_fill,,,,,0.015625,0.015625,0.015625,,,,0.03,adam,,,half_mean_squared_per_measurement,,,,,,,80,64,0.0,not_applicable,not_applicable,method,not_applicable,not_applicable,method,23.294136173679732,0.7423724218844384,0.16539567708969116,0.10504266619682312,0.4553379187155459,12.853923550945673,0.10608573585180069,0.09476687150006542,26.487469039769348,27.503961494217513,0.827546941632692,0.10103151760995388,27.503961494217513,9408.398262460716,1176.0497828075895,64,20736,20736,20480,20480,20480,20736,20480,20480,20480,20480,0,20480,20480,direct,learned_finite_interval_map,,False,False,False,,,,False,,0,0,0,0,0.0,,,,,,,,,,,,,,,,,,,,,,,1.0152,6.5715,5.5563,"jax_device_memory_stats(peak_bytes_in_use)  [LIFETIME high-water mark: it has no reset API, so it can only over-report this job]",,,,unavailable,2,8,0,34.8072,11.9,42,0,seed=42|model=imf|rep=0,c136b139bc17dfba,3bf57218b76797cc,60a6dc5c91c914cc,source_imagenet_class,8.0,ok,,,2026-09-09T21:04:19.471868
