run_id,job_id,task,experiment,problem,problem_key,image_id,model,model_family,framework,state_space,method,method_title,t0,beta,canonical_start_time,native_start_time,native_end_time,native_time_mapping,initialization_kind,initialization_guide_mode,steps,solver,num_mpc_steps,delta,delta_nominal_uniform,delta_min,delta_max,K,lam,n_ctrl,lr,optimizer,warm_start,grad_clip,phi_normalization,control_cost_normalization,delta_t_lambda_scaling,num_pnp_steps,gamma0,alpha,noise_samples,num_opt_steps,num_rhso_steps,mu,hyperparameter_source_lam,hyperparameter_source_n_ctrl,hyperparameter_source_lr,hyperparameter_source_gamma0,hyperparameter_source_alpha,hyperparameter_source_mu,psnr,ssim,lpips,measurement_rmse,missing_rmse,missing_psnr,missing_ssim,observed_rmse,observed_psnr,degraded_psnr,degraded_ssim,degraded_lpips,guide_psnr,runtime,runtime_per_image,reconstruction_steps,network_forwards,model_evaluations,planning_model_evaluations,control_iterations,backprops_through_model,expected_model_evaluations,expected_backprops,objective_evaluations,data_gradient_evaluations,optimizer_iterations,denoiser_samples,expected_objective_evaluations,expected_data_gradients,rhso_terminal_mode,rhso_terminal_planner,rhso_consistency_kind,rhso_stage_diagnostics,rhso_consistency_diagnostics,rhso_jacobian_diagnostics,rhso_jacobian_probes,rhso_jacobian_power_iters,rhso_jacobian_seed,rhso_gradient_authority_diagnostics,measurement_noise_group,diagnostic_model_evaluations,diagnostic_network_forwards,diagnostic_jvps,diagnostic_vjps,diagnostic_seconds,stage_count,stage_delta_first,stage_delta_last,stage_delta_per_step_first,stage_delta_per_step_last,stage_theta_first,stage_theta_last,stage_v_pre_first,stage_v_post_last,endpoint_shift_native_relative_mean,endpoint_shift_pixel_rmse_mean,fidelity_shift_execution_mean,next_stage_recovery_mean,jacobian_sigma_max_first,jacobian_sigma_max_last,jacobian_log_anisotropy_first,jacobian_log_anisotropy_last,gradient_aligned_authority_first,gradient_aligned_authority_last,gradient_aligned_authority_mean,endpoint_fidelity_grad_norm_mean,state_fidelity_grad_norm_mean,gpu_baseline_gib,gpu_peak_gib,gpu_incremental_peak_gib,gpu_memory_source,gpu_process_baseline_gib,gpu_process_peak_gib,gpu_process_incremental_peak_gib,gpu_process_memory_source,batch_size,num_images,padded_items,warmup_seconds,model_load_seconds,seed,replicate,generative_noise_id,measurement_id,guide_id,initial_state_fingerprint,conditioning_label,cfg_scale,status,failure,output_dir,timestamp
stage2_jit,1d1f5f32d471,denoising__sdedit__c1,denoising__sdedit__c1,denoising,prob_114badd1eeb1e559,ALL,jit,standard_flow,torch,pixel,sdedit,SDEdit,1.0,1.0,0.0,0.0,1.0,flow_ascending,pure_prior_noise,identity,8,heun,,,0.125,0.125,0.125,,,,,,,,,,,,,,,,,,not_applicable,not_applicable,not_applicable,not_applicable,not_applicable,not_applicable,10.136560848884644,-0.006214087278447855,0.7196521237492561,0.719852864742279,,,,,,20.460494989421008,0.40600529352712283,0.4711836613714695,20.460494989421008,3.639800793491304,0.454975099186413,8,60,30,0,0,0,30,0,0,0,0,0,0,0,,,,,,,,,,,,0,0,0,0,0.0,,,,,,,,,,,,,,,,,,,,,,,0.3209,0.4018,0.0808,torch.cuda.max_memory_allocated,,,,unavailable,4,8,0,1.8236,2.34,42,0,seed=42|model=jit|rep=0,a5f596e7c82cd3db,2b589d88aa3382a8,54f1d6fb09baa24b,source_imagenet_class,3.0,ok,,,2026-09-09T11:02:08.325113
stage2_jit,e0d97feb1247,denoising__sdedit__c2,denoising__sdedit__c2,denoising,prob_114badd1eeb1e559,ALL,jit,standard_flow,torch,pixel,sdedit,SDEdit,1.0,1.0,0.0,0.0,1.0,flow_ascending,pure_prior_noise,identity,25,heun,,,0.04,0.039999999999999925,0.040000000000000036,,,,,,,,,,,,,,,,,,not_applicable,not_applicable,not_applicable,not_applicable,not_applicable,not_applicable,9.220865860470195,-0.010504913378455216,0.7151687070727348,0.7961297035217285,,,,,,20.460494989421008,0.40600529352712283,0.4711836613714695,20.460494989421008,11.845332912169397,1.4806666140211746,25,196,98,0,0,0,98,0,0,0,0,0,0,0,,,,,,,,,,,,0,0,0,0,0.0,,,,,,,,,,,,,,,,,,,,,,,0.3209,0.4018,0.0808,torch.cuda.max_memory_allocated,,,,unavailable,4,8,0,5.9408,2.34,42,0,seed=42|model=jit|rep=0,a5f596e7c82cd3db,2b589d88aa3382a8,54f1d6fb09baa24b,source_imagenet_class,3.0,ok,,,2026-09-09T11:02:26.781674
stage2_jit,4294a8e8e033,denoising__sdedit__c3,denoising__sdedit__c3,denoising,prob_114badd1eeb1e559,ALL,jit,standard_flow,torch,pixel,sdedit,SDEdit,1.0,1.0,0.0,0.0,1.0,flow_ascending,pure_prior_noise,identity,4,heun,,,0.25,0.25,0.25,,,,,,,,,,,,,,,,,,not_applicable,not_applicable,not_applicable,not_applicable,not_applicable,not_applicable,10.867823917152265,-0.0039540210828773875,0.7590596228837967,0.6780075430870056,,,,,,20.460494989421008,0.40600529352712283,0.4711836613714695,20.460494989421008,1.6411324450746179,0.20514155563432723,4,28,14,0,0,0,14,0,0,0,0,0,0,0,,,,,,,,,,,,0,0,0,0,0.0,,,,,,,,,,,,,,,,,,,,,,,0.3209,0.4018,0.0808,torch.cuda.max_memory_allocated,,,,unavailable,4,8,0,0.8843,2.34,42,0,seed=42|model=jit|rep=0,a5f596e7c82cd3db,2b589d88aa3382a8,54f1d6fb09baa24b,source_imagenet_class,3.0,ok,,,2026-09-09T11:02:29.964647
stage2_jit,251bbdff2d11,denoising__pnp__c1,denoising__pnp__c1,denoising,prob_114badd1eeb1e559,ALL,jit,standard_flow,torch,pixel,pnp,PnP-Flow,1.0,1.0,0.0,0.0,1.0,flow_ascending,pure_prior_noise,identity,,,,,0.0196078431372549,0.019607843137254832,0.019607843137254943,,,,,,,,half_mean_squared_per_measurement,,,50,400000.0,0.75,1,,,,not_applicable,not_applicable,not_applicable,method,method,not_applicable,27.837404948981852,0.7801788386507789,0.102015127427876,0.19080141186714172,,,,,,20.460494989421008,0.40600529352712283,0.4711836613714695,20.460494989421008,18.35645523108542,2.2945569038856775,50,204,102,0,0,0,102,0,100,100,0,102,100,100,,,,,,,,,,,,0,0,0,0,0.0,,,,,,,,,,,,,,,,,,,,,,,0.3209,0.4144,0.0935,torch.cuda.max_memory_allocated,,,,unavailable,4,8,0,9.307,2.34,42,0,seed=42|model=jit|rep=0,a5f596e7c82cd3db,2b589d88aa3382a8,54f1d6fb09baa24b,source_imagenet_class,3.0,ok,,,2026-09-09T10:29:44.033170
stage2_jit,683fddc6864f,denoising__pnp__c2,denoising__pnp__c2,denoising,prob_114badd1eeb1e559,ALL,jit,standard_flow,torch,pixel,pnp,PnP-Flow,1.0,1.0,0.0,0.0,1.0,flow_ascending,pure_prior_noise,identity,,,,,0.0196078431372549,0.019607843137254832,0.019607843137254943,,,,,,,,half_mean_squared_per_measurement,,,50,200000.0,0.5,1,,,,not_applicable,not_applicable,not_applicable,method,method,not_applicable,27.996214218860146,0.7813424172421969,0.09857748914510012,0.18643641471862793,,,,,,20.460494989421008,0.40600529352712283,0.4711836613714695,20.460494989421008,17.992576021701097,2.249072002712637,50,204,102,0,0,0,102,0,100,100,0,102,100,100,,,,,,,,,,,,0,0,0,0,0.0,,,,,,,,,,,,,,,,,,,,,,,0.3209,0.4149,0.0939,torch.cuda.max_memory_allocated,,,,unavailable,4,8,0,9.307,2.34,42,0,seed=42|model=jit|rep=0,a5f596e7c82cd3db,2b589d88aa3382a8,54f1d6fb09baa24b,source_imagenet_class,3.0,ok,,,2026-09-09T10:30:02.750933
stage2_jit,2fc7091ce3b3,denoising__pnp__c3,denoising__pnp__c3,denoising,prob_114badd1eeb1e559,ALL,jit,standard_flow,torch,pixel,pnp,PnP-Flow,1.0,1.0,0.0,0.0,1.0,flow_ascending,pure_prior_noise,identity,,,,,0.047619047619047616,0.04761904761904756,0.04761904761904767,,,,,,,,half_mean_squared_per_measurement,,,20,400000.0,0.75,1,,,,not_applicable,not_applicable,not_applicable,method,method,not_applicable,28.13950773180607,0.7961862309269316,0.10250017000362277,0.2048349678516388,,,,,,20.460494989421008,0.40600529352712283,0.4711836613714695,20.460494989421008,7.56607723236084,0.945759654045105,20,84,42,0,0,0,42,0,40,40,0,42,40,40,,,,,,,,,,,,0,0,0,0,0.0,,,,,,,,,,,,,,,,,,,,,,,0.3209,0.4144,0.0935,torch.cuda.max_memory_allocated,,,,unavailable,4,8,0,3.852,2.34,42,0,seed=42|model=jit|rep=0,a5f596e7c82cd3db,2b589d88aa3382a8,54f1d6fb09baa24b,source_imagenet_class,3.0,ok,,,2026-09-09T10:30:14.849888
stage2_jit,f8b9adfb106a,denoising__dflow__c1,denoising__dflow__c1,denoising,prob_114badd1eeb1e559,ALL,jit,standard_flow,torch,pixel,dflow,D-Flow,1.0,1.0,0.0,0.0,1.0,flow_ascending,pure_prior_noise,identity,1,euler,,,1.0,1.0,1.0,,,,0.3,adam,,,half_mean_squared_per_measurement,,,,,,,640,,,not_applicable,not_applicable,method,not_applicable,not_applicable,not_applicable,23.37544526471787,0.5276752841236338,0.480167455971241,0.2458110898733139,,,,,,20.460494989421008,0.40600529352712283,0.4711836613714695,20.460494989421008,349.98624315299094,43.74828039412387,1,2564,1282,1280,1280,1280,1282,1280,1280,1280,1280,0,1282,1280,,,,,,,,,,,,0,0,0,0,0.0,,,,,,,,,,,,,,,,,,,,,,,0.3209,1.7839,1.4629,torch.cuda.max_memory_allocated,,,,unavailable,4,8,0,0.6089,2.51,42,0,seed=42|model=jit|rep=0,a5f596e7c82cd3db,2b589d88aa3382a8,54f1d6fb09baa24b,source_imagenet_class,3.0,ok,,,2026-09-09T11:41:57.497173
stage2_jit,974dba1874b9,denoising__dflow__c2,denoising__dflow__c2,denoising,prob_114badd1eeb1e559,ALL,jit,standard_flow,torch,pixel,dflow,D-Flow,1.0,1.0,0.0,0.0,1.0,flow_ascending,pure_prior_noise,identity,1,euler,,,1.0,1.0,1.0,,,,0.1,adam,,,half_mean_squared_per_measurement,,,,,,,640,,,not_applicable,not_applicable,method,not_applicable,not_applicable,not_applicable,22.81747947473925,0.49149498778368583,0.5277784690260887,0.2532801032066345,,,,,,20.460494989421008,0.40600529352712283,0.4711836613714695,20.460494989421008,332.2040236061439,41.52550295076799,1,2564,1282,1280,1280,1280,1282,1280,1280,1280,1280,0,1282,1280,,,,,,,,,,,,0,0,0,0,0.0,,,,,,,,,,,,,,,,,,,,,,,0.3209,1.7841,1.4631,torch.cuda.max_memory_allocated,,,,unavailable,4,8,0,0.6089,2.51,42,0,seed=42|model=jit|rep=0,a5f596e7c82cd3db,2b589d88aa3382a8,54f1d6fb09baa24b,source_imagenet_class,3.0,ok,,,2026-09-09T11:47:30.479213
stage2_jit,02f66ee2b935,denoising__dflow__c3,denoising__dflow__c3,denoising,prob_114badd1eeb1e559,ALL,jit,standard_flow,torch,pixel,dflow,D-Flow,1.0,1.0,0.0,0.0,1.0,flow_ascending,pure_prior_noise,identity,1,euler,,,1.0,1.0,1.0,,,,0.3,adam,,,half_mean_squared_per_measurement,,,,,,,320,,,not_applicable,not_applicable,method,not_applicable,not_applicable,not_applicable,21.37397935506599,0.4107820567791799,0.6044275499880314,0.273222416639328,,,,,,20.460494989421008,0.40600529352712283,0.4711836613714695,20.460494989421008,145.23078059311956,18.153847574139945,1,1284,642,640,640,640,642,640,640,640,640,0,642,640,,,,,,,,,,,,0,0,0,0,0.0,,,,,,,,,,,,,,,,,,,,,,,0.3209,1.7841,1.4631,torch.cuda.max_memory_allocated,,,,unavailable,4,8,0,0.6089,2.51,42,0,seed=42|model=jit|rep=0,a5f596e7c82cd3db,2b589d88aa3382a8,54f1d6fb09baa24b,source_imagenet_class,3.0,ok,,,2026-09-09T11:49:56.524939
stage2_jit,eb591eb70b8e,denoising__dflow__c4,denoising__dflow__c4,denoising,prob_114badd1eeb1e559,ALL,jit,standard_flow,torch,pixel,dflow,D-Flow,1.0,1.0,0.0,0.0,1.0,flow_ascending,pure_prior_noise,identity,1,euler,,,1.0,1.0,1.0,,,,0.03,adam,,,half_mean_squared_per_measurement,,,,,,,320,,,not_applicable,not_applicable,method,not_applicable,not_applicable,not_applicable,19.2185127275868,0.3171121403188786,0.7195638939738274,0.30822649598121643,,,,,,20.460494989421008,0.40600529352712283,0.4711836613714695,20.460494989421008,240.8088871082291,30.101110888528638,1,1284,642,640,640,640,642,640,640,640,640,0,642,640,,,,,,,,,,,,0,0,0,0,0.0,,,,,,,,,,,,,,,,,,,,,,,0.3209,1.7841,1.4631,torch.cuda.max_memory_allocated,,,,unavailable,4,8,0,0.6089,2.51,42,0,seed=42|model=jit|rep=0,a5f596e7c82cd3db,2b589d88aa3382a8,54f1d6fb09baa24b,source_imagenet_class,3.0,ok,,,2026-09-09T11:53:58.209728
stage2_jit,4e4ae2654d4b,denoising__dflow__c5,denoising__dflow__c5,denoising,prob_114badd1eeb1e559,ALL,jit,standard_flow,torch,pixel,dflow,D-Flow,1.0,1.0,0.0,0.0,1.0,flow_ascending,pure_prior_noise,identity,1,euler,,,1.0,1.0,1.0,,,,0.3,adam,,,half_mean_squared_per_measurement,,,,,,,1280,,,not_applicable,not_applicable,method,not_applicable,not_applicable,not_applicable,25.10870871086957,0.6287054468968784,0.3780239559710026,0.2251415103673935,,,,,,20.460494989421008,0.40600529352712283,0.4711836613714695,20.460494989421008,803.059073118493,100.38238413981162,1,5124,2562,2560,2560,2560,2562,2560,2560,2560,2560,0,2562,2560,,,,,,,,,,,,0,0,0,0,0.0,,,,,,,,,,,,,,,,,,,,,,,0.3209,1.7841,1.4631,torch.cuda.max_memory_allocated,,,,unavailable,4,8,0,0.6089,2.51,42,0,seed=42|model=jit|rep=0,a5f596e7c82cd3db,2b589d88aa3382a8,54f1d6fb09baa24b,source_imagenet_class,3.0,ok,,,2026-09-09T12:07:22.226568
stage2_jit,5974f0896b6b,denoising__dflow__c6,denoising__dflow__c6,denoising,prob_114badd1eeb1e559,ALL,jit,standard_flow,torch,pixel,dflow,D-Flow,1.0,1.0,0.0,0.0,1.0,flow_ascending,pure_prior_noise,identity,1,euler,,,1.0,1.0,1.0,,,,0.95,adam,,,half_mean_squared_per_measurement,,,,,,,640,,,not_applicable,not_applicable,method,not_applicable,not_applicable,not_applicable,22.72469165294472,0.48817303882699953,0.5196227133274078,0.25307145714759827,,,,,,20.460494989421008,0.40600529352712283,0.4711836613714695,20.460494989421008,251.63457754347473,31.45432219293434,1,2564,1282,1280,1280,1280,1282,1280,1280,1280,1280,0,1282,1280,,,,,,,,,,,,0,0,0,0,0.0,,,,,,,,,,,,,,,,,,,,,,,0.3209,1.7841,1.4631,torch.cuda.max_memory_allocated,,,,unavailable,4,8,0,0.6089,2.51,42,0,seed=42|model=jit|rep=0,a5f596e7c82cd3db,2b589d88aa3382a8,54f1d6fb09baa24b,source_imagenet_class,3.0,ok,,,2026-09-09T12:11:34.580965
stage2_jit,5230a3d0a890,denoising__mpc_rhc__c1,denoising__mpc_rhc__c1,denoising,prob_114badd1eeb1e559,ALL,jit,standard_flow,torch,pixel,mpc_rhc,MPC-RHC (K=2),1.0,1.0,0.0,0.0,1.0,flow_ascending,pure_prior_noise,identity,,,4,0.25,0.25,0.25,0.25,2,15.0,40,0.05,adam,False,,half_sum_squared,sum_squared,,,,,,,,,method,method,method,not_applicable,not_applicable,not_applicable,28.289675061847362,0.7874884679002476,0.11442277999594808,0.2047341912984848,,,,,,20.460494989421008,0.40600529352712283,0.4711836613714695,20.460494989421008,103.80902199074626,12.976127748843282,4,656,328,320,320,320,328,320,0,0,0,0,320,0,,,,,,,,,,,,0,0,0,0,0.0,,,,,,,,,,,,,,,,,,,,,,,0.3209,1.8201,1.4991,torch.cuda.max_memory_allocated,,,,unavailable,4,8,0,2.0927,2.34,42,0,seed=42|model=jit|rep=0,a5f596e7c82cd3db,2b589d88aa3382a8,54f1d6fb09baa24b,source_imagenet_class,3.0,ok,,,2026-09-09T10:25:46.084058
stage2_jit,ccf0e42aee0d,denoising__mpc_rhc__c2,denoising__mpc_rhc__c2,denoising,prob_114badd1eeb1e559,ALL,jit,standard_flow,torch,pixel,mpc_rhc,MPC-RHC (K=2),1.0,1.0,0.0,0.0,1.0,flow_ascending,pure_prior_noise,identity,,,4,0.25,0.25,0.25,0.25,2,30.0,40,0.2,adam,False,,half_sum_squared,sum_squared,,,,,,,,,method,method,method,not_applicable,not_applicable,not_applicable,28.064699120689852,0.773055214825754,0.13295306731015444,0.20172950625419617,,,,,,20.460494989421008,0.40600529352712283,0.4711836613714695,20.460494989421008,103.62636459153146,12.953295573941432,4,656,328,320,320,320,328,320,0,0,0,0,320,0,,,,,,,,,,,,0,0,0,0,0.0,,,,,,,,,,,,,,,,,,,,,,,0.3209,1.8181,1.4972,torch.cuda.max_memory_allocated,,,,unavailable,4,8,0,2.0927,2.34,42,0,seed=42|model=jit|rep=0,a5f596e7c82cd3db,2b589d88aa3382a8,54f1d6fb09baa24b,source_imagenet_class,3.0,ok,,,2026-09-09T10:27:30.679515
stage2_jit,02621aacede6,denoising__mpc_rhc__c3,denoising__mpc_rhc__c3,denoising,prob_114badd1eeb1e559,ALL,jit,standard_flow,torch,pixel,mpc_rhc,MPC-RHC (K=2),1.0,1.0,0.0,0.0,1.0,flow_ascending,pure_prior_noise,identity,,,4,0.25,0.25,0.25,0.25,2,15.0,40,0.2,adam,False,,half_sum_squared,sum_squared,,,,,,,,,method,method,method,not_applicable,not_applicable,not_applicable,28.446519401671893,0.7862365578493488,0.11724538961425424,0.20472854375839233,,,,,,20.460494989421008,0.40600529352712283,0.4711836613714695,20.460494989421008,103.5949486605823,12.949368582572788,4,656,328,320,320,320,328,320,0,0,0,0,320,0,,,,,,,,,,,,0,0,0,0,0.0,,,,,,,,,,,,,,,,,,,,,,,0.3209,1.8181,1.4972,torch.cuda.max_memory_allocated,,,,unavailable,4,8,0,2.0927,2.34,42,0,seed=42|model=jit|rep=0,a5f596e7c82cd3db,2b589d88aa3382a8,54f1d6fb09baa24b,source_imagenet_class,3.0,ok,,,2026-09-09T10:29:15.065420
stage2_jit,7f12997c72d1,denoising__mpc_delta_t__c1,denoising__mpc_delta_t__c1,denoising,prob_114badd1eeb1e559,ALL,jit,standard_flow,torch,pixel,mpc_delta_t,MPC-delta_t,1.0,1.0,0.0,0.0,1.0,flow_ascending,pure_prior_noise,identity,,,8,0.125,0.125,0.125,0.125,,30.0,40,0.3,adam,False,,half_sum_squared,sum_squared,none,,,,,,,,method,method,method,not_applicable,not_applicable,not_applicable,27.292288649695056,0.7107504181731821,0.18981901928782463,0.1790265589952469,,,,,,20.460494989421008,0.40600529352712283,0.4711836613714695,20.460494989421008,101.34705522749573,12.668381903436966,8,1152,576,560,640,560,576,560,0,0,0,0,640,0,,,,,,,,,,,,0,0,0,0,0.0,,,,,,,,,,,,,,,,,,,,,,,0.3209,1.8046,1.4837,torch.cuda.max_memory_allocated,,,,unavailable,4,8,0,1.9831,2.51,42,0,seed=42|model=jit|rep=0,a5f596e7c82cd3db,2b589d88aa3382a8,54f1d6fb09baa24b,source_imagenet_class,3.0,ok,,,2026-09-09T12:13:18.607368
stage2_jit,07193a82320d,denoising__mpc_delta_t__c2,denoising__mpc_delta_t__c2,denoising,prob_114badd1eeb1e559,ALL,jit,standard_flow,torch,pixel,mpc_delta_t,MPC-delta_t,1.0,1.0,0.0,0.0,1.0,flow_ascending,pure_prior_noise,identity,,,8,0.125,0.125,0.125,0.125,,30.0,20,0.3,adam,False,,half_sum_squared,sum_squared,none,,,,,,,,method,method,method,not_applicable,not_applicable,not_applicable,27.31207380380696,0.7102337012330443,0.18538899719715118,0.1772356778383255,,,,,,20.460494989421008,0.40600529352712283,0.4711836613714695,20.460494989421008,51.190001701936126,6.398750212742016,8,592,296,280,320,280,296,280,0,0,0,0,320,0,,,,,,,,,,,,0,0,0,0,0.0,,,,,,,,,,,,,,,,,,,,,,,0.3209,1.8058,1.4848,torch.cuda.max_memory_allocated,,,,unavailable,4,8,0,1.9831,2.51,42,0,seed=42|model=jit|rep=0,a5f596e7c82cd3db,2b589d88aa3382a8,54f1d6fb09baa24b,source_imagenet_class,3.0,ok,,,2026-09-09T12:14:10.471267
stage2_jit,dc7395396b9b,denoising__mpc_delta_t__c3,denoising__mpc_delta_t__c3,denoising,prob_114badd1eeb1e559,ALL,jit,standard_flow,torch,pixel,mpc_delta_t,MPC-delta_t,1.0,1.0,0.0,0.0,1.0,flow_ascending,pure_prior_noise,identity,,,8,0.125,0.125,0.125,0.125,,30.0,40,0.15,adam,False,,half_sum_squared,sum_squared,none,,,,,,,,method,method,method,not_applicable,not_applicable,not_applicable,27.249992325247,0.708788551006949,0.19122879300266504,0.17931078374385834,,,,,,20.460494989421008,0.40600529352712283,0.4711836613714695,20.460494989421008,80.70872311200947,10.088590389001183,8,1152,576,560,640,560,576,560,0,0,0,0,640,0,,,,,,,,,,,,0,0,0,0,0.0,,,,,,,,,,,,,,,,,,,,,,,0.3209,1.8054,1.4844,torch.cuda.max_memory_allocated,,,,unavailable,4,8,0,1.9831,2.51,42,0,seed=42|model=jit|rep=0,a5f596e7c82cd3db,2b589d88aa3382a8,54f1d6fb09baa24b,source_imagenet_class,3.0,ok,,,2026-09-09T12:15:31.849931
stage2_jit,a645cba9ed49,denoising__mpc_delta_t__c4,denoising__mpc_delta_t__c4,denoising,prob_114badd1eeb1e559,ALL,jit,standard_flow,torch,pixel,mpc_delta_t,MPC-delta_t,1.0,1.0,0.0,0.0,1.0,flow_ascending,pure_prior_noise,identity,,,8,0.125,0.125,0.125,0.125,,30.0,40,0.1,adam,False,,half_sum_squared,sum_squared,none,,,,,,,,method,method,method,not_applicable,not_applicable,not_applicable,27.219545785972176,0.7069035107733798,0.1922097336500883,0.17927920818328857,,,,,,20.460494989421008,0.40600529352712283,0.4711836613714695,20.460494989421008,87.43354162760079,10.929192703450099,8,1152,576,560,640,560,576,560,0,0,0,0,640,0,,,,,,,,,,,,0,0,0,0,0.0,,,,,,,,,,,,,,,,,,,,,,,0.3209,1.8054,1.4844,torch.cuda.max_memory_allocated,,,,unavailable,4,8,0,1.9831,2.51,42,0,seed=42|model=jit|rep=0,a5f596e7c82cd3db,2b589d88aa3382a8,54f1d6fb09baa24b,source_imagenet_class,3.0,ok,,,2026-09-09T12:16:59.951173
stage2_jit,5a612815491b,denoising__mpc_delta_t__c5,denoising__mpc_delta_t__c5,denoising,prob_114badd1eeb1e559,ALL,jit,standard_flow,torch,pixel,mpc_delta_t,MPC-delta_t,1.0,1.0,0.0,0.0,1.0,flow_ascending,pure_prior_noise,identity,,,16,0.0625,0.0625,0.0625,0.0625,,30.0,40,0.3,adam,False,,half_sum_squared,sum_squared,none,,,,,,,,method,method,method,not_applicable,not_applicable,not_applicable,24.872969021307192,0.6391245535482399,0.3085464481264353,0.22349466383457184,,,,,,20.460494989421008,0.40600529352712283,0.4711836613714695,20.460494989421008,160.3152834577486,20.039410432218574,16,2464,1232,1200,1280,1200,1232,1200,0,0,0,0,1280,0,,,,,,,,,,,,0,0,0,0,0.0,,,,,,,,,,,,,,,,,,,,,,,0.3209,1.8051,1.4842,torch.cuda.max_memory_allocated,,,,unavailable,4,8,0,3.4657,2.51,42,0,seed=42|model=jit|rep=0,a5f596e7c82cd3db,2b589d88aa3382a8,54f1d6fb09baa24b,source_imagenet_class,3.0,ok,,,2026-09-09T12:19:44.417867
stage2_jit,a24d059e92cf,denoising__mpc_delta_t__c6,denoising__mpc_delta_t__c6,denoising,prob_114badd1eeb1e559,ALL,jit,standard_flow,torch,pixel,mpc_delta_t,MPC-delta_t,1.0,1.0,0.0,0.0,1.0,flow_ascending,pure_prior_noise,identity,,,8,0.125,0.125,0.125,0.125,,30.0,80,0.3,adam,False,,half_sum_squared,sum_squared,none,,,,,,,,method,method,method,not_applicable,not_applicable,not_applicable,27.287506115831007,0.7100379962681204,0.18926971405744553,0.17901258170604706,,,,,,20.460494989421008,0.40600529352712283,0.4711836613714695,20.460494989421008,145.35054507199675,18.168818133999594,8,2272,1136,1120,1280,1120,1136,1120,0,0,0,0,1280,0,,,,,,,,,,,,0,0,0,0,0.0,,,,,,,,,,,,,,,,,,,,,,,0.3209,1.8058,1.4848,torch.cuda.max_memory_allocated,,,,unavailable,4,8,0,1.9831,2.51,42,0,seed=42|model=jit|rep=0,a5f596e7c82cd3db,2b589d88aa3382a8,54f1d6fb09baa24b,source_imagenet_class,3.0,ok,,,2026-09-09T12:22:10.539925
stage2_jit,5eb4f2c170a9,denoising__mpc_delta_t__c7,denoising__mpc_delta_t__c7,denoising,prob_114badd1eeb1e559,ALL,jit,standard_flow,torch,pixel,mpc_delta_t,MPC-delta_t,1.0,1.0,0.0,0.0,1.0,flow_ascending,pure_prior_noise,identity,,,8,0.125,0.125,0.125,0.125,,30.0,40,0.55,adam,False,,half_sum_squared,sum_squared,none,,,,,,,,method,method,method,not_applicable,not_applicable,not_applicable,27.30877032936413,0.7114659874901739,0.1908996645361185,0.1793718785047531,,,,,,20.460494989421008,0.40600529352712283,0.4711836613714695,20.460494989421008,181.35898015927523,22.669872519909404,8,1152,576,560,640,560,576,560,0,0,0,0,640,0,,,,,,,,,,,,0,0,0,0,0.0,,,,,,,,,,,,,,,,,,,,,,,0.3209,1.7915,1.4706,torch.cuda.max_memory_allocated,,,,unavailable,4,8,0,3.3171,2.34,42,0,seed=42|model=jit|rep=0,a5f596e7c82cd3db,2b589d88aa3382a8,54f1d6fb09baa24b,source_imagenet_class,3.0,ok,,,2026-09-09T10:23:59.175060
stage2_jit,4bd2a71e9ed9,denoising__rhso__c1,denoising__rhso__c1,denoising,prob_114badd1eeb1e559,ALL,jit,standard_flow,torch,pixel,rhso,RHSO,1.0,1.0,0.0,0.0,1.0,flow_ascending,pure_prior_noise,identity,,heun,,,0.25,0.25,0.25,,,,0.005,adam,,,half_mean_squared_per_measurement,,,,,,,40,4,0.2,not_applicable,not_applicable,method,not_applicable,not_applicable,method,27.408287380767007,0.7837735865364255,0.13431271631270647,0.21080158650875092,,,,,,20.460494989421008,0.40600529352712283,0.4711836613714695,20.460494989421008,411.84266341198236,51.480332926497795,4,2588,1294,1280,320,1280,1294,1280,320,320,320,0,320,320,suffix,suffix_integration,,False,False,False,,,,False,,0,0,0,0,0.0,,,,,,,,,,,,,,,,,,,,,,,0.3209,10.2893,9.9683,torch.cuda.max_memory_allocated,,,,unavailable,4,8,0,8.4889,2.34,42,0,seed=42|model=jit|rep=0,a5f596e7c82cd3db,2b589d88aa3382a8,54f1d6fb09baa24b,source_imagenet_class,3.0,ok,,,2026-09-09T10:37:16.004040
stage2_jit,9ba292b2d728,denoising__rhso__c2,denoising__rhso__c2,denoising,prob_114badd1eeb1e559,ALL,jit,standard_flow,torch,pixel,rhso,RHSO,1.0,1.0,0.0,0.0,1.0,flow_ascending,pure_prior_noise,identity,,heun,,,0.25,0.25,0.25,,,,0.02,adam,,,half_mean_squared_per_measurement,,,,,,,40,4,1.0,not_applicable,not_applicable,method,not_applicable,not_applicable,method,28.108751022272244,0.7837257966174339,0.1451077125966549,0.2113104909658432,,,,,,20.460494989421008,0.40600529352712283,0.4711836613714695,20.460494989421008,401.01150682009757,50.126438352512196,4,2588,1294,1280,320,1280,1294,1280,320,320,320,0,320,320,suffix,suffix_integration,,False,False,False,,,,False,,0,0,0,0,0.0,,,,,,,,,,,,,,,,,,,,,,,0.3209,10.2893,9.9683,torch.cuda.max_memory_allocated,,,,unavailable,4,8,0,7.223,2.34,42,0,seed=42|model=jit|rep=0,a5f596e7c82cd3db,2b589d88aa3382a8,54f1d6fb09baa24b,source_imagenet_class,3.0,ok,,,2026-09-09T10:44:06.362979
stage2_jit,08a968789352,denoising__rhso__c3,denoising__rhso__c3,denoising,prob_114badd1eeb1e559,ALL,jit,standard_flow,torch,pixel,rhso,RHSO,1.0,1.0,0.0,0.0,1.0,flow_ascending,pure_prior_noise,identity,,heun,,,0.25,0.25,0.25,,,,0.01,adam,,,half_mean_squared_per_measurement,,,,,,,40,4,1.0,not_applicable,not_applicable,method,not_applicable,not_applicable,method,28.108006442235528,0.7834014347960099,0.1466563679277897,0.21165065467357635,,,,,,20.460494989421008,0.40600529352712283,0.4711836613714695,20.460494989421008,405.1287294253707,50.64109117817134,4,2588,1294,1280,320,1280,1294,1280,320,320,320,0,320,320,suffix,suffix_integration,,False,False,False,,,,False,,0,0,0,0,0.0,,,,,,,,,,,,,,,,,,,,,,,0.3209,10.2918,9.9709,torch.cuda.max_memory_allocated,,,,unavailable,4,8,0,7.223,2.34,42,0,seed=42|model=jit|rep=0,a5f596e7c82cd3db,2b589d88aa3382a8,54f1d6fb09baa24b,source_imagenet_class,3.0,ok,,,2026-09-09T10:50:53.293825
stage2_jit,931f1fc17f07,denoising__rhso__c4,denoising__rhso__c4,denoising,prob_114badd1eeb1e559,ALL,jit,standard_flow,torch,pixel,rhso,RHSO,1.0,1.0,0.0,0.0,1.0,flow_ascending,pure_prior_noise,identity,,heun,,,0.25,0.25,0.25,,,,0.01,adam,,,half_mean_squared_per_measurement,,,,,,,40,4,0.0,not_applicable,not_applicable,method,not_applicable,not_applicable,method,26.787882528939992,0.6928591431339424,0.28979322873055935,0.19243840873241425,,,,,,20.460494989421008,0.40600529352712283,0.4711836613714695,20.460494989421008,334.6413233336061,41.830165416700765,4,2588,1294,1280,320,1280,1294,1280,320,320,320,0,320,320,suffix,suffix_integration,,False,False,False,,,,False,,0,0,0,0,0.0,,,,,,,,,,,,,,,,,,,,,,,0.3209,10.2867,9.9657,torch.cuda.max_memory_allocated,,,,unavailable,4,8,0,6.194,2.34,42,0,seed=42|model=jit|rep=0,a5f596e7c82cd3db,2b589d88aa3382a8,54f1d6fb09baa24b,source_imagenet_class,3.0,ok,,,2026-09-09T10:56:35.250195
stage2_jit,6892849f530b,denoising__rhso__c5,denoising__rhso__c5,denoising,prob_114badd1eeb1e559,ALL,jit,standard_flow,torch,pixel,rhso,RHSO,1.0,1.0,0.0,0.0,1.0,flow_ascending,pure_prior_noise,identity,,heun,,,0.25,0.25,0.25,,,,0.0027,adam,,,half_mean_squared_per_measurement,,,,,,,40,4,0.2,not_applicable,not_applicable,method,not_applicable,not_applicable,method,24.590289656561886,0.6749044346009814,0.2917245775461197,0.2391406148672104,,,,,,20.460494989421008,0.40600529352712283,0.4711836613714695,20.460494989421008,325.5171696981415,40.68964621226769,4,2588,1294,1280,320,1280,1294,1280,320,320,320,0,320,320,suffix,suffix_integration,,False,False,False,,,,False,,0,0,0,0,0.0,,,,,,,,,,,,,,,,,,,,,,,0.3209,10.2918,9.9709,torch.cuda.max_memory_allocated,,,,unavailable,4,8,0,8.4889,2.34,42,0,seed=42|model=jit|rep=0,a5f596e7c82cd3db,2b589d88aa3382a8,54f1d6fb09baa24b,source_imagenet_class,3.0,ok,,,2026-09-09T11:02:01.792560
stage2_jit,b842795d996f,deblurring__sdedit__c1,deblurring__sdedit__c1,deblur,prob_c2be85f48d232774,ALL,jit,standard_flow,torch,pixel,sdedit,SDEdit,1.0,1.0,0.0,0.0,1.0,flow_ascending,pure_prior_noise,observed,8,heun,,,0.125,0.125,0.125,,,,,,,,,,,,,,,,,,not_applicable,not_applicable,not_applicable,not_applicable,not_applicable,not_applicable,10.136560848884644,-0.006214087278447855,0.7196521237492561,0.6684062480926514,,,,,,25.744277773445766,0.7043333030752865,0.2709390092641115,25.744277773445766,4.926706426776946,0.6158383033471182,8,60,30,0,0,0,30,0,0,0,0,0,0,0,,,,,,,,,,,,0,0,0,0,0.0,,,,,,,,,,,,,,,,,,,,,,,0.3209,0.4018,0.0808,torch.cuda.max_memory_allocated,,,,unavailable,4,8,0,2.5397,2.51,42,0,seed=42|model=jit|rep=0,6a0500184c85cbcc,a6d7ea78ad4437af,54f1d6fb09baa24b,source_imagenet_class,3.0,ok,,,2026-09-09T11:35:36.866479
stage2_jit,3d5e37a5cd18,deblurring__sdedit__c2,deblurring__sdedit__c2,deblur,prob_c2be85f48d232774,ALL,jit,standard_flow,torch,pixel,sdedit,SDEdit,1.0,1.0,0.0,0.0,1.0,flow_ascending,pure_prior_noise,observed,25,heun,,,0.04,0.039999999999999925,0.040000000000000036,,,,,,,,,,,,,,,,,,not_applicable,not_applicable,not_applicable,not_applicable,not_applicable,not_applicable,9.220865860470195,-0.010504913378455216,0.7151687070727348,0.7464116215705872,,,,,,25.744277773445766,0.7043333030752865,0.2709390092641115,25.744277773445766,16.11516844946891,2.014396056183614,25,196,98,0,0,0,98,0,0,0,0,0,0,0,,,,,,,,,,,,0,0,0,0,0.0,,,,,,,,,,,,,,,,,,,,,,,0.3209,0.4018,0.0808,torch.cuda.max_memory_allocated,,,,unavailable,4,8,0,8.0932,2.51,42,0,seed=42|model=jit|rep=0,6a0500184c85cbcc,a6d7ea78ad4437af,54f1d6fb09baa24b,source_imagenet_class,3.0,ok,,,2026-09-09T11:36:01.875756
stage2_jit,2233e1e294d4,deblurring__sdedit__c3,deblurring__sdedit__c3,deblur,prob_c2be85f48d232774,ALL,jit,standard_flow,torch,pixel,sdedit,SDEdit,1.0,1.0,0.0,0.0,1.0,flow_ascending,pure_prior_noise,observed,4,heun,,,0.25,0.25,0.25,,,,,,,,,,,,,,,,,,not_applicable,not_applicable,not_applicable,not_applicable,not_applicable,not_applicable,10.867823917152265,-0.0039540210828773875,0.7590596228837967,0.6324438452720642,,,,,,25.744277773445766,0.7043333030752865,0.2709390092641115,25.744277773445766,2.303309179842472,0.287913647480309,4,28,14,0,0,0,14,0,0,0,0,0,0,0,,,,,,,,,,,,0,0,0,0,0.0,,,,,,,,,,,,,,,,,,,,,,,0.3209,0.4018,0.0808,torch.cuda.max_memory_allocated,,,,unavailable,4,8,0,1.1839,2.51,42,0,seed=42|model=jit|rep=0,6a0500184c85cbcc,a6d7ea78ad4437af,54f1d6fb09baa24b,source_imagenet_class,3.0,ok,,,2026-09-09T11:36:06.124970
stage2_jit,fb1f83df0b99,deblurring__pnp__c1,deblurring__pnp__c1,deblur,prob_c2be85f48d232774,ALL,jit,standard_flow,torch,pixel,pnp,PnP-Flow,1.0,1.0,0.0,0.0,1.0,flow_ascending,pure_prior_noise,observed,,,,,0.004975124378109453,0.00497512437810943,0.004975124378109541,,,,,,,,half_mean_squared_per_measurement,,,200,1200000.0,0.5,1,,,,not_applicable,not_applicable,not_applicable,method,method,not_applicable,28.277407128037485,0.8327255569562639,0.17197997029870749,0.04831111803650856,,,,,,25.744277773445766,0.7043333030752865,0.2709390092641115,25.744277773445766,66.76868939492851,8.346086174366064,200,804,402,0,0,0,402,0,400,400,0,402,400,400,,,,,,,,,,,,0,0,0,0,0.0,,,,,,,,,,,,,,,,,,,,,,,0.3209,0.4145,0.0935,torch.cuda.max_memory_allocated,,,,unavailable,4,8,0,33.0944,2.57,42,0,seed=42|model=jit|rep=0,6a0500184c85cbcc,a6d7ea78ad4437af,54f1d6fb09baa24b,source_imagenet_class,3.0,ok,,,2026-09-09T11:49:15.316545
stage2_jit,6fd833d9e5a2,deblurring__pnp__c2,deblurring__pnp__c2,deblur,prob_c2be85f48d232774,ALL,jit,standard_flow,torch,pixel,pnp,PnP-Flow,1.0,1.0,0.0,0.0,1.0,flow_ascending,pure_prior_noise,observed,,,,,0.004975124378109453,0.00497512437810943,0.004975124378109541,,,,,,,,half_mean_squared_per_measurement,,,200,400000.0,0.1,1,,,,not_applicable,not_applicable,not_applicable,method,method,not_applicable,28.28401069463117,0.8200516520879914,0.17791473120450974,0.04578370973467827,,,,,,25.744277773445766,0.7043333030752865,0.2709390092641115,25.744277773445766,73.54912940692157,9.193641175865196,200,804,402,0,0,0,402,0,400,400,0,402,400,400,,,,,,,,,,,,0,0,0,0,0.0,,,,,,,,,,,,,,,,,,,,,,,0.3209,0.4154,0.0944,torch.cuda.max_memory_allocated,,,,unavailable,4,8,0,33.0944,2.57,42,0,seed=42|model=jit|rep=0,6a0500184c85cbcc,a6d7ea78ad4437af,54f1d6fb09baa24b,source_imagenet_class,3.0,ok,,,2026-09-09T11:50:29.599618
stage2_jit,0d5294b5eadd,deblurring__pnp__c3,deblurring__pnp__c3,deblur,prob_c2be85f48d232774,ALL,jit,standard_flow,torch,pixel,pnp,PnP-Flow,1.0,1.0,0.0,0.0,1.0,flow_ascending,pure_prior_noise,observed,,,,,0.004975124378109453,0.00497512437810943,0.004975124378109541,,,,,,,,half_mean_squared_per_measurement,,,200,800000.0,0.25,1,,,,not_applicable,not_applicable,not_applicable,method,method,not_applicable,28.52859570791991,0.8205919067235287,0.18178572412580252,0.04555963724851608,,,,,,25.744277773445766,0.7043333030752865,0.2709390092641115,25.744277773445766,80.17867849208415,10.022334811510518,200,804,402,0,0,0,402,0,400,400,0,402,400,400,,,,,,,,,,,,0,0,0,0,0.0,,,,,,,,,,,,,,,,,,,,,,,0.3209,0.4125,0.0916,torch.cuda.max_memory_allocated,,,,unavailable,4,8,0,40.0991,2.51,42,0,seed=42|model=jit|rep=0,6a0500184c85cbcc,a6d7ea78ad4437af,54f1d6fb09baa24b,source_imagenet_class,3.0,ok,,,2026-09-09T10:22:58.256090
stage2_jit,8e58379cfb4b,deblurring__pnp__c4,deblurring__pnp__c4,deblur,prob_c2be85f48d232774,ALL,jit,standard_flow,torch,pixel,pnp,PnP-Flow,1.0,1.0,0.0,0.0,1.0,flow_ascending,pure_prior_noise,observed,,,,,0.009900990099009901,0.009900990099009799,0.00990099009900991,,,,,,,,half_mean_squared_per_measurement,,,100,1200000.0,0.5,1,,,,not_applicable,not_applicable,not_applicable,method,method,not_applicable,28.42134011311333,0.8319311807326102,0.19742123037576675,0.04931235685944557,,,,,,25.744277773445766,0.7043333030752865,0.2709390092641115,25.744277773445766,40.33855022676289,5.042318778345361,100,404,202,0,0,0,202,0,200,200,0,202,200,200,,,,,,,,,,,,0,0,0,0,0.0,,,,,,,,,,,,,,,,,,,,,,,0.3209,0.4145,0.0935,torch.cuda.max_memory_allocated,,,,unavailable,4,8,0,20.3887,2.51,42,0,seed=42|model=jit|rep=0,6a0500184c85cbcc,a6d7ea78ad4437af,54f1d6fb09baa24b,source_imagenet_class,3.0,ok,,,2026-09-09T10:24:00.334135
stage2_jit,3ab385b4c37d,deblurring__pnp__c5,deblurring__pnp__c5,deblur,prob_c2be85f48d232774,ALL,jit,standard_flow,torch,pixel,pnp,PnP-Flow,1.0,1.0,0.0,0.0,1.0,flow_ascending,pure_prior_noise,observed,,,,,0.0023584905660377358,0.002358490566037652,0.002358490566037763,,,,,,,,half_mean_squared_per_measurement,,,423,1200000.0,0.5,1,,,,not_applicable,not_applicable,not_applicable,method,method,not_applicable,26.137110549719853,0.8070932706422489,0.20024674013257027,0.048920515924692154,,,,,,25.744277773445766,0.7043333030752865,0.2709390092641115,25.744277773445766,169.75353738572448,21.21919217321556,423,1696,848,0,0,0,848,0,846,846,0,848,846,846,,,,,,,,,,,,0,0,0,0,0.0,,,,,,,,,,,,,,,,,,,,,,,0.3209,0.4154,0.0944,torch.cuda.max_memory_allocated,,,,unavailable,4,8,0,85.1631,2.51,42,0,seed=42|model=jit|rep=0,6a0500184c85cbcc,a6d7ea78ad4437af,54f1d6fb09baa24b,source_imagenet_class,3.0,ok,,,2026-09-09T10:28:16.153398
stage2_jit,e6871f379b6e,deblurring__dflow__c1,deblurring__dflow__c1,deblur,prob_c2be85f48d232774,ALL,jit,standard_flow,torch,pixel,dflow,D-Flow,1.0,1.0,0.0,0.0,1.0,flow_ascending,pure_prior_noise,observed,1,euler,,,1.0,1.0,1.0,,,,0.3,adam,,,half_mean_squared_per_measurement,,,,,,,640,,,not_applicable,not_applicable,method,not_applicable,not_applicable,not_applicable,22.721537148265853,0.4899308688116462,0.528252799063921,0.10609440505504608,,,,,,25.744277773445766,0.7043333030752865,0.2709390092641115,25.744277773445766,481.6821190295741,60.21026487869676,1,2564,1282,1280,1280,1280,1282,1280,1280,1280,1280,0,1282,1280,,,,,,,,,,,,0,0,0,0,0.0,,,,,,,,,,,,,,,,,,,,,,,0.3209,1.7839,1.4629,torch.cuda.max_memory_allocated,,,,unavailable,4,8,0,1.1971,2.57,42,0,seed=42|model=jit|rep=0,6a0500184c85cbcc,a6d7ea78ad4437af,54f1d6fb09baa24b,source_imagenet_class,3.0,ok,,,2026-09-09T10:41:14.569052
stage2_jit,c2241d462fae,deblurring__dflow__c2,deblurring__dflow__c2,deblur,prob_c2be85f48d232774,ALL,jit,standard_flow,torch,pixel,dflow,D-Flow,1.0,1.0,0.0,0.0,1.0,flow_ascending,pure_prior_noise,observed,1,euler,,,1.0,1.0,1.0,,,,0.1,adam,,,half_mean_squared_per_measurement,,,,,,,640,,,not_applicable,not_applicable,method,not_applicable,not_applicable,not_applicable,22.230207354342625,0.45455484796661005,0.5744545385241508,0.11797835677862167,,,,,,25.744277773445766,0.7043333030752865,0.2709390092641115,25.744277773445766,479.5871363924816,59.9483920490602,1,2564,1282,1280,1280,1280,1282,1280,1280,1280,1280,0,1282,1280,,,,,,,,,,,,0,0,0,0,0.0,,,,,,,,,,,,,,,,,,,,,,,0.3209,1.7827,1.4618,torch.cuda.max_memory_allocated,,,,unavailable,4,8,0,1.1971,2.57,42,0,seed=42|model=jit|rep=0,6a0500184c85cbcc,a6d7ea78ad4437af,54f1d6fb09baa24b,source_imagenet_class,3.0,ok,,,2026-09-09T10:49:15.124430
stage2_jit,14d1002c13df,deblurring__dflow__c3,deblurring__dflow__c3,deblur,prob_c2be85f48d232774,ALL,jit,standard_flow,torch,pixel,dflow,D-Flow,1.0,1.0,0.0,0.0,1.0,flow_ascending,pure_prior_noise,observed,1,euler,,,1.0,1.0,1.0,,,,0.3,adam,,,half_mean_squared_per_measurement,,,,,,,320,,,not_applicable,not_applicable,method,not_applicable,not_applicable,not_applicable,20.934329920442504,0.3817562345348809,0.629476897418499,0.14666076004505157,,,,,,25.744277773445766,0.7043333030752865,0.2709390092641115,25.744277773445766,240.8508829548955,30.106360369361937,1,1284,642,640,640,640,642,640,640,640,640,0,642,640,,,,,,,,,,,,0,0,0,0,0.0,,,,,,,,,,,,,,,,,,,,,,,0.3209,1.7827,1.4618,torch.cuda.max_memory_allocated,,,,unavailable,4,8,0,1.1971,2.57,42,0,seed=42|model=jit|rep=0,6a0500184c85cbcc,a6d7ea78ad4437af,54f1d6fb09baa24b,source_imagenet_class,3.0,ok,,,2026-09-09T10:53:16.835971
stage2_jit,2203e174bc9c,deblurring__dflow__c4,deblurring__dflow__c4,deblur,prob_c2be85f48d232774,ALL,jit,standard_flow,torch,pixel,dflow,D-Flow,1.0,1.0,0.0,0.0,1.0,flow_ascending,pure_prior_noise,observed,1,euler,,,1.0,1.0,1.0,,,,0.03,adam,,,half_mean_squared_per_measurement,,,,,,,320,,,not_applicable,not_applicable,method,not_applicable,not_applicable,not_applicable,19.118763492478607,0.3095320038487498,0.7221047207713127,0.19456341862678528,,,,,,25.744277773445766,0.7043333030752865,0.2709390092641115,25.744277773445766,241.04677422717214,30.130846778396517,1,1284,642,640,640,640,642,640,640,640,640,0,642,640,,,,,,,,,,,,0,0,0,0,0.0,,,,,,,,,,,,,,,,,,,,,,,0.3209,1.7827,1.4618,torch.cuda.max_memory_allocated,,,,unavailable,4,8,0,1.1971,2.57,42,0,seed=42|model=jit|rep=0,6a0500184c85cbcc,a6d7ea78ad4437af,54f1d6fb09baa24b,source_imagenet_class,3.0,ok,,,2026-09-09T10:57:18.712610
stage2_jit,1dc4c5af55a5,deblurring__dflow__c5,deblurring__dflow__c5,deblur,prob_c2be85f48d232774,ALL,jit,standard_flow,torch,pixel,dflow,D-Flow,1.0,1.0,0.0,0.0,1.0,flow_ascending,pure_prior_noise,observed,1,euler,,,1.0,1.0,1.0,,,,0.3,adam,,,half_mean_squared_per_measurement,,,,,,,1280,,,not_applicable,not_applicable,method,not_applicable,not_applicable,not_applicable,24.215112624317005,0.5890918233799703,0.43057914823293686,0.07972061634063721,,,,,,25.744277773445766,0.7043333030752865,0.2709390092641115,25.744277773445766,884.3775456715375,110.54719320894219,1,5124,2562,2560,2560,2560,2562,2560,2560,2560,2560,0,2562,2560,,,,,,,,,,,,0,0,0,0,0.0,,,,,,,,,,,,,,,,,,,,,,,0.3209,1.7827,1.4618,torch.cuda.max_memory_allocated,,,,unavailable,4,8,0,1.1971,2.57,42,0,seed=42|model=jit|rep=0,6a0500184c85cbcc,a6d7ea78ad4437af,54f1d6fb09baa24b,source_imagenet_class,3.0,ok,,,2026-09-09T11:12:03.928010
stage2_jit,d576fe80bde0,deblurring__dflow__c6,deblurring__dflow__c6,deblur,prob_c2be85f48d232774,ALL,jit,standard_flow,torch,pixel,dflow,D-Flow,1.0,1.0,0.0,0.0,1.0,flow_ascending,pure_prior_noise,observed,1,euler,,,1.0,1.0,1.0,,,,0.95,adam,,,half_mean_squared_per_measurement,,,,,,,640,,,not_applicable,not_applicable,method,not_applicable,not_applicable,not_applicable,22.177693142551526,0.4527302307120834,0.5612862259149551,0.11535930633544922,,,,,,25.744277773445766,0.7043333030752865,0.2709390092641115,25.744277773445766,397.6288817850873,49.70361022313591,1,2564,1282,1280,1280,1280,1282,1280,1280,1280,1280,0,1282,1280,,,,,,,,,,,,0,0,0,0,0.0,,,,,,,,,,,,,,,,,,,,,,,0.3209,1.7827,1.4618,torch.cuda.max_memory_allocated,,,,unavailable,4,8,0,1.1971,2.57,42,0,seed=42|model=jit|rep=0,6a0500184c85cbcc,a6d7ea78ad4437af,54f1d6fb09baa24b,source_imagenet_class,3.0,ok,,,2026-09-09T11:18:42.332110
stage2_jit,14ede3098a3a,deblurring__mpc_rhc__c1,deblurring__mpc_rhc__c1,deblur,prob_c2be85f48d232774,ALL,jit,standard_flow,torch,pixel,mpc_rhc,MPC-RHC (K=1),1.0,1.0,0.0,0.0,1.0,flow_ascending,pure_prior_noise,observed,,,4,0.25,0.25,0.25,0.25,1,60.0,40,0.2,adam,False,,half_sum_squared,sum_squared,,,,,,,,,method,method,method,not_applicable,not_applicable,not_applicable,28.287613149401604,0.7940139243629718,0.16726910788565874,0.04545150697231293,,,,,,25.744277773445766,0.7043333030752865,0.2709390092641115,25.744277773445766,3.675342185422778,0.45941777317784727,4,16,8,0,320,0,8,0,0,0,0,0,320,0,,,,,,,,,,,,0,0,0,0,0.0,,,,,,,,,,,,,,,,,,,,,,,0.3209,0.4135,0.0925,torch.cuda.max_memory_allocated,,,,unavailable,4,8,0,0.7163,2.57,42,0,seed=42|model=jit|rep=0,6a0500184c85cbcc,a6d7ea78ad4437af,54f1d6fb09baa24b,source_imagenet_class,3.0,ok,,,2026-09-09T11:47:22.154467
stage2_jit,04ac828bf8c8,deblurring__mpc_rhc__c2,deblurring__mpc_rhc__c2,deblur,prob_c2be85f48d232774,ALL,jit,standard_flow,torch,pixel,mpc_rhc,MPC-RHC (K=1),1.0,1.0,0.0,0.0,1.0,flow_ascending,pure_prior_noise,observed,,,4,0.25,0.25,0.25,0.25,1,60.0,40,0.05,adam,False,,half_sum_squared,sum_squared,,,,,,,,,method,method,method,not_applicable,not_applicable,not_applicable,28.264917353742973,0.7938980781383619,0.16720977053046227,0.04545891284942627,,,,,,25.744277773445766,0.7043333030752865,0.2709390092641115,25.744277773445766,3.7276440784335136,0.4659555098041892,4,16,8,0,320,0,8,0,0,0,0,0,320,0,,,,,,,,,,,,0,0,0,0,0.0,,,,,,,,,,,,,,,,,,,,,,,0.3209,0.413,0.092,torch.cuda.max_memory_allocated,,,,unavailable,4,8,0,0.7163,2.57,42,0,seed=42|model=jit|rep=0,6a0500184c85cbcc,a6d7ea78ad4437af,54f1d6fb09baa24b,source_imagenet_class,3.0,ok,,,2026-09-09T11:47:26.493446
stage2_jit,b4960849bc58,deblurring__mpc_rhc__c3,deblurring__mpc_rhc__c3,deblur,prob_c2be85f48d232774,ALL,jit,standard_flow,torch,pixel,mpc_rhc,MPC-RHC (K=1),1.0,1.0,0.0,0.0,1.0,flow_ascending,pure_prior_noise,observed,,,4,0.25,0.25,0.25,0.25,1,60.0,40,0.1,adam,False,,half_sum_squared,sum_squared,,,,,,,,,method,method,method,not_applicable,not_applicable,not_applicable,28.2924140219813,0.7939271339743631,0.1688778968527913,0.045473672449588776,,,,,,25.744277773445766,0.7043333030752865,0.2709390092641115,25.744277773445766,3.533175276592374,0.44164690957404673,4,16,8,0,320,0,8,0,0,0,0,0,320,0,,,,,,,,,,,,0,0,0,0,0.0,,,,,,,,,,,,,,,,,,,,,,,0.3209,0.413,0.092,torch.cuda.max_memory_allocated,,,,unavailable,4,8,0,0.7163,2.57,42,0,seed=42|model=jit|rep=0,6a0500184c85cbcc,a6d7ea78ad4437af,54f1d6fb09baa24b,source_imagenet_class,3.0,ok,,,2026-09-09T11:47:30.654898
stage2_jit,7c52b454de94,deblurring__mpc_rhc__c4,deblurring__mpc_rhc__c4,deblur,prob_c2be85f48d232774,ALL,jit,standard_flow,torch,pixel,mpc_rhc,MPC-RHC (K=1),1.0,1.0,0.0,0.0,1.0,flow_ascending,pure_prior_noise,observed,,,4,0.25,0.25,0.25,0.25,1,60.0,40,0.43,adam,False,,half_sum_squared,sum_squared,,,,,,,,,method,method,method,not_applicable,not_applicable,not_applicable,28.24305257149107,0.7910893471958187,0.16964851785451174,0.045746080577373505,,,,,,25.744277773445766,0.7043333030752865,0.2709390092641115,25.744277773445766,3.446046323515475,0.43075579043943435,4,16,8,0,320,0,8,0,0,0,0,0,320,0,,,,,,,,,,,,0,0,0,0,0.0,,,,,,,,,,,,,,,,,,,,,,,0.3209,0.413,0.092,torch.cuda.max_memory_allocated,,,,unavailable,4,8,0,0.7163,2.57,42,0,seed=42|model=jit|rep=0,6a0500184c85cbcc,a6d7ea78ad4437af,54f1d6fb09baa24b,source_imagenet_class,3.0,ok,,,2026-09-09T11:47:34.725978
stage2_jit,175ba4607b53,deblurring__mpc_delta_t__c1,deblurring__mpc_delta_t__c1,deblur,prob_c2be85f48d232774,ALL,jit,standard_flow,torch,pixel,mpc_delta_t,MPC-delta_t,1.0,1.0,0.0,0.0,1.0,flow_ascending,pure_prior_noise,observed,,,8,0.125,0.125,0.125,0.125,,1000.0,40,0.1,adam,False,,half_sum_squared,sum_squared,none,,,,,,,,method,method,method,not_applicable,not_applicable,not_applicable,28.682952091159773,0.8049394744605547,0.14453936461359262,0.043954744935035706,,,,,,25.744277773445766,0.7043333030752865,0.2709390092641115,25.744277773445766,171.61569298710674,21.451961623388343,8,1152,576,560,640,560,576,560,0,0,0,0,640,0,,,,,,,,,,,,0,0,0,0,0.0,,,,,,,,,,,,,,,,,,,,,,,0.3209,1.8048,1.4839,torch.cuda.max_memory_allocated,,,,unavailable,4,8,0,3.3136,2.57,42,0,seed=42|model=jit|rep=0,6a0500184c85cbcc,a6d7ea78ad4437af,54f1d6fb09baa24b,source_imagenet_class,3.0,ok,,,2026-09-09T11:21:38.041607
stage2_jit,a4b7646097e4,deblurring__mpc_delta_t__c2,deblurring__mpc_delta_t__c2,deblur,prob_c2be85f48d232774,ALL,jit,standard_flow,torch,pixel,mpc_delta_t,MPC-delta_t,1.0,1.0,0.0,0.0,1.0,flow_ascending,pure_prior_noise,observed,,,8,0.125,0.125,0.125,0.125,,1000.0,40,0.05,adam,False,,half_sum_squared,sum_squared,none,,,,,,,,method,method,method,not_applicable,not_applicable,not_applicable,28.681016185392973,0.8059861944540831,0.1487907851114869,0.04403552785515785,,,,,,25.744277773445766,0.7043333030752865,0.2709390092641115,25.744277773445766,182.13850662577897,22.76731332822237,8,1152,576,560,640,560,576,560,0,0,0,0,640,0,,,,,,,,,,,,0,0,0,0,0.0,,,,,,,,,,,,,,,,,,,,,,,0.3209,1.806,1.4851,torch.cuda.max_memory_allocated,,,,unavailable,4,8,0,3.3136,2.57,42,0,seed=42|model=jit|rep=0,6a0500184c85cbcc,a6d7ea78ad4437af,54f1d6fb09baa24b,source_imagenet_class,3.0,ok,,,2026-09-09T11:24:40.902416
stage2_jit,e748e6a18de0,deblurring__mpc_delta_t__c3,deblurring__mpc_delta_t__c3,deblur,prob_c2be85f48d232774,ALL,jit,standard_flow,torch,pixel,mpc_delta_t,MPC-delta_t,1.0,1.0,0.0,0.0,1.0,flow_ascending,pure_prior_noise,observed,,,8,0.125,0.125,0.125,0.125,,1000.0,20,0.1,adam,False,,half_sum_squared,sum_squared,none,,,,,,,,method,method,method,not_applicable,not_applicable,not_applicable,28.629277075855825,0.8022448457782261,0.14982556831091642,0.04405142366886139,,,,,,25.744277773445766,0.7043333030752865,0.2709390092641115,25.744277773445766,107.45229591801763,13.431536989752203,8,592,296,280,320,280,296,280,0,0,0,0,320,0,,,,,,,,,,,,0,0,0,0,0.0,,,,,,,,,,,,,,,,,,,,,,,0.3209,1.805,1.4841,torch.cuda.max_memory_allocated,,,,unavailable,4,8,0,3.3136,2.57,42,0,seed=42|model=jit|rep=0,6a0500184c85cbcc,a6d7ea78ad4437af,54f1d6fb09baa24b,source_imagenet_class,3.0,ok,,,2026-09-09T11:26:29.133675
stage2_jit,e5789c15b667,deblurring__mpc_delta_t__c4,deblurring__mpc_delta_t__c4,deblur,prob_c2be85f48d232774,ALL,jit,standard_flow,torch,pixel,mpc_delta_t,MPC-delta_t,1.0,1.0,0.0,0.0,1.0,flow_ascending,pure_prior_noise,observed,,,8,0.125,0.125,0.125,0.125,,540.0,40,0.1,adam,False,,half_sum_squared,sum_squared,none,,,,,,,,method,method,method,not_applicable,not_applicable,not_applicable,28.992760824298305,0.8333252098817892,0.15742800384759903,0.045787304639816284,,,,,,25.744277773445766,0.7043333030752865,0.2709390092641115,25.744277773445766,212.27572497725487,26.53446562215686,8,1152,576,560,640,560,576,560,0,0,0,0,640,0,,,,,,,,,,,,0,0,0,0,0.0,,,,,,,,,,,,,,,,,,,,,,,0.3209,1.806,1.4851,torch.cuda.max_memory_allocated,,,,unavailable,4,8,0,3.3136,2.57,42,0,seed=42|model=jit|rep=0,6a0500184c85cbcc,a6d7ea78ad4437af,54f1d6fb09baa24b,source_imagenet_class,3.0,ok,,,2026-09-09T11:30:02.182140
stage2_jit,40b28c0535dd,deblurring__mpc_delta_t__c5,deblurring__mpc_delta_t__c5,deblur,prob_c2be85f48d232774,ALL,jit,standard_flow,torch,pixel,mpc_delta_t,MPC-delta_t,1.0,1.0,0.0,0.0,1.0,flow_ascending,pure_prior_noise,observed,,,16,0.0625,0.0625,0.0625,0.0625,,1000.0,40,0.1,adam,False,,half_sum_squared,sum_squared,none,,,,,,,,method,method,method,not_applicable,not_applicable,not_applicable,29.06532352436644,0.8483288593859232,0.15169079508632421,0.04743172228336334,,,,,,25.744277773445766,0.7043333030752865,0.2709390092641115,25.744277773445766,453.11969524342567,56.63996190542821,16,2464,1232,1200,1280,1200,1232,1200,0,0,0,0,1280,0,,,,,,,,,,,,0,0,0,0,0.0,,,,,,,,,,,,,,,,,,,,,,,0.3209,1.8048,1.4839,torch.cuda.max_memory_allocated,,,,unavailable,4,8,0,8.4512,2.57,42,0,seed=42|model=jit|rep=0,6a0500184c85cbcc,a6d7ea78ad4437af,54f1d6fb09baa24b,source_imagenet_class,3.0,ok,,,2026-09-09T11:37:44.524598
stage2_jit,9ea8fb5783c9,deblurring__mpc_delta_t__c6,deblurring__mpc_delta_t__c6,deblur,prob_c2be85f48d232774,ALL,jit,standard_flow,torch,pixel,mpc_delta_t,MPC-delta_t,1.0,1.0,0.0,0.0,1.0,flow_ascending,pure_prior_noise,observed,,,8,0.125,0.125,0.125,0.125,,1000.0,80,0.1,adam,False,,half_sum_squared,sum_squared,none,,,,,,,,method,method,method,not_applicable,not_applicable,not_applicable,28.692483619638473,0.8055447664300606,0.14203667733818293,0.04392319172620773,,,,,,25.744277773445766,0.7043333030752865,0.2709390092641115,25.744277773445766,392.0729187717661,49.009114846470766,8,2272,1136,1120,1280,1120,1136,1120,0,0,0,0,1280,0,,,,,,,,,,,,0,0,0,0,0.0,,,,,,,,,,,,,,,,,,,,,,,0.3209,1.805,1.4841,torch.cuda.max_memory_allocated,,,,unavailable,4,8,0,3.3136,2.57,42,0,seed=42|model=jit|rep=0,6a0500184c85cbcc,a6d7ea78ad4437af,54f1d6fb09baa24b,source_imagenet_class,3.0,ok,,,2026-09-09T11:44:17.393006
stage2_jit,8f57939ec14e,deblurring__mpc_delta_t__c7,deblurring__mpc_delta_t__c7,deblur,prob_c2be85f48d232774,ALL,jit,standard_flow,torch,pixel,mpc_delta_t,MPC-delta_t,1.0,1.0,0.0,0.0,1.0,flow_ascending,pure_prior_noise,observed,,,8,0.125,0.125,0.125,0.125,,2500.0,40,0.1,adam,False,,half_sum_squared,sum_squared,none,,,,,,,,method,method,method,not_applicable,not_applicable,not_applicable,27.05933292301182,0.7140328873206667,0.2093236781656742,0.04177047312259674,,,,,,25.744277773445766,0.7043333030752865,0.2709390092641115,25.744277773445766,179.07904082536697,22.38488010317087,8,1152,576,560,640,560,576,560,0,0,0,0,640,0,,,,,,,,,,,,0,0,0,0,0.0,,,,,,,,,,,,,,,,,,,,,,,0.3209,1.806,1.4851,torch.cuda.max_memory_allocated,,,,unavailable,4,8,0,3.3136,2.57,42,0,seed=42|model=jit|rep=0,6a0500184c85cbcc,a6d7ea78ad4437af,54f1d6fb09baa24b,source_imagenet_class,3.0,ok,,,2026-09-09T11:47:17.143252
stage2_jit,42aa2cdcf1a5,deblurring__rhso__c1,deblurring__rhso__c1,deblur,prob_c2be85f48d232774,ALL,jit,standard_flow,torch,pixel,rhso,RHSO,1.0,1.0,0.0,0.0,1.0,flow_ascending,pure_prior_noise,observed,,heun,,,0.125,0.125,0.125,,,,0.01,adam,,,half_mean_squared_per_measurement,,,,,,,20,8,0.0,not_applicable,not_applicable,method,not_applicable,not_applicable,method,29.044006056240733,0.8487507678228126,0.0965495859272778,0.04894651472568512,,,,,,25.744277773445766,0.7043333030752865,0.2709390092641115,25.744277773445766,1253.0226429542527,156.62783036928158,8,10360,5180,5120,640,5120,5180,5120,640,640,640,0,640,640,suffix,suffix_integration,,False,False,False,,,,False,,0,0,0,0,0.0,,,,,,,,,,,,,,,,,,,,,,,0.3195,11.0617,10.7422,torch.cuda.max_memory_allocated,,,,unavailable,2,8,0,18.6516,2.51,42,0,seed=42|model=jit|rep=0,6a0500184c85cbcc,a6d7ea78ad4437af,38fc9d026602d2a4,source_imagenet_class,3.0,ok,,,2026-09-09T10:49:28.908357
stage2_jit,b5112e44332e,deblurring__rhso__c2,deblurring__rhso__c2,deblur,prob_c2be85f48d232774,ALL,jit,standard_flow,torch,pixel,rhso,RHSO,1.0,1.0,0.0,0.0,1.0,flow_ascending,pure_prior_noise,observed,,heun,,,0.25,0.25,0.25,,,,0.02,adam,,,half_mean_squared_per_measurement,,,,,,,40,4,0.0,not_applicable,not_applicable,method,not_applicable,not_applicable,method,28.180772650339115,0.8190170090303459,0.13294923957437277,0.05224376544356346,,,,,,25.744277773445766,0.7043333030752865,0.2709390092641115,25.744277773445766,441.6760486699641,55.20950608374551,4,2588,1294,1280,320,1280,1294,1280,320,320,320,0,320,320,suffix,suffix_integration,,False,False,False,,,,False,,0,0,0,0,0.0,,,,,,,,,,,,,,,,,,,,,,,0.3209,10.2867,9.9657,torch.cuda.max_memory_allocated,,,,unavailable,4,8,0,6.6809,2.51,42,0,seed=42|model=jit|rep=0,6a0500184c85cbcc,a6d7ea78ad4437af,54f1d6fb09baa24b,source_imagenet_class,3.0,ok,,,2026-09-09T10:56:58.742080
stage2_jit,a3cd25e7f2a1,deblurring__rhso__c3,deblurring__rhso__c3,deblur,prob_c2be85f48d232774,ALL,jit,standard_flow,torch,pixel,rhso,RHSO,1.0,1.0,0.0,0.0,1.0,flow_ascending,pure_prior_noise,observed,,heun,,,0.125,0.125,0.125,,,,0.03,adam,,,half_mean_squared_per_measurement,,,,,,,20,8,0.0,not_applicable,not_applicable,method,not_applicable,not_applicable,method,26.997343862430704,0.7701890826703133,0.21290825121104717,0.048677872866392136,,,,,,25.744277773445766,0.7043333030752865,0.2709390092641115,25.744277773445766,1238.8288229648024,154.8536028706003,8,10360,5180,5120,640,5120,5180,5120,640,640,640,0,640,640,suffix,suffix_integration,,False,False,False,,,,False,,0,0,0,0,0.0,,,,,,,,,,,,,,,,,,,,,,,0.3195,11.0617,10.7422,torch.cuda.max_memory_allocated,,,,unavailable,2,8,0,18.6516,2.51,42,0,seed=42|model=jit|rep=0,6a0500184c85cbcc,a6d7ea78ad4437af,38fc9d026602d2a4,source_imagenet_class,3.0,ok,,,2026-09-09T11:17:38.853512
stage2_jit,d206a1d4b335,deblurring__rhso__c4,deblurring__rhso__c4,deblur,prob_c2be85f48d232774,ALL,jit,standard_flow,torch,pixel,rhso,RHSO,1.0,1.0,0.0,0.0,1.0,flow_ascending,pure_prior_noise,observed,,heun,,,0.25,0.25,0.25,,,,0.01,adam,,,half_mean_squared_per_measurement,,,,,,,40,4,0.0,not_applicable,not_applicable,method,not_applicable,not_applicable,method,28.98274755040125,0.8529675864965286,0.1383409439586103,0.050870634615421295,,,,,,25.744277773445766,0.7043333030752865,0.2709390092641115,25.744277773445766,436.8790010800585,54.609875135007314,4,2588,1294,1280,320,1280,1294,1280,320,320,320,0,320,320,suffix,suffix_integration,,False,False,False,,,,False,,0,0,0,0,0.0,,,,,,,,,,,,,,,,,,,,,,,0.3209,10.2946,9.9736,torch.cuda.max_memory_allocated,,,,unavailable,4,8,0,6.6809,2.51,42,0,seed=42|model=jit|rep=0,6a0500184c85cbcc,a6d7ea78ad4437af,54f1d6fb09baa24b,source_imagenet_class,3.0,ok,,,2026-09-09T11:24:56.922006
stage2_jit,e4c5d6ee9bc7,deblurring__rhso__c5,deblurring__rhso__c5,deblur,prob_c2be85f48d232774,ALL,jit,standard_flow,torch,pixel,rhso,RHSO,1.0,1.0,0.0,0.0,1.0,flow_ascending,pure_prior_noise,observed,,heun,,,0.0625,0.0625,0.0625,,,,0.01,adam,,,half_mean_squared_per_measurement,,,,,,,20,16,0.0,not_applicable,not_applicable,method,not_applicable,not_applicable,method,27.34827580508466,0.756036412200578,0.25687444768846035,0.04760372266173363,,,,,,25.744277773445766,0.7043333030752865,0.2709390092641115,25.744277773445766,3921.424644995481,490.1780806244351,16,41208,20604,20480,1280,20480,20604,20480,1280,1280,1280,0,1280,1280,suffix,suffix_integration,,False,False,False,,,,False,,0,0,0,0,0.0,,,,,,,,,,,,,,,,,,,,,,,0.3195,22.4978,22.1783,torch.cuda.max_memory_allocated,,,,unavailable,2,8,0,22.7289,0.96,42,0,seed=42|model=jit|rep=0,6a0500184c85cbcc,a6d7ea78ad4437af,38fc9d026602d2a4,source_imagenet_class,3.0,ok,,,2026-09-09T13:55:14.839961
stage2_jit,3af5d0a9b0b5,deblurring__rhso__c6,deblurring__rhso__c6,deblur,prob_c2be85f48d232774,ALL,jit,standard_flow,torch,pixel,rhso,RHSO,1.0,1.0,0.0,0.0,1.0,flow_ascending,pure_prior_noise,observed,,heun,,,0.125,0.125,0.125,,,,0.01,adam,,,half_mean_squared_per_measurement,,,,,,,10,8,0.0,not_applicable,not_applicable,method,not_applicable,not_applicable,method,27.795385583769672,0.8260193404404002,0.20949737075716257,0.05511961132287979,,,,,,25.744277773445766,0.7043333030752865,0.2709390092641115,25.744277773445766,623.3263971600682,77.91579964500852,8,5240,2620,2560,320,2560,2620,2560,320,320,320,0,320,320,suffix,suffix_integration,,False,False,False,,,,False,,0,0,0,0,0.0,,,,,,,,,,,,,,,,,,,,,,,0.3195,11.0617,10.7422,torch.cuda.max_memory_allocated,,,,unavailable,2,8,0,18.6516,2.51,42,0,seed=42|model=jit|rep=0,6a0500184c85cbcc,a6d7ea78ad4437af,38fc9d026602d2a4,source_imagenet_class,3.0,ok,,,2026-09-09T11:35:28.069498
stage2_jit,dd9fd6a8d4d3,super_resolution__sdedit__c1,super_resolution__sdedit__c1,super_resolution,prob_0f6cb8346c07d449,ALL,jit,standard_flow,torch,pixel,sdedit,SDEdit,1.0,1.0,0.0,0.0,1.0,flow_ascending,pure_prior_noise,upsample_bicubic,8,heun,,,0.125,0.125,0.125,,,,,,,,,,,,,,,,,,not_applicable,not_applicable,not_applicable,not_applicable,not_applicable,not_applicable,10.136560848884644,-0.006214087278447855,0.7196521237492561,0.6934710741043091,,,,,,22.72518401401371,0.6367004835325139,0.2324478104710579,24.165853270405385,4.606618027202785,0.5758272534003481,8,60,30,0,0,0,30,0,0,0,0,0,0,0,,,,,,,,,,,,0,0,0,0,0.0,,,,,,,,,,,,,,,,,,,,,,,0.3209,0.4018,0.0808,torch.cuda.max_memory_allocated,,,,unavailable,4,8,0,2.3687,2.55,42,0,seed=42|model=jit|rep=0,5ea4a50404d5d00f,f1de5afd71310f5c,54f1d6fb09baa24b,source_imagenet_class,3.0,ok,,,2026-09-09T11:36:28.347152
stage2_jit,892961f47f1c,super_resolution__sdedit__c2,super_resolution__sdedit__c2,super_resolution,prob_0f6cb8346c07d449,ALL,jit,standard_flow,torch,pixel,sdedit,SDEdit,1.0,1.0,0.0,0.0,1.0,flow_ascending,pure_prior_noise,upsample_bicubic,25,heun,,,0.04,0.039999999999999925,0.040000000000000036,,,,,,,,,,,,,,,,,,not_applicable,not_applicable,not_applicable,not_applicable,not_applicable,not_applicable,9.220865860470195,-0.010504913378455216,0.7151687070727348,0.772210955619812,,,,,,22.72518401401371,0.6367004835325139,0.2324478104710579,24.165853270405385,15.04943897202611,1.8811798715032637,25,196,98,0,0,0,98,0,0,0,0,0,0,0,,,,,,,,,,,,0,0,0,0,0.0,,,,,,,,,,,,,,,,,,,,,,,0.3209,0.4018,0.0808,torch.cuda.max_memory_allocated,,,,unavailable,4,8,0,7.6197,2.55,42,0,seed=42|model=jit|rep=0,5ea4a50404d5d00f,f1de5afd71310f5c,54f1d6fb09baa24b,source_imagenet_class,3.0,ok,,,2026-09-09T11:36:51.681322
stage2_jit,88006134eb23,super_resolution__sdedit__c3,super_resolution__sdedit__c3,super_resolution,prob_0f6cb8346c07d449,ALL,jit,standard_flow,torch,pixel,sdedit,SDEdit,1.0,1.0,0.0,0.0,1.0,flow_ascending,pure_prior_noise,upsample_bicubic,4,heun,,,0.25,0.25,0.25,,,,,,,,,,,,,,,,,,not_applicable,not_applicable,not_applicable,not_applicable,not_applicable,not_applicable,10.867823917152265,-0.0039540210828773875,0.7590596228837967,0.6500963568687439,,,,,,22.72518401401371,0.6367004835325139,0.2324478104710579,24.165853270405385,2.1477870671078563,0.26847338338848203,4,28,14,0,0,0,14,0,0,0,0,0,0,0,,,,,,,,,,,,0,0,0,0,0.0,,,,,,,,,,,,,,,,,,,,,,,0.3209,0.4018,0.0808,torch.cuda.max_memory_allocated,,,,unavailable,4,8,0,1.1431,2.55,42,0,seed=42|model=jit|rep=0,5ea4a50404d5d00f,f1de5afd71310f5c,54f1d6fb09baa24b,source_imagenet_class,3.0,ok,,,2026-09-09T11:36:55.632076
stage2_jit,59275ab3d4db,super_resolution__pnp__c1,super_resolution__pnp__c1,super_resolution,prob_0f6cb8346c07d449,ALL,jit,standard_flow,torch,pixel,pnp,PnP-Flow,1.0,1.0,0.0,0.0,1.0,flow_ascending,pure_prior_noise,upsample_bicubic,,,,,0.047619047619047616,0.04761904761904756,0.04761904761904767,,,,,,,,half_mean_squared_per_measurement,,,20,200000.0,0.25,1,,,,not_applicable,not_applicable,not_applicable,method,method,not_applicable,26.243319128978293,0.7869809086808501,0.09373245853930712,0.05210971087217331,,,,,,22.72518401401371,0.6367004835325139,0.2324478104710579,24.165853270405385,7.9868716625496745,0.9983589578187093,20,84,42,0,0,0,42,0,40,40,0,42,40,40,,,,,,,,,,,,0,0,0,0,0.0,,,,,,,,,,,,,,,,,,,,,,,0.3209,0.4107,0.0898,torch.cuda.max_memory_allocated,,,,unavailable,4,8,0,4.0802,2.55,42,0,seed=42|model=jit|rep=0,5ea4a50404d5d00f,f1de5afd71310f5c,54f1d6fb09baa24b,source_imagenet_class,3.0,ok,,,2026-09-09T11:06:25.738638
stage2_jit,d74304aae773,super_resolution__pnp__c2,super_resolution__pnp__c2,super_resolution,prob_0f6cb8346c07d449,ALL,jit,standard_flow,torch,pixel,pnp,PnP-Flow,1.0,1.0,0.0,0.0,1.0,flow_ascending,pure_prior_noise,upsample_bicubic,,,,,0.09090909090909091,0.09090909090909083,0.09090909090909094,,,,,,,,half_mean_squared_per_measurement,,,10,200000.0,0.25,1,,,,not_applicable,not_applicable,not_applicable,method,method,not_applicable,26.186703031110863,0.7690123833063824,0.10604430036619306,0.06322118639945984,,,,,,22.72518401401371,0.6367004835325139,0.2324478104710579,24.165853270405385,4.129154229536653,0.5161442786920816,10,44,22,0,0,0,22,0,20,20,0,22,20,20,,,,,,,,,,,,0,0,0,0,0.0,,,,,,,,,,,,,,,,,,,,,,,0.3209,0.4132,0.0922,torch.cuda.max_memory_allocated,,,,unavailable,4,8,0,2.1918,2.55,42,0,seed=42|model=jit|rep=0,5ea4a50404d5d00f,f1de5afd71310f5c,54f1d6fb09baa24b,source_imagenet_class,3.0,ok,,,2026-09-09T11:06:32.781943
stage2_jit,6c1bc0c25210,super_resolution__pnp__c3,super_resolution__pnp__c3,super_resolution,prob_0f6cb8346c07d449,ALL,jit,standard_flow,torch,pixel,pnp,PnP-Flow,1.0,1.0,0.0,0.0,1.0,flow_ascending,pure_prior_noise,upsample_bicubic,,,,,0.047619047619047616,0.04761904761904756,0.04761904761904767,,,,,,,,half_mean_squared_per_measurement,,,20,100000.0,0.1,1,,,,not_applicable,not_applicable,not_applicable,method,method,not_applicable,26.530590852284412,0.7828998060521957,0.10531529039144516,0.057911090552806854,,,,,,22.72518401401371,0.6367004835325139,0.2324478104710579,24.165853270405385,8.006718760356307,1.0008398450445384,20,84,42,0,0,0,42,0,40,40,0,42,40,40,,,,,,,,,,,,0,0,0,0,0.0,,,,,,,,,,,,,,,,,,,,,,,0.3209,0.4108,0.0898,torch.cuda.max_memory_allocated,,,,unavailable,4,8,0,4.0802,2.55,42,0,seed=42|model=jit|rep=0,5ea4a50404d5d00f,f1de5afd71310f5c,54f1d6fb09baa24b,source_imagenet_class,3.0,ok,,,2026-09-09T11:06:41.541182
stage2_jit,f578811a4cbb,super_resolution__pnp__c4,super_resolution__pnp__c4,super_resolution,prob_0f6cb8346c07d449,ALL,jit,standard_flow,torch,pixel,pnp,PnP-Flow,1.0,1.0,0.0,0.0,1.0,flow_ascending,pure_prior_noise,upsample_bicubic,,,,,0.047619047619047616,0.04761904761904756,0.04761904761904767,,,,,,,,half_mean_squared_per_measurement,,,20,100000.0,0.25,1,,,,not_applicable,not_applicable,not_applicable,method,method,not_applicable,26.31440897609444,0.7546229119697949,0.14401946309953928,0.0707145482301712,,,,,,22.72518401401371,0.6367004835325139,0.2324478104710579,24.165853270405385,7.987607939168811,0.9984509923961014,20,84,42,0,0,0,42,0,40,40,0,42,40,40,,,,,,,,,,,,0,0,0,0,0.0,,,,,,,,,,,,,,,,,,,,,,,0.3209,0.4108,0.0898,torch.cuda.max_memory_allocated,,,,unavailable,4,8,0,4.0802,2.55,42,0,seed=42|model=jit|rep=0,5ea4a50404d5d00f,f1de5afd71310f5c,54f1d6fb09baa24b,source_imagenet_class,3.0,ok,,,2026-09-09T11:06:50.290272
stage2_jit,8e06c58ae7fb,super_resolution__dflow__c1,super_resolution__dflow__c1,super_resolution,prob_0f6cb8346c07d449,ALL,jit,standard_flow,torch,pixel,dflow,D-Flow,1.0,1.0,0.0,0.0,1.0,flow_ascending,pure_prior_noise,upsample_bicubic,1,euler,,,1.0,1.0,1.0,,,,0.3,adam,,,half_mean_squared_per_measurement,,,,,,,640,,,not_applicable,not_applicable,method,not_applicable,not_applicable,not_applicable,23.277451697384247,0.5299585187851094,0.48044560104608536,0.1476004272699356,,,,,,22.72518401401371,0.6367004835325139,0.2324478104710579,24.165853270405385,407.53357395436615,50.94169674429577,1,2564,1282,1280,1280,1280,1282,1280,1280,1280,1280,0,1282,1280,,,,,,,,,,,,0,0,0,0,0.0,,,,,,,,,,,,,,,,,,,,,,,0.3209,1.7833,1.4624,torch.cuda.max_memory_allocated,,,,unavailable,4,8,0,0.5108,2.79,42,0,seed=42|model=jit|rep=0,5ea4a50404d5d00f,f1de5afd71310f5c,54f1d6fb09baa24b,source_imagenet_class,3.0,ok,,,2026-09-09T11:25:11.790495
stage2_jit,c74afd8c4c95,super_resolution__dflow__c2,super_resolution__dflow__c2,super_resolution,prob_0f6cb8346c07d449,ALL,jit,standard_flow,torch,pixel,dflow,D-Flow,1.0,1.0,0.0,0.0,1.0,flow_ascending,pure_prior_noise,upsample_bicubic,1,euler,,,1.0,1.0,1.0,,,,0.1,adam,,,half_mean_squared_per_measurement,,,,,,,640,,,not_applicable,not_applicable,method,not_applicable,not_applicable,not_applicable,22.74063626741377,0.49533684211734424,0.5217651873826981,0.15786699950695038,,,,,,22.72518401401371,0.6367004835325139,0.2324478104710579,24.165853270405385,488.0353997303173,61.00442496628966,1,2564,1282,1280,1280,1280,1282,1280,1280,1280,1280,0,1282,1280,,,,,,,,,,,,0,0,0,0,0.0,,,,,,,,,,,,,,,,,,,,,,,0.3209,1.781,1.46,torch.cuda.max_memory_allocated,,,,unavailable,4,8,0,0.5108,2.79,42,0,seed=42|model=jit|rep=0,5ea4a50404d5d00f,f1de5afd71310f5c,54f1d6fb09baa24b,source_imagenet_class,3.0,ok,,,2026-09-09T11:33:20.657849
stage2_jit,37834409b9f6,super_resolution__dflow__c3,super_resolution__dflow__c3,super_resolution,prob_0f6cb8346c07d449,ALL,jit,standard_flow,torch,pixel,dflow,D-Flow,1.0,1.0,0.0,0.0,1.0,flow_ascending,pure_prior_noise,upsample_bicubic,1,euler,,,1.0,1.0,1.0,,,,0.3,adam,,,half_mean_squared_per_measurement,,,,,,,320,,,not_applicable,not_applicable,method,not_applicable,not_applicable,not_applicable,21.330650982822185,0.4109552588294856,0.6021690294146538,0.19169047474861145,,,,,,22.72518401401371,0.6367004835325139,0.2324478104710579,24.165853270405385,244.41487790551037,30.551859738188796,1,1284,642,640,640,640,642,640,640,640,640,0,642,640,,,,,,,,,,,,0,0,0,0,0.0,,,,,,,,,,,,,,,,,,,,,,,0.3209,1.781,1.46,torch.cuda.max_memory_allocated,,,,unavailable,4,8,0,0.5108,2.79,42,0,seed=42|model=jit|rep=0,5ea4a50404d5d00f,f1de5afd71310f5c,54f1d6fb09baa24b,source_imagenet_class,3.0,ok,,,2026-09-09T11:37:25.907569
stage2_jit,e37ec45f3591,super_resolution__dflow__c4,super_resolution__dflow__c4,super_resolution,prob_0f6cb8346c07d449,ALL,jit,standard_flow,torch,pixel,dflow,D-Flow,1.0,1.0,0.0,0.0,1.0,flow_ascending,pure_prior_noise,upsample_bicubic,1,euler,,,1.0,1.0,1.0,,,,0.03,adam,,,half_mean_squared_per_measurement,,,,,,,320,,,not_applicable,not_applicable,method,not_applicable,not_applicable,not_applicable,19.172672321152035,0.3165041430876938,0.719443753361702,0.2402493804693222,,,,,,22.72518401401371,0.6367004835325139,0.2324478104710579,24.165853270405385,244.40096441935748,30.550120552419685,1,1284,642,640,640,640,642,640,640,640,640,0,642,640,,,,,,,,,,,,0,0,0,0,0.0,,,,,,,,,,,,,,,,,,,,,,,0.3209,1.781,1.46,torch.cuda.max_memory_allocated,,,,unavailable,4,8,0,0.5108,2.79,42,0,seed=42|model=jit|rep=0,5ea4a50404d5d00f,f1de5afd71310f5c,54f1d6fb09baa24b,source_imagenet_class,3.0,ok,,,2026-09-09T11:41:31.110858
stage2_jit,47d3a4fe8079,super_resolution__dflow__c5,super_resolution__dflow__c5,super_resolution,prob_0f6cb8346c07d449,ALL,jit,standard_flow,torch,pixel,dflow,D-Flow,1.0,1.0,0.0,0.0,1.0,flow_ascending,pure_prior_noise,upsample_bicubic,1,euler,,,1.0,1.0,1.0,,,,0.3,adam,,,half_mean_squared_per_measurement,,,,,,,1280,,,not_applicable,not_applicable,method,not_applicable,not_applicable,not_applicable,24.493199655456642,0.6233745678157694,0.36636821925640106,0.10524420440196991,,,,,,22.72518401401371,0.6367004835325139,0.2324478104710579,24.165853270405385,894.599979730323,111.82499746629037,1,5124,2562,2560,2560,2560,2562,2560,2560,2560,2560,0,2562,2560,,,,,,,,,,,,0,0,0,0,0.0,,,,,,,,,,,,,,,,,,,,,,,0.3209,1.7695,1.4486,torch.cuda.max_memory_allocated,,,,unavailable,4,8,0,0.6142,2.55,42,0,seed=42|model=jit|rep=0,5ea4a50404d5d00f,f1de5afd71310f5c,54f1d6fb09baa24b,source_imagenet_class,3.0,ok,,,2026-09-09T10:35:53.428385
stage2_jit,4c84c8ce670d,super_resolution__dflow__c6,super_resolution__dflow__c6,super_resolution,prob_0f6cb8346c07d449,ALL,jit,standard_flow,torch,pixel,dflow,D-Flow,1.0,1.0,0.0,0.0,1.0,flow_ascending,pure_prior_noise,upsample_bicubic,1,euler,,,1.0,1.0,1.0,,,,0.95,adam,,,half_mean_squared_per_measurement,,,,,,,640,,,not_applicable,not_applicable,method,not_applicable,not_applicable,not_applicable,22.631703110232635,0.48849403980389305,0.5172190181910992,0.16055817902088165,,,,,,22.72518401401371,0.6367004835325139,0.2324478104710579,24.165853270405385,454.4102904051542,56.80128630064428,1,2564,1282,1280,1280,1280,1282,1280,1280,1280,1280,0,1282,1280,,,,,,,,,,,,0,0,0,0,0.0,,,,,,,,,,,,,,,,,,,,,,,0.3209,1.781,1.46,torch.cuda.max_memory_allocated,,,,unavailable,4,8,0,0.6142,2.55,42,0,seed=42|model=jit|rep=0,5ea4a50404d5d00f,f1de5afd71310f5c,54f1d6fb09baa24b,source_imagenet_class,3.0,ok,,,2026-09-09T10:43:29.447964
stage2_jit,32d59cc3f18c,super_resolution__mpc_rhc__c1,super_resolution__mpc_rhc__c1,super_resolution,prob_0f6cb8346c07d449,ALL,jit,standard_flow,torch,pixel,mpc_rhc,MPC-RHC (K=2),1.0,1.0,0.0,0.0,1.0,flow_ascending,pure_prior_noise,upsample_bicubic,,,4,0.25,0.25,0.25,0.25,2,720.0,40,0.05,adam,False,,half_sum_squared,sum_squared,,,,,,,,,method,method,method,not_applicable,not_applicable,not_applicable,26.113990207022887,0.7467194722431766,0.14914696384221315,0.06972678005695343,,,,,,22.72518401401371,0.6367004835325139,0.2324478104710579,24.165853270405385,109.136883424595,13.642110428074375,4,656,328,320,320,320,328,320,0,0,0,0,320,0,,,,,,,,,,,,0,0,0,0,0.0,,,,,,,,,,,,,,,,,,,,,,,0.3209,1.8165,1.4956,torch.cuda.max_memory_allocated,,,,unavailable,4,8,0,2.0675,2.55,42,0,seed=42|model=jit|rep=0,5ea4a50404d5d00f,f1de5afd71310f5c,54f1d6fb09baa24b,source_imagenet_class,3.0,ok,,,2026-09-09T10:56:58.961387
stage2_jit,919fdf64119b,super_resolution__mpc_rhc__c2,super_resolution__mpc_rhc__c2,super_resolution,prob_0f6cb8346c07d449,ALL,jit,standard_flow,torch,pixel,mpc_rhc,MPC-RHC (K=2),1.0,1.0,0.0,0.0,1.0,flow_ascending,pure_prior_noise,upsample_bicubic,,,4,0.25,0.25,0.25,0.25,2,240.0,40,0.05,adam,False,,half_sum_squared,sum_squared,,,,,,,,,method,method,method,not_applicable,not_applicable,not_applicable,26.519437679407726,0.7504490770574772,0.15277223428711295,0.0680016279220581,,,,,,22.72518401401371,0.6367004835325139,0.2324478104710579,24.165853270405385,109.14591228403151,13.643239035503939,4,656,328,320,320,320,328,320,0,0,0,0,320,0,,,,,,,,,,,,0,0,0,0,0.0,,,,,,,,,,,,,,,,,,,,,,,0.3209,1.8165,1.4956,torch.cuda.max_memory_allocated,,,,unavailable,4,8,0,2.0675,2.55,42,0,seed=42|model=jit|rep=0,5ea4a50404d5d00f,f1de5afd71310f5c,54f1d6fb09baa24b,source_imagenet_class,3.0,ok,,,2026-09-09T10:58:48.889160
stage2_jit,c65f5e19f832,super_resolution__mpc_rhc__c3,super_resolution__mpc_rhc__c3,super_resolution,prob_0f6cb8346c07d449,ALL,jit,standard_flow,torch,pixel,mpc_rhc,MPC-RHC (K=2),1.0,1.0,0.0,0.0,1.0,flow_ascending,pure_prior_noise,upsample_bicubic,,,4,0.25,0.25,0.25,0.25,2,180.0,40,0.02,adam,False,,half_sum_squared,sum_squared,,,,,,,,,method,method,method,not_applicable,not_applicable,not_applicable,25.987598170654422,0.7427735600087815,0.15651217848062515,0.07695657759904861,,,,,,22.72518401401371,0.6367004835325139,0.2324478104710579,24.165853270405385,109.1587516516447,13.644843956455588,4,656,328,320,320,320,328,320,0,0,0,0,320,0,,,,,,,,,,,,0,0,0,0,0.0,,,,,,,,,,,,,,,,,,,,,,,0.3209,1.8165,1.4956,torch.cuda.max_memory_allocated,,,,unavailable,4,8,0,2.0675,2.55,42,0,seed=42|model=jit|rep=0,5ea4a50404d5d00f,f1de5afd71310f5c,54f1d6fb09baa24b,source_imagenet_class,3.0,ok,,,2026-09-09T11:00:38.808932
stage2_jit,7640b2e0e250,super_resolution__mpc_rhc__c4,super_resolution__mpc_rhc__c4,super_resolution,prob_0f6cb8346c07d449,ALL,jit,standard_flow,torch,pixel,mpc_rhc,MPC-RHC (K=3),1.0,1.0,0.0,0.0,1.0,flow_ascending,pure_prior_noise,upsample_bicubic,,,4,0.25,0.25,0.25,0.25,3,240.0,40,0.05,adam,False,,half_sum_squared,sum_squared,,,,,,,,,method,method,method,not_applicable,not_applicable,not_applicable,26.485140948994296,0.751067110681044,0.1631775191053748,0.07078106701374054,,,,,,22.72518401401371,0.6367004835325139,0.2324478104710579,24.165853270405385,220.04548829048872,27.50568603631109,4,1296,648,640,320,640,648,640,0,0,0,0,320,0,,,,,,,,,,,,0,0,0,0,0.0,,,,,,,,,,,,,,,,,,,,,,,0.3209,3.2489,2.9279,torch.cuda.max_memory_allocated,,,,unavailable,4,8,0,3.4655,2.55,42,0,seed=42|model=jit|rep=0,5ea4a50404d5d00f,f1de5afd71310f5c,54f1d6fb09baa24b,source_imagenet_class,3.0,ok,,,2026-09-09T11:04:23.062975
stage2_jit,48d11271a2cb,super_resolution__mpc_rhc__c5,super_resolution__mpc_rhc__c5,super_resolution,prob_0f6cb8346c07d449,ALL,jit,standard_flow,torch,pixel,mpc_rhc,MPC-RHC (K=2),1.0,1.0,0.0,0.0,1.0,flow_ascending,pure_prior_noise,upsample_bicubic,,,4,0.25,0.25,0.25,0.25,2,1600.0,40,0.05,adam,False,,half_sum_squared,sum_squared,,,,,,,,,method,method,method,not_applicable,not_applicable,not_applicable,25.448316385567317,0.7143507043465955,0.17374450713396072,0.07629784196615219,,,,,,22.72518401401371,0.6367004835325139,0.2324478104710579,24.165853270405385,109.04239418078214,13.630299272597767,4,656,328,320,320,320,328,320,0,0,0,0,320,0,,,,,,,,,,,,0,0,0,0,0.0,,,,,,,,,,,,,,,,,,,,,,,0.3209,1.8165,1.4956,torch.cuda.max_memory_allocated,,,,unavailable,4,8,0,2.0675,2.55,42,0,seed=42|model=jit|rep=0,5ea4a50404d5d00f,f1de5afd71310f5c,54f1d6fb09baa24b,source_imagenet_class,3.0,ok,,,2026-09-09T11:06:12.918848
stage2_jit,6c135b8728d3,super_resolution__mpc_delta_t__c1,super_resolution__mpc_delta_t__c1,super_resolution,prob_0f6cb8346c07d449,ALL,jit,standard_flow,torch,pixel,mpc_delta_t,MPC-delta_t,1.0,1.0,0.0,0.0,1.0,flow_ascending,pure_prior_noise,upsample_bicubic,,,8,0.125,0.125,0.125,0.125,,540.0,20,0.1,adam,False,,half_sum_squared,sum_squared,none,,,,,,,,method,method,method,not_applicable,not_applicable,not_applicable,26.343916033621664,0.77598032618487,0.10137636261060834,0.0143904322758317,,,,,,22.72518401401371,0.6367004835325139,0.2324478104710579,24.165853270405385,98.79799198266119,12.349748997832648,8,592,296,280,320,280,296,280,0,0,0,0,320,0,,,,,,,,,,,,0,0,0,0,0.0,,,,,,,,,,,,,,,,,,,,,,,0.3209,1.8002,1.4792,torch.cuda.max_memory_allocated,,,,unavailable,4,8,0,3.8695,2.55,42,0,seed=42|model=jit|rep=0,5ea4a50404d5d00f,f1de5afd71310f5c,54f1d6fb09baa24b,source_imagenet_class,3.0,ok,,,2026-09-09T10:45:12.966106
stage2_jit,157aba0cd62d,super_resolution__mpc_delta_t__c2,super_resolution__mpc_delta_t__c2,super_resolution,prob_0f6cb8346c07d449,ALL,jit,standard_flow,torch,pixel,mpc_delta_t,MPC-delta_t,1.0,1.0,0.0,0.0,1.0,flow_ascending,pure_prior_noise,upsample_bicubic,,,8,0.125,0.125,0.125,0.125,,540.0,40,0.05,adam,False,,half_sum_squared,sum_squared,none,,,,,,,,method,method,method,not_applicable,not_applicable,not_applicable,26.298939318986516,0.7757997826394386,0.10067495563998818,0.013178296387195587,,,,,,22.72518401401371,0.6367004835325139,0.2324478104710579,24.165853270405385,188.26512748096138,23.533140935120173,8,1152,576,560,640,560,576,560,0,0,0,0,640,0,,,,,,,,,,,,0,0,0,0,0.0,,,,,,,,,,,,,,,,,,,,,,,0.3209,1.8002,1.4792,torch.cuda.max_memory_allocated,,,,unavailable,4,8,0,3.8695,2.55,42,0,seed=42|model=jit|rep=0,5ea4a50404d5d00f,f1de5afd71310f5c,54f1d6fb09baa24b,source_imagenet_class,3.0,ok,,,2026-09-09T10:48:22.016769
stage2_jit,fb6af99e042f,super_resolution__mpc_delta_t__c3,super_resolution__mpc_delta_t__c3,super_resolution,prob_0f6cb8346c07d449,ALL,jit,standard_flow,torch,pixel,mpc_delta_t,MPC-delta_t,1.0,1.0,0.0,0.0,1.0,flow_ascending,pure_prior_noise,upsample_bicubic,,,8,0.125,0.125,0.125,0.125,,540.0,20,0.15,adam,False,,half_sum_squared,sum_squared,none,,,,,,,,method,method,method,not_applicable,not_applicable,not_applicable,26.275335770693246,0.7763816555050491,0.10227443836629391,0.016523392871022224,,,,,,22.72518401401371,0.6367004835325139,0.2324478104710579,24.165853270405385,95.03962825424969,11.879953531781211,8,592,296,280,320,280,296,280,0,0,0,0,320,0,,,,,,,,,,,,0,0,0,0,0.0,,,,,,,,,,,,,,,,,,,,,,,0.3209,1.8005,1.4796,torch.cuda.max_memory_allocated,,,,unavailable,4,8,0,3.8695,2.55,42,0,seed=42|model=jit|rep=0,5ea4a50404d5d00f,f1de5afd71310f5c,54f1d6fb09baa24b,source_imagenet_class,3.0,ok,,,2026-09-09T10:49:57.781454
stage2_jit,20e83db549d8,super_resolution__mpc_delta_t__c4,super_resolution__mpc_delta_t__c4,super_resolution,prob_0f6cb8346c07d449,ALL,jit,standard_flow,torch,pixel,mpc_delta_t,MPC-delta_t,1.0,1.0,0.0,0.0,1.0,flow_ascending,pure_prior_noise,upsample_bicubic,,,4,0.25,0.25,0.25,0.25,,360.0,20,0.1,adam,False,,half_sum_squared,sum_squared,none,,,,,,,,method,method,method,not_applicable,not_applicable,not_applicable,26.75625163814902,0.7788859442314873,0.10770506970584393,0.014440244995057583,,,,,,22.72518401401371,0.6367004835325139,0.2324478104710579,24.165853270405385,41.027985946275294,5.128498243284412,4,256,128,120,160,120,128,120,0,0,0,0,160,0,,,,,,,,,,,,0,0,0,0,0.0,,,,,,,,,,,,,,,,,,,,,,,0.3209,1.8002,1.4792,torch.cuda.max_memory_allocated,,,,unavailable,4,8,0,1.7007,2.55,42,0,seed=42|model=jit|rep=0,5ea4a50404d5d00f,f1de5afd71310f5c,54f1d6fb09baa24b,source_imagenet_class,3.0,ok,,,2026-09-09T10:50:41.217143
stage2_jit,c87418c0f909,super_resolution__mpc_delta_t__c5,super_resolution__mpc_delta_t__c5,super_resolution,prob_0f6cb8346c07d449,ALL,jit,standard_flow,torch,pixel,mpc_delta_t,MPC-delta_t,1.0,1.0,0.0,0.0,1.0,flow_ascending,pure_prior_noise,upsample_bicubic,,,16,0.0625,0.0625,0.0625,0.0625,,540.0,20,0.1,adam,False,,half_sum_squared,sum_squared,none,,,,,,,,method,method,method,not_applicable,not_applicable,not_applicable,26.5715237109179,0.7794200259031263,0.11610491015017033,0.028860589489340782,,,,,,22.72518401401371,0.6367004835325139,0.2324478104710579,24.165853270405385,207.14170857612044,25.892713572015055,16,1264,632,600,640,600,632,600,0,0,0,0,640,0,,,,,,,,,,,,0,0,0,0,0.0,,,,,,,,,,,,,,,,,,,,,,,0.3209,1.8002,1.4792,torch.cuda.max_memory_allocated,,,,unavailable,4,8,0,7.5675,2.55,42,0,seed=42|model=jit|rep=0,5ea4a50404d5d00f,f1de5afd71310f5c,54f1d6fb09baa24b,source_imagenet_class,3.0,ok,,,2026-09-09T10:54:16.601152
stage2_jit,bbcfab2d2855,super_resolution__mpc_delta_t__c6,super_resolution__mpc_delta_t__c6,super_resolution,prob_0f6cb8346c07d449,ALL,jit,standard_flow,torch,pixel,mpc_delta_t,MPC-delta_t,1.0,1.0,0.0,0.0,1.0,flow_ascending,pure_prior_noise,upsample_bicubic,,,8,0.125,0.125,0.125,0.125,,540.0,10,0.1,adam,False,,half_sum_squared,sum_squared,none,,,,,,,,method,method,method,not_applicable,not_applicable,not_applicable,26.595467395720235,0.7727102224710283,0.10745699284598231,0.01639592833817005,,,,,,22.72518401401371,0.6367004835325139,0.2324478104710579,24.165853270405385,49.73294774442911,6.216618468053639,8,312,156,140,160,140,156,140,0,0,0,0,160,0,,,,,,,,,,,,0,0,0,0,0.0,,,,,,,,,,,,,,,,,,,,,,,0.3209,1.8001,1.4791,torch.cuda.max_memory_allocated,,,,unavailable,4,8,0,3.8695,2.55,42,0,seed=42|model=jit|rep=0,5ea4a50404d5d00f,f1de5afd71310f5c,54f1d6fb09baa24b,source_imagenet_class,3.0,ok,,,2026-09-09T10:55:07.089868
stage2_jit,09e2027fd8e3,super_resolution__rhso__c1,super_resolution__rhso__c1,super_resolution,prob_0f6cb8346c07d449,ALL,jit,standard_flow,torch,pixel,rhso,RHSO,1.0,1.0,0.0,0.0,1.0,flow_ascending,pure_prior_noise,upsample_bicubic,,heun,,,0.25,0.25,0.25,,,,0.01,adam,,,half_mean_squared_per_measurement,,,,,,,40,4,0.2,not_applicable,not_applicable,method,not_applicable,not_applicable,method,26.70490580570928,0.7964831013374418,0.10648317821323872,0.05094152316451073,,,,,,22.72518401401371,0.6367004835325139,0.2324478104710579,24.165853270405385,440.01854534167796,55.002318167709745,4,2588,1294,1280,320,1280,1294,1280,320,320,320,0,320,320,suffix,suffix_integration,,False,False,False,,,,False,,0,0,0,0,0.0,,,,,,,,,,,,,,,,,,,,,,,0.3209,10.2883,9.9674,torch.cuda.max_memory_allocated,,,,unavailable,4,8,0,6.7438,2.55,42,0,seed=42|model=jit|rep=0,5ea4a50404d5d00f,f1de5afd71310f5c,54f1d6fb09baa24b,source_imagenet_class,3.0,ok,,,2026-09-09T11:14:17.808371
stage2_jit,f5bd572e6fb4,super_resolution__rhso__c2,super_resolution__rhso__c2,super_resolution,prob_0f6cb8346c07d449,ALL,jit,standard_flow,torch,pixel,rhso,RHSO,1.0,1.0,0.0,0.0,1.0,flow_ascending,pure_prior_noise,upsample_bicubic,,heun,,,0.25,0.25,0.25,,,,0.02,adam,,,half_mean_squared_per_measurement,,,,,,,40,4,0.2,not_applicable,not_applicable,method,not_applicable,not_applicable,method,26.201930413779763,0.7743357221953058,0.12260777363553643,0.05203261971473694,,,,,,22.72518401401371,0.6367004835325139,0.2324478104710579,24.165853270405385,439.7336943987757,54.96671179984696,4,2588,1294,1280,320,1280,1294,1280,320,320,320,0,320,320,suffix,suffix_integration,,False,False,False,,,,False,,0,0,0,0,0.0,,,,,,,,,,,,,,,,,,,,,,,0.3209,10.2849,9.9639,torch.cuda.max_memory_allocated,,,,unavailable,4,8,0,6.7438,2.55,42,0,seed=42|model=jit|rep=0,5ea4a50404d5d00f,f1de5afd71310f5c,54f1d6fb09baa24b,source_imagenet_class,3.0,ok,,,2026-09-09T11:21:38.575458
stage2_jit,03c4cf6f9109,super_resolution__rhso__c3,super_resolution__rhso__c3,super_resolution,prob_0f6cb8346c07d449,ALL,jit,standard_flow,torch,pixel,rhso,RHSO,1.0,1.0,0.0,0.0,1.0,flow_ascending,pure_prior_noise,upsample_bicubic,,heun,,,0.25,0.25,0.25,,,,0.005,adam,,,half_mean_squared_per_measurement,,,,,,,40,4,0.0,not_applicable,not_applicable,method,not_applicable,not_applicable,method,26.545826773812877,0.7893413253581454,0.1339480560272932,0.07155529409646988,,,,,,22.72518401401371,0.6367004835325139,0.2324478104710579,24.165853270405385,434.5043056467548,54.31303820584435,4,2588,1294,1280,320,1280,1294,1280,320,320,320,0,320,320,suffix,suffix_integration,,False,False,False,,,,False,,0,0,0,0,0.0,,,,,,,,,,,,,,,,,,,,,,,0.3209,10.2864,9.9655,torch.cuda.max_memory_allocated,,,,unavailable,4,8,0,6.7203,2.55,42,0,seed=42|model=jit|rep=0,5ea4a50404d5d00f,f1de5afd71310f5c,54f1d6fb09baa24b,source_imagenet_class,3.0,ok,,,2026-09-09T11:29:00.760945
stage2_jit,741e6a8ad3b5,super_resolution__rhso__c4,super_resolution__rhso__c4,super_resolution,prob_0f6cb8346c07d449,ALL,jit,standard_flow,torch,pixel,rhso,RHSO,1.0,1.0,0.0,0.0,1.0,flow_ascending,pure_prior_noise,upsample_bicubic,,heun,,,0.25,0.25,0.25,,,,0.01,adam,,,half_mean_squared_per_measurement,,,,,,,40,4,0.0,not_applicable,not_applicable,method,not_applicable,not_applicable,method,26.739374517238083,0.7924822764672147,0.1363031892105937,0.04497675225138664,,,,,,22.72518401401371,0.6367004835325139,0.2324478104710579,24.165853270405385,438.4047909518704,54.8005988689838,4,2588,1294,1280,320,1280,1294,1280,320,320,320,0,320,320,suffix,suffix_integration,,False,False,False,,,,False,,0,0,0,0,0.0,,,,,,,,,,,,,,,,,,,,,,,0.3209,10.2861,9.9652,torch.cuda.max_memory_allocated,,,,unavailable,4,8,0,6.7203,2.55,42,0,seed=42|model=jit|rep=0,5ea4a50404d5d00f,f1de5afd71310f5c,54f1d6fb09baa24b,source_imagenet_class,3.0,ok,,,2026-09-09T11:36:20.416737
stage2_jit,47fc01201649,random_inpainting__sdedit__c1,random_inpainting__sdedit__c1,random_inpaint,prob_afb9ac8da51f5e92,ALL,jit,standard_flow,torch,pixel,sdedit,SDEdit,1.0,1.0,0.0,0.0,1.0,flow_ascending,pure_prior_noise,zero_fill,8,heun,,,0.125,0.125,0.125,,,,,,,,,,,,,,,,,,not_applicable,not_applicable,not_applicable,not_applicable,not_applicable,not_applicable,10.136560848884644,-0.006214087278447855,0.7196521237492561,0.3795660436153412,0.691521274292461,9.224489003383896,,0.6921228338933338,9.216936366687506,12.719088983386953,0.152621716640785,1.0188368633389473,12.719088983386953,4.2431005500257015,0.5303875687532127,8,60,30,0,0,0,30,0,0,0,0,0,0,0,,,,,,,,,,,,0,0,0,0,0.0,,,,,,,,,,,,,,,,,,,,,,,0.3209,0.4018,0.0808,torch.cuda.max_memory_allocated,,,,unavailable,4,8,0,2.0548,2.79,42,0,seed=42|model=jit|rep=0,0f6770a3fd505440,161f0ec2d4e64414,54f1d6fb09baa24b,source_imagenet_class,3.0,ok,,,2026-09-09T11:17:57.666322
stage2_jit,b83edfc5eada,random_inpainting__sdedit__c2,random_inpainting__sdedit__c2,random_inpaint,prob_afb9ac8da51f5e92,ALL,jit,standard_flow,torch,pixel,sdedit,SDEdit,1.0,1.0,0.0,0.0,1.0,flow_ascending,pure_prior_noise,zero_fill,25,heun,,,0.04,0.039999999999999925,0.040000000000000036,,,,,,,,,,,,,,,,,,not_applicable,not_applicable,not_applicable,not_applicable,not_applicable,not_applicable,9.220865860470195,-0.010504913378455216,0.7151687070727348,0.4230378568172455,0.7704525737507472,8.285681707408814,,0.7714064981792539,8.274934054115361,12.719088983386953,0.152621716640785,1.0188368633389473,12.719088983386953,13.851979556493461,1.7314974445616826,25,196,98,0,0,0,98,0,0,0,0,0,0,0,,,,,,,,,,,,0,0,0,0,0.0,,,,,,,,,,,,,,,,,,,,,,,0.3209,0.4018,0.0808,torch.cuda.max_memory_allocated,,,,unavailable,4,8,0,7.016,2.79,42,0,seed=42|model=jit|rep=0,0f6770a3fd505440,161f0ec2d4e64414,54f1d6fb09baa24b,source_imagenet_class,3.0,ok,,,2026-09-09T11:18:19.254677
stage2_jit,a1c1c9ad6660,random_inpainting__sdedit__c3,random_inpainting__sdedit__c3,random_inpaint,prob_afb9ac8da51f5e92,ALL,jit,standard_flow,torch,pixel,sdedit,SDEdit,1.0,1.0,0.0,0.0,1.0,flow_ascending,pure_prior_noise,zero_fill,4,heun,,,0.25,0.25,0.25,,,,,,,,,,,,,,,,,,not_applicable,not_applicable,not_applicable,not_applicable,not_applicable,not_applicable,10.867823917152265,-0.0039540210828773875,0.7590596228837967,0.3555493950843811,0.6479453481645266,9.789832388198743,,0.6483190282042511,9.784824546073207,12.719088983386953,0.152621716640785,1.0188368633389473,12.719088983386953,2.0174781773239374,0.2521847721654922,4,28,14,0,0,0,14,0,0,0,0,0,0,0,,,,,,,,,,,,0,0,0,0,0.0,,,,,,,,,,,,,,,,,,,,,,,0.3209,0.4018,0.0808,torch.cuda.max_memory_allocated,,,,unavailable,4,8,0,1.0347,2.79,42,0,seed=42|model=jit|rep=0,0f6770a3fd505440,161f0ec2d4e64414,54f1d6fb09baa24b,source_imagenet_class,3.0,ok,,,2026-09-09T11:18:22.976818
stage2_jit,a2b069ab420e,random_inpainting__pnp__c1,random_inpainting__pnp__c1,random_inpaint,prob_afb9ac8da51f5e92,ALL,jit,standard_flow,torch,pixel,pnp,PnP-Flow,1.0,1.0,0.0,0.0,1.0,flow_ascending,pure_prior_noise,zero_fill,,,,,0.0196078431372549,0.019607843137254832,0.019607843137254943,,,,,,,,half_mean_squared_per_measurement,,,50,100000.0,0.1,1,,,,not_applicable,not_applicable,not_applicable,method,method,not_applicable,26.422535336968878,0.7954313544524313,0.09742234833538532,0.012179349549114704,0.13515231779276582,23.40412995276573,,0.02314617035905404,38.73101700794041,12.719088983386953,0.152621716640785,1.0188368633389473,12.719088983386953,20.154254130087793,2.519281766260974,50,204,102,0,0,0,102,0,100,100,0,102,100,100,,,,,,,,,,,,0,0,0,0,0.0,,,,,,,,,,,,,,,,,,,,,,,0.3209,0.4163,0.0954,torch.cuda.max_memory_allocated,,,,unavailable,4,8,0,10.3531,2.79,42,0,seed=42|model=jit|rep=0,0f6770a3fd505440,161f0ec2d4e64414,54f1d6fb09baa24b,source_imagenet_class,3.0,ok,,,2026-09-09T10:42:11.505874
stage2_jit,6fd4e4d5910a,random_inpainting__pnp__c2,random_inpainting__pnp__c2,random_inpaint,prob_afb9ac8da51f5e92,ALL,jit,standard_flow,torch,pixel,pnp,PnP-Flow,1.0,1.0,0.0,0.0,1.0,flow_ascending,pure_prior_noise,zero_fill,,,,,0.047619047619047616,0.04761904761904756,0.04761904761904767,,,,,,,,half_mean_squared_per_measurement,,,20,200000.0,0.25,1,,,,not_applicable,not_applicable,not_applicable,method,method,not_applicable,26.43799242047953,0.7915976952335747,0.09979900624603033,0.024757379665970802,0.13327796517622623,23.525432842992156,,0.04455781147090343,33.04212288103062,12.719088983386953,0.152621716640785,1.0188368633389473,12.719088983386953,8.44077373854816,1.05509671731852,20,84,42,0,0,0,42,0,40,40,0,42,40,40,,,,,,,,,,,,0,0,0,0,0.0,,,,,,,,,,,,,,,,,,,,,,,0.3209,0.4154,0.0945,torch.cuda.max_memory_allocated,,,,unavailable,4,8,0,4.2755,2.79,42,0,seed=42|model=jit|rep=0,0f6770a3fd505440,161f0ec2d4e64414,54f1d6fb09baa24b,source_imagenet_class,3.0,ok,,,2026-09-09T10:42:24.894171
stage2_jit,da269bdcd540,random_inpainting__pnp__c3,random_inpainting__pnp__c3,random_inpaint,prob_afb9ac8da51f5e92,ALL,jit,standard_flow,torch,pixel,pnp,PnP-Flow,1.0,1.0,0.0,0.0,1.0,flow_ascending,pure_prior_noise,zero_fill,,,,,0.09090909090909091,0.09090909090909083,0.09090909090909094,,,,,,,,half_mean_squared_per_measurement,,,10,200000.0,0.25,1,,,,not_applicable,not_applicable,not_applicable,method,method,not_applicable,26.048908866310324,0.7638795557129721,0.11167392879724503,0.03304724767804146,0.1331061102794462,23.536640066034526,,0.05967290084249606,30.50505690425522,12.719088983386953,0.152621716640785,1.0188368633389473,12.719088983386953,4.290698885917664,0.536337360739708,10,44,22,0,0,0,22,0,20,20,0,22,20,20,,,,,,,,,,,,0,0,0,0,0.0,,,,,,,,,,,,,,,,,,,,,,,0.3209,0.4163,0.0954,torch.cuda.max_memory_allocated,,,,unavailable,4,8,0,2.1541,2.79,42,0,seed=42|model=jit|rep=0,0f6770a3fd505440,161f0ec2d4e64414,54f1d6fb09baa24b,source_imagenet_class,3.0,ok,,,2026-09-09T10:42:32.157740
stage2_jit,72a9d65ae3d8,random_inpainting__dflow__c1,random_inpainting__dflow__c1,random_inpaint,prob_afb9ac8da51f5e92,ALL,jit,standard_flow,torch,pixel,dflow,D-Flow,1.0,1.0,0.0,0.0,1.0,flow_ascending,pure_prior_noise,zero_fill,1,euler,,,1.0,1.0,1.0,,,,0.3,adam,,,half_mean_squared_per_measurement,,,,,,,640,,,not_applicable,not_applicable,method,not_applicable,not_applicable,not_applicable,23.047091283044317,0.5198118024928298,0.4881729260087013,0.07548241317272186,0.16178960131202158,21.84158781719042,,0.13730747494705062,23.26671630038854,12.719088983386953,0.152621716640785,1.0188368633389473,12.719088983386953,328.95069812145084,41.118837265181355,1,2564,1282,1280,1280,1280,1282,1280,1280,1280,1280,0,1282,1280,,,,,,,,,,,,0,0,0,0,0.0,,,,,,,,,,,,,,,,,,,,,,,0.3209,1.7849,1.4639,torch.cuda.max_memory_allocated,,,,unavailable,4,8,0,0.4749,2.34,42,0,seed=42|model=jit|rep=0,0f6770a3fd505440,161f0ec2d4e64414,54f1d6fb09baa24b,source_imagenet_class,3.0,ok,,,2026-09-09T11:08:00.164638
stage2_jit,59c4f56c24d6,random_inpainting__dflow__c2,random_inpainting__dflow__c2,random_inpaint,prob_afb9ac8da51f5e92,ALL,jit,standard_flow,torch,pixel,dflow,D-Flow,1.0,1.0,0.0,0.0,1.0,flow_ascending,pure_prior_noise,zero_fill,1,euler,,,1.0,1.0,1.0,,,,0.1,adam,,,half_mean_squared_per_measurement,,,,,,,640,,,not_applicable,not_applicable,method,not_applicable,not_applicable,not_applicable,22.568439824515192,0.4860452233477216,0.5321168638765812,0.08194667100906372,0.17012424112701105,21.4052758941024,,0.1491205071406445,22.54985247338073,12.719088983386953,0.152621716640785,1.0188368633389473,12.719088983386953,320.60936844162643,40.076171055203304,1,2564,1282,1280,1280,1280,1282,1280,1280,1280,1280,0,1282,1280,,,,,,,,,,,,0,0,0,0,0.0,,,,,,,,,,,,,,,,,,,,,,,0.3209,1.7837,1.4628,torch.cuda.max_memory_allocated,,,,unavailable,4,8,0,0.4749,2.34,42,0,seed=42|model=jit|rep=0,0f6770a3fd505440,161f0ec2d4e64414,54f1d6fb09baa24b,source_imagenet_class,3.0,ok,,,2026-09-09T11:13:21.625189
stage2_jit,2c2d18da9e70,random_inpainting__dflow__c3,random_inpainting__dflow__c3,random_inpaint,prob_afb9ac8da51f5e92,ALL,jit,standard_flow,torch,pixel,dflow,D-Flow,1.0,1.0,0.0,0.0,1.0,flow_ascending,pure_prior_noise,zero_fill,1,euler,,,1.0,1.0,1.0,,,,0.3,adam,,,half_mean_squared_per_measurement,,,,,,,320,,,not_applicable,not_applicable,method,not_applicable,not_applicable,not_applicable,21.2580646184645,0.40759663408712266,0.6055649295449257,0.10010191798210144,0.19475123154243965,20.230995659517784,,0.1822778797936734,20.805920546370867,12.719088983386953,0.152621716640785,1.0188368633389473,12.719088983386953,164.5480752028525,20.56850940035656,1,1284,642,640,640,640,642,640,640,640,640,0,642,640,,,,,,,,,,,,0,0,0,0,0.0,,,,,,,,,,,,,,,,,,,,,,,0.3209,1.7837,1.4628,torch.cuda.max_memory_allocated,,,,unavailable,4,8,0,0.4749,2.34,42,0,seed=42|model=jit|rep=0,0f6770a3fd505440,161f0ec2d4e64414,54f1d6fb09baa24b,source_imagenet_class,3.0,ok,,,2026-09-09T11:16:06.987784
stage2_jit,2ef643e0e657,random_inpainting__dflow__c4,random_inpainting__dflow__c4,random_inpaint,prob_afb9ac8da51f5e92,ALL,jit,standard_flow,torch,pixel,dflow,D-Flow,1.0,1.0,0.0,0.0,1.0,flow_ascending,pure_prior_noise,zero_fill,1,euler,,,1.0,1.0,1.0,,,,0.03,adam,,,half_mean_squared_per_measurement,,,,,,,320,,,not_applicable,not_applicable,method,not_applicable,not_applicable,not_applicable,19.171660777383366,0.3160928828427251,0.7199865654110909,0.12768639624118805,0.23795300866663593,18.49077590591024,,0.2326399947562352,18.68691232548291,12.719088983386953,0.152621716640785,1.0188368633389473,12.719088983386953,152.68644332885742,19.085805416107178,1,1284,642,640,640,640,642,640,640,640,640,0,642,640,,,,,,,,,,,,0,0,0,0,0.0,,,,,,,,,,,,,,,,,,,,,,,0.3209,1.7837,1.4628,torch.cuda.max_memory_allocated,,,,unavailable,4,8,0,0.4749,2.34,42,0,seed=42|model=jit|rep=0,0f6770a3fd505440,161f0ec2d4e64414,54f1d6fb09baa24b,source_imagenet_class,3.0,ok,,,2026-09-09T11:18:40.462613
stage2_jit,e3fb0b0a0d0c,random_inpainting__dflow__c5,random_inpainting__dflow__c5,random_inpaint,prob_afb9ac8da51f5e92,ALL,jit,standard_flow,torch,pixel,dflow,D-Flow,1.0,1.0,0.0,0.0,1.0,flow_ascending,pure_prior_noise,zero_fill,1,euler,,,1.0,1.0,1.0,,,,0.3,adam,,,half_mean_squared_per_measurement,,,,,,,1280,,,not_applicable,not_applicable,method,not_applicable,not_applicable,not_applicable,24.24252287384748,0.6173396614761378,0.38990407064557076,0.05302894487977028,0.149025654568209,22.55537915196774,,0.09630996086623944,26.34717578542461,12.719088983386953,0.152621716640785,1.0188368633389473,12.719088983386953,764.6380949541926,95.57976186927408,1,5124,2562,2560,2560,2560,2562,2560,2560,2560,2560,0,2562,2560,,,,,,,,,,,,0,0,0,0,0.0,,,,,,,,,,,,,,,,,,,,,,,0.3209,1.7837,1.4628,torch.cuda.max_memory_allocated,,,,unavailable,4,8,0,0.4749,2.34,42,0,seed=42|model=jit|rep=0,0f6770a3fd505440,161f0ec2d4e64414,54f1d6fb09baa24b,source_imagenet_class,3.0,ok,,,2026-09-09T11:31:25.949864
stage2_jit,592ff0472bbf,random_inpainting__dflow__c6,random_inpainting__dflow__c6,random_inpaint,prob_afb9ac8da51f5e92,ALL,jit,standard_flow,torch,pixel,dflow,D-Flow,1.0,1.0,0.0,0.0,1.0,flow_ascending,pure_prior_noise,zero_fill,1,euler,,,1.0,1.0,1.0,,,,0.95,adam,,,half_mean_squared_per_measurement,,,,,,,640,,,not_applicable,not_applicable,method,not_applicable,not_applicable,not_applicable,22.42454536841117,0.4776763560386427,0.5264547504484653,0.08232876658439636,0.1721470083330424,21.302610319400543,,0.1498318421902502,22.508517528793174,12.719088983386953,0.152621716640785,1.0188368633389473,12.719088983386953,436.39087461680174,54.54885932710022,1,2564,1282,1280,1280,1280,1282,1280,1280,1280,1280,0,1282,1280,,,,,,,,,,,,0,0,0,0,0.0,,,,,,,,,,,,,,,,,,,,,,,0.3209,1.7837,1.4628,torch.cuda.max_memory_allocated,,,,unavailable,4,8,0,0.4749,2.34,42,0,seed=42|model=jit|rep=0,0f6770a3fd505440,161f0ec2d4e64414,54f1d6fb09baa24b,source_imagenet_class,3.0,ok,,,2026-09-09T11:38:43.183376
stage2_jit,cb8b85a87043,random_inpainting__mpc_rhc__c1,random_inpainting__mpc_rhc__c1,random_inpaint,prob_afb9ac8da51f5e92,ALL,jit,standard_flow,torch,pixel,mpc_rhc,MPC-RHC (K=2),1.0,1.0,0.0,0.0,1.0,flow_ascending,pure_prior_noise,zero_fill,,,4,0.25,0.25,0.25,0.25,2,180.0,40,0.05,adam,False,,half_sum_squared,sum_squared,,,,,,,,,method,method,method,not_applicable,not_applicable,not_applicable,25.96549699800022,0.7239550688274825,0.17713691852986813,0.03521087393164635,0.1281239804408846,23.86799146382501,,0.0636213648678155,29.94854027764444,12.719088983386953,0.152621716640785,1.0188368633389473,12.719088983386953,116.72085724491626,14.590107155614533,4,656,328,320,320,320,328,320,0,0,0,0,320,0,,,,,,,,,,,,0,0,0,0,0.0,,,,,,,,,,,,,,,,,,,,,,,0.3209,1.8179,1.4969,torch.cuda.max_memory_allocated,,,,unavailable,4,8,0,2.7478,2.79,42,0,seed=42|model=jit|rep=0,0f6770a3fd505440,161f0ec2d4e64414,54f1d6fb09baa24b,source_imagenet_class,3.0,ok,,,2026-09-09T10:33:48.264784
stage2_jit,89c4cf9075a1,random_inpainting__mpc_rhc__c2,random_inpainting__mpc_rhc__c2,random_inpaint,prob_afb9ac8da51f5e92,ALL,jit,standard_flow,torch,pixel,mpc_rhc,MPC-RHC (K=2),1.0,1.0,0.0,0.0,1.0,flow_ascending,pure_prior_noise,zero_fill,,,4,0.25,0.25,0.25,0.25,2,240.0,40,0.02,adam,False,,half_sum_squared,sum_squared,,,,,,,,,method,method,method,not_applicable,not_applicable,not_applicable,25.799961507510474,0.7343054745181692,0.1717049004510045,0.04009813442826271,0.13470003630039593,23.43324565805384,,0.07264012352588377,28.79706843248929,12.719088983386953,0.152621716640785,1.0188368633389473,12.719088983386953,120.12664985284209,15.015831231605262,4,656,328,320,320,320,328,320,0,0,0,0,320,0,,,,,,,,,,,,0,0,0,0,0.0,,,,,,,,,,,,,,,,,,,,,,,0.3209,1.82,1.499,torch.cuda.max_memory_allocated,,,,unavailable,4,8,0,2.7478,2.79,42,0,seed=42|model=jit|rep=0,0f6770a3fd505440,161f0ec2d4e64414,54f1d6fb09baa24b,source_imagenet_class,3.0,ok,,,2026-09-09T10:35:49.684196
stage2_jit,e4bd458c10fb,random_inpainting__mpc_rhc__c3,random_inpainting__mpc_rhc__c3,random_inpaint,prob_afb9ac8da51f5e92,ALL,jit,standard_flow,torch,pixel,mpc_rhc,MPC-RHC (K=2),1.0,1.0,0.0,0.0,1.0,flow_ascending,pure_prior_noise,zero_fill,,,4,0.25,0.25,0.25,0.25,2,720.0,40,0.05,adam,False,,half_sum_squared,sum_squared,,,,,,,,,method,method,method,not_applicable,not_applicable,not_applicable,25.822940772920905,0.7229848756621069,0.1798862274736166,0.036815810948610306,0.13301497904490098,23.542588905931368,,0.06660239980488958,29.55080235592634,12.719088983386953,0.152621716640785,1.0188368633389473,12.719088983386953,116.08991022780538,14.511238778475672,4,656,328,320,320,320,328,320,0,0,0,0,320,0,,,,,,,,,,,,0,0,0,0,0.0,,,,,,,,,,,,,,,,,,,,,,,0.3209,1.82,1.499,torch.cuda.max_memory_allocated,,,,unavailable,4,8,0,2.7478,2.79,42,0,seed=42|model=jit|rep=0,0f6770a3fd505440,161f0ec2d4e64414,54f1d6fb09baa24b,source_imagenet_class,3.0,ok,,,2026-09-09T10:37:47.028135
stage2_jit,d8320c985ba2,random_inpainting__mpc_rhc__c4,random_inpainting__mpc_rhc__c4,random_inpaint,prob_afb9ac8da51f5e92,ALL,jit,standard_flow,torch,pixel,mpc_rhc,MPC-RHC (K=3),1.0,1.0,0.0,0.0,1.0,flow_ascending,pure_prior_noise,zero_fill,,,4,0.25,0.25,0.25,0.25,3,180.0,40,0.05,adam,False,,half_sum_squared,sum_squared,,,,,,,,,method,method,method,not_applicable,not_applicable,not_applicable,26.061477898527727,0.7284843137032435,0.17860503867268562,0.0361931212246418,0.12764296650544343,23.900662134787865,,0.06542765709076412,29.705372536128102,12.719088983386953,0.152621716640785,1.0188368633389473,12.719088983386953,227.94699985906482,28.493374982383102,4,1296,648,640,320,640,648,640,0,0,0,0,320,0,,,,,,,,,,,,0,0,0,0,0.0,,,,,,,,,,,,,,,,,,,,,,,0.3209,3.2494,2.9284,torch.cuda.max_memory_allocated,,,,unavailable,4,8,0,4.0462,2.79,42,0,seed=42|model=jit|rep=0,0f6770a3fd505440,161f0ec2d4e64414,54f1d6fb09baa24b,source_imagenet_class,3.0,ok,,,2026-09-09T10:41:40.029912
stage2_jit,0e43ddd084c7,random_inpainting__mpc_delta_t__c1,random_inpainting__mpc_delta_t__c1,random_inpaint,prob_afb9ac8da51f5e92,ALL,jit,standard_flow,torch,pixel,mpc_delta_t,MPC-delta_t,1.0,1.0,0.0,0.0,1.0,flow_ascending,pure_prior_noise,zero_fill,,,8,0.125,0.125,0.125,0.125,,1000.0,20,0.05,adam,False,,half_sum_squared,sum_squared,none,,,,,,,,method,method,method,not_applicable,not_applicable,not_applicable,27.064187883441463,0.8246515279223061,0.07982058357447386,0.0054429396986961365,0.1272069038464421,23.93038626862772,,0.013429309895116042,43.45952599861509,12.719088983386953,0.152621716640785,1.0188368633389473,12.719088983386953,94.47192731779069,11.808990914723836,8,592,296,280,320,280,296,280,0,0,0,0,320,0,,,,,,,,,,,,0,0,0,0,0.0,,,,,,,,,,,,,,,,,,,,,,,0.3209,1.8061,1.4851,torch.cuda.max_memory_allocated,,,,unavailable,4,8,0,3.6793,2.34,42,0,seed=42|model=jit|rep=0,0f6770a3fd505440,161f0ec2d4e64414,54f1d6fb09baa24b,source_imagenet_class,3.0,ok,,,2026-09-09T11:40:22.099941
stage2_jit,86632c8f4673,random_inpainting__mpc_delta_t__c2,random_inpainting__mpc_delta_t__c2,random_inpaint,prob_afb9ac8da51f5e92,ALL,jit,standard_flow,torch,pixel,mpc_delta_t,MPC-delta_t,1.0,1.0,0.0,0.0,1.0,flow_ascending,pure_prior_noise,zero_fill,,,8,0.125,0.125,0.125,0.125,,540.0,20,0.05,adam,False,,half_sum_squared,sum_squared,none,,,,,,,,method,method,method,not_applicable,not_applicable,not_applicable,27.035536603762004,0.8181917930112934,0.08650600584223866,0.006606058217585087,0.12635838190894608,23.98851879566952,,0.01470345305310933,42.6722131287861,12.719088983386953,0.152621716640785,1.0188368633389473,12.719088983386953,94.91700770054013,11.864625962567516,8,592,296,280,320,280,296,280,0,0,0,0,320,0,,,,,,,,,,,,0,0,0,0,0.0,,,,,,,,,,,,,,,,,,,,,,,0.3209,1.8066,1.4856,torch.cuda.max_memory_allocated,,,,unavailable,4,8,0,3.6793,2.34,42,0,seed=42|model=jit|rep=0,0f6770a3fd505440,161f0ec2d4e64414,54f1d6fb09baa24b,source_imagenet_class,3.0,ok,,,2026-09-09T11:41:57.775774
stage2_jit,02d215ae86d2,random_inpainting__mpc_delta_t__c3,random_inpainting__mpc_delta_t__c3,random_inpaint,prob_afb9ac8da51f5e92,ALL,jit,standard_flow,torch,pixel,mpc_delta_t,MPC-delta_t,1.0,1.0,0.0,0.0,1.0,flow_ascending,pure_prior_noise,zero_fill,,,4,0.25,0.25,0.25,0.25,,540.0,40,0.05,adam,False,,half_sum_squared,sum_squared,none,,,,,,,,method,method,method,not_applicable,not_applicable,not_applicable,27.020680275092523,0.8191748800498424,0.08281130995601416,0.001824872801080346,0.12874428111151548,23.826040982218757,,0.009950125630338194,46.064028629584826,12.719088983386953,0.152621716640785,1.0188368633389473,12.719088983386953,89.87601909879595,11.234502387349494,4,496,248,240,320,240,248,240,0,0,0,0,320,0,,,,,,,,,,,,0,0,0,0,0.0,,,,,,,,,,,,,,,,,,,,,,,0.3209,1.7907,1.4698,torch.cuda.max_memory_allocated,,,,unavailable,4,8,0,1.8093,2.79,42,0,seed=42|model=jit|rep=0,0f6770a3fd505440,161f0ec2d4e64414,54f1d6fb09baa24b,source_imagenet_class,3.0,ok,,,2026-09-09T10:22:30.859137
stage2_jit,7ae8bb773255,random_inpainting__mpc_delta_t__c4,random_inpainting__mpc_delta_t__c4,random_inpaint,prob_afb9ac8da51f5e92,ALL,jit,standard_flow,torch,pixel,mpc_delta_t,MPC-delta_t,1.0,1.0,0.0,0.0,1.0,flow_ascending,pure_prior_noise,zero_fill,,,4,0.25,0.25,0.25,0.25,,540.0,20,0.1,adam,False,,half_sum_squared,sum_squared,none,,,,,,,,method,method,method,not_applicable,not_applicable,not_applicable,27.26027523996254,0.8223831900195837,0.08899177657440305,0.0044732652604579926,0.12517701263951264,24.070108255985716,,0.01246896526097798,44.10399161370549,12.719088983386953,0.152621716640785,1.0188368633389473,12.719088983386953,46.06495112925768,5.75811889115721,4,256,128,120,160,120,128,120,0,0,0,0,160,0,,,,,,,,,,,,0,0,0,0,0.0,,,,,,,,,,,,,,,,,,,,,,,0.3209,1.8081,1.4872,torch.cuda.max_memory_allocated,,,,unavailable,4,8,0,1.8093,2.79,42,0,seed=42|model=jit|rep=0,0f6770a3fd505440,161f0ec2d4e64414,54f1d6fb09baa24b,source_imagenet_class,3.0,ok,,,2026-09-09T10:23:18.396881
stage2_jit,f970854aea39,random_inpainting__mpc_delta_t__c5,random_inpainting__mpc_delta_t__c5,random_inpaint,prob_afb9ac8da51f5e92,ALL,jit,standard_flow,torch,pixel,mpc_delta_t,MPC-delta_t,1.0,1.0,0.0,0.0,1.0,flow_ascending,pure_prior_noise,zero_fill,,,16,0.0625,0.0625,0.0625,0.0625,,1000.0,20,0.05,adam,False,,half_sum_squared,sum_squared,none,,,,,,,,method,method,method,not_applicable,not_applicable,not_applicable,26.81212111667443,0.8156255969703055,0.09601789433509111,0.012575780041515827,0.1303885603374423,23.715810109941266,,0.02396207895878135,38.43011001526253,12.719088983386953,0.152621716640785,1.0188368633389473,12.719088983386953,226.96869411878288,28.37108676484786,16,1264,632,600,640,600,632,600,0,0,0,0,640,0,,,,,,,,,,,,0,0,0,0,0.0,,,,,,,,,,,,,,,,,,,,,,,0.3209,1.8061,1.4851,torch.cuda.max_memory_allocated,,,,unavailable,4,8,0,8.5632,2.79,42,0,seed=42|model=jit|rep=0,0f6770a3fd505440,161f0ec2d4e64414,54f1d6fb09baa24b,source_imagenet_class,3.0,ok,,,2026-09-09T10:27:14.948169
stage2_jit,b3e2e63111ee,random_inpainting__mpc_delta_t__c6,random_inpainting__mpc_delta_t__c6,random_inpaint,prob_afb9ac8da51f5e92,ALL,jit,standard_flow,torch,pixel,mpc_delta_t,MPC-delta_t,1.0,1.0,0.0,0.0,1.0,flow_ascending,pure_prior_noise,zero_fill,,,8,0.125,0.125,0.125,0.125,,1000.0,10,0.05,adam,False,,half_sum_squared,sum_squared,none,,,,,,,,method,method,method,not_applicable,not_applicable,not_applicable,24.88897182977535,0.7328554917669128,0.20535656064748764,0.05045532435178757,0.1505824471201268,22.46511290137159,,0.09225858923309001,26.72046372660091,12.719088983386953,0.152621716640785,1.0188368633389473,12.719088983386953,54.44802204426378,6.8060027555329725,8,312,156,140,160,140,156,140,0,0,0,0,160,0,,,,,,,,,,,,0,0,0,0,0.0,,,,,,,,,,,,,,,,,,,,,,,0.3209,1.8055,1.4846,torch.cuda.max_memory_allocated,,,,unavailable,4,8,0,4.0345,2.79,42,0,seed=42|model=jit|rep=0,0f6770a3fd505440,161f0ec2d4e64414,54f1d6fb09baa24b,source_imagenet_class,3.0,ok,,,2026-09-09T10:28:14.314701
stage2_jit,f1f536a18420,random_inpainting__mpc_delta_t__c7,random_inpainting__mpc_delta_t__c7,random_inpaint,prob_afb9ac8da51f5e92,ALL,jit,standard_flow,torch,pixel,mpc_delta_t,MPC-delta_t,1.0,1.0,0.0,0.0,1.0,flow_ascending,pure_prior_noise,zero_fill,,,8,0.125,0.125,0.125,0.125,,2500.0,20,0.05,adam,False,,half_sum_squared,sum_squared,none,,,,,,,,method,method,method,not_applicable,not_applicable,not_applicable,27.067157312278308,0.8275587974092963,0.08081239275634289,0.0051789977587759495,0.12778148580223572,23.891241240024186,,0.013350752073958796,43.51048529234564,12.719088983386953,0.152621716640785,1.0188368633389473,12.719088983386953,105.69850400928408,13.21231300116051,8,592,296,280,320,280,296,280,0,0,0,0,320,0,,,,,,,,,,,,0,0,0,0,0.0,,,,,,,,,,,,,,,,,,,,,,,0.3209,1.8066,1.4856,torch.cuda.max_memory_allocated,,,,unavailable,4,8,0,4.0345,2.79,42,0,seed=42|model=jit|rep=0,0f6770a3fd505440,161f0ec2d4e64414,54f1d6fb09baa24b,source_imagenet_class,3.0,ok,,,2026-09-09T10:30:00.898261
stage2_jit,b5b1404a0a7b,random_inpainting__mpc_delta_t__c8,random_inpainting__mpc_delta_t__c8,random_inpaint,prob_afb9ac8da51f5e92,ALL,jit,standard_flow,torch,pixel,mpc_delta_t,MPC-delta_t,1.0,1.0,0.0,0.0,1.0,flow_ascending,pure_prior_noise,zero_fill,,,8,0.125,0.125,0.125,0.125,,1000.0,20,0.028,adam,False,,half_sum_squared,sum_squared,none,,,,,,,,method,method,method,not_applicable,not_applicable,not_applicable,25.79336570536631,0.7764874402620918,0.15307029522955418,0.037931378930807114,0.1377174346198273,23.24082143059813,,0.06959480489699346,29.16906347991234,12.719088983386953,0.152621716640785,1.0188368633389473,12.719088983386953,105.52117445878685,13.190146807348356,8,592,296,280,320,280,296,280,0,0,0,0,320,0,,,,,,,,,,,,0,0,0,0,0.0,,,,,,,,,,,,,,,,,,,,,,,0.3209,1.8066,1.4856,torch.cuda.max_memory_allocated,,,,unavailable,4,8,0,4.0345,2.79,42,0,seed=42|model=jit|rep=0,0f6770a3fd505440,161f0ec2d4e64414,54f1d6fb09baa24b,source_imagenet_class,3.0,ok,,,2026-09-09T10:31:47.476302
stage2_jit,07e19ca134a5,random_inpainting__rhso__c1,random_inpainting__rhso__c1,random_inpaint,prob_afb9ac8da51f5e92,ALL,jit,standard_flow,torch,pixel,rhso,RHSO,1.0,1.0,0.0,0.0,1.0,flow_ascending,pure_prior_noise,zero_fill,,heun,,,0.25,0.25,0.25,,,,0.01,adam,,,half_mean_squared_per_measurement,,,,,,,40,4,0.2,not_applicable,not_applicable,method,not_applicable,not_applicable,method,26.873384248625072,0.8060718074018927,0.09863072400912642,0.019518813118338585,0.12803447686323155,23.87406128668017,,0.034652043961401036,35.22602277935797,12.719088983386953,0.152621716640785,1.0188368633389473,12.719088983386953,463.8817178970203,57.985214737127535,4,2588,1294,1280,320,1280,1294,1280,320,320,320,0,320,320,suffix,suffix_integration,,False,False,False,,,,False,,0,0,0,0,0.0,,,,,,,,,,,,,,,,,,,,,,,0.3209,10.2903,9.9693,torch.cuda.max_memory_allocated,,,,unavailable,4,8,0,7.6732,2.79,42,0,seed=42|model=jit|rep=0,0f6770a3fd505440,161f0ec2d4e64414,54f1d6fb09baa24b,source_imagenet_class,3.0,ok,,,2026-09-09T10:50:24.533584
stage2_jit,88c436356184,random_inpainting__rhso__c2,random_inpainting__rhso__c2,random_inpaint,prob_afb9ac8da51f5e92,ALL,jit,standard_flow,torch,pixel,rhso,RHSO,1.0,1.0,0.0,0.0,1.0,flow_ascending,pure_prior_noise,zero_fill,,heun,,,0.25,0.25,0.25,,,,0.01,adam,,,half_mean_squared_per_measurement,,,,,,,40,4,0.0,not_applicable,not_applicable,method,not_applicable,not_applicable,method,26.985004206667703,0.8219679697594251,0.09187190793454647,0.015462659299373627,0.1314852166934482,23.64306138442556,,0.027291021497481967,37.300204082683386,12.719088983386953,0.152621716640785,1.0188368633389473,12.719088983386953,463.05587049759924,57.881983812199906,4,2588,1294,1280,320,1280,1294,1280,320,320,320,0,320,320,suffix,suffix_integration,,False,False,False,,,,False,,0,0,0,0,0.0,,,,,,,,,,,,,,,,,,,,,,,0.3209,10.2917,9.9707,torch.cuda.max_memory_allocated,,,,unavailable,4,8,0,7.0897,2.79,42,0,seed=42|model=jit|rep=0,0f6770a3fd505440,161f0ec2d4e64414,54f1d6fb09baa24b,source_imagenet_class,3.0,ok,,,2026-09-09T10:58:15.829757
stage2_jit,78ac924c395a,random_inpainting__rhso__c3,random_inpainting__rhso__c3,random_inpaint,prob_afb9ac8da51f5e92,ALL,jit,standard_flow,torch,pixel,rhso,RHSO,1.0,1.0,0.0,0.0,1.0,flow_ascending,pure_prior_noise,zero_fill,,heun,,,0.125,0.125,0.125,,,,0.01,adam,,,half_mean_squared_per_measurement,,,,,,,20,8,0.0,not_applicable,not_applicable,method,not_applicable,not_applicable,method,26.29136064409945,0.8090841991325639,0.09633310232311487,0.011186789721250534,0.14241073063145102,22.94974562186297,,0.019533420368179455,40.205033985601986,12.719088983386953,0.152621716640785,1.0188368633389473,12.719088983386953,1154.9432184984908,144.36790231231134,8,10360,5180,5120,640,5120,5180,5120,640,640,640,0,640,640,suffix,suffix_integration,,False,False,False,,,,False,,0,0,0,0,0.0,,,,,,,,,,,,,,,,,,,,,,,0.3195,11.062,10.7425,torch.cuda.max_memory_allocated,,,,unavailable,2,8,0,18.2451,2.79,42,0,seed=42|model=jit|rep=0,0f6770a3fd505440,161f0ec2d4e64414,38fc9d026602d2a4,source_imagenet_class,3.0,ok,,,2026-09-09T11:17:50.222585
stage2_jit,0294a4917a40,box_inpainting__sdedit__c1,box_inpainting__sdedit__c1,box_inpaint,prob_4459e49fb12d0091,ALL,jit,standard_flow,torch,pixel,sdedit,SDEdit,1.0,1.0,0.0,0.0,1.0,flow_ascending,pure_prior_noise,zero_fill,8,heun,,,0.125,0.125,0.125,,,,,,,,,,,,,,,,,,not_applicable,not_applicable,not_applicable,not_applicable,not_applicable,not_applicable,10.136560848884644,-0.006214087278447855,0.7196521237492561,0.6887516975402832,0.516618633757763,11.75719858221588,0.013826485192261352,0.695518633530389,9.174424521297077,27.503961494217513,0.827546941632692,0.10103151760995388,27.503961494217513,5.328919135034084,0.6661148918792605,8,60,30,0,0,0,30,0,0,0,0,0,0,0,,,,,,,,,,,,0,0,0,0,0.0,,,,,,,,,,,,,,,,,,,,,,,0.3209,0.4018,0.0808,torch.cuda.max_memory_allocated,,,,unavailable,4,8,0,2.4869,2.57,42,0,seed=42|model=jit|rep=0,c136b139bc17dfba,3bf57218b76797cc,54f1d6fb09baa24b,source_imagenet_class,3.0,ok,,,2026-09-09T10:32:39.760209
stage2_jit,399ec6c4feea,box_inpainting__sdedit__c2,box_inpainting__sdedit__c2,box_inpaint,prob_4459e49fb12d0091,ALL,jit,standard_flow,torch,pixel,sdedit,SDEdit,1.0,1.0,0.0,0.0,1.0,flow_ascending,pure_prior_noise,zero_fill,25,heun,,,0.04,0.039999999999999925,0.040000000000000036,,,,,,,,,,,,,,,,,,not_applicable,not_applicable,not_applicable,not_applicable,not_applicable,not_applicable,9.220865860470195,-0.010504913378455216,0.7151687070727348,0.767345130443573,0.5598005996418484,11.059932726603641,-0.007183005360987711,0.7752825379707924,8.2313998677946,27.503961494217513,0.827546941632692,0.10103151760995388,27.503961494217513,17.384037795476615,2.173004724434577,25,196,98,0,0,0,98,0,0,0,0,0,0,0,,,,,,,,,,,,0,0,0,0,0.0,,,,,,,,,,,,,,,,,,,,,,,0.3209,0.4018,0.0808,torch.cuda.max_memory_allocated,,,,unavailable,4,8,0,8.7739,2.57,42,0,seed=42|model=jit|rep=0,c136b139bc17dfba,3bf57218b76797cc,54f1d6fb09baa24b,source_imagenet_class,3.0,ok,,,2026-09-09T10:33:06.701555
stage2_jit,8ffe756bc3f2,box_inpainting__sdedit__c3,box_inpainting__sdedit__c3,box_inpaint,prob_4459e49fb12d0091,ALL,jit,standard_flow,torch,pixel,sdedit,SDEdit,1.0,1.0,0.0,0.0,1.0,flow_ascending,pure_prior_noise,zero_fill,4,heun,,,0.25,0.25,0.25,,,,,,,,,,,,,,,,,,not_applicable,not_applicable,not_applicable,not_applicable,not_applicable,not_applicable,10.867823917152265,-0.0039540210828773875,0.7590596228837967,0.6461426019668579,0.44835480803124084,12.98816328583603,0.022739765880944184,0.6522715860762947,9.732030704903922,27.503961494217513,0.827546941632692,0.10103151760995388,27.503961494217513,2.1970266038551927,0.2746283254818991,4,28,14,0,0,0,14,0,0,0,0,0,0,0,,,,,,,,,,,,0,0,0,0,0.0,,,,,,,,,,,,,,,,,,,,,,,0.3209,0.4018,0.0808,torch.cuda.max_memory_allocated,,,,unavailable,4,8,0,1.1904,2.57,42,0,seed=42|model=jit|rep=0,c136b139bc17dfba,3bf57218b76797cc,54f1d6fb09baa24b,source_imagenet_class,3.0,ok,,,2026-09-09T10:33:10.837290
stage2_jit,642d17296a3c,box_inpainting__pnp__c1,box_inpainting__pnp__c1,box_inpaint,prob_4459e49fb12d0091,ALL,jit,standard_flow,torch,pixel,pnp,PnP-Flow,1.0,1.0,0.0,0.0,1.0,flow_ascending,pure_prior_noise,zero_fill,,,,,0.0196078431372549,0.019607843137254832,0.019607843137254943,,,,,,,,half_mean_squared_per_measurement,,,50,200000.0,0.1,1,,,,not_applicable,not_applicable,not_applicable,method,method,not_applicable,30.60672814752348,0.8993223513625983,0.044129946269094944,0.04404626414179802,0.34094768982110796,15.366844870949707,0.23387572981487514,0.04418557099779517,33.114990480638234,27.503961494217513,0.827546941632692,0.10103151760995388,27.503961494217513,14.614394135773182,1.8267992669716477,50,204,102,0,0,0,102,0,100,100,0,102,100,100,,,,,,,,,,,,0,0,0,0,0.0,,,,,,,,,,,,,,,,,,,,,,,0.3209,0.4163,0.0954,torch.cuda.max_memory_allocated,,,,unavailable,4,8,0,7.3569,2.32,42,0,seed=42|model=jit|rep=0,c136b139bc17dfba,3bf57218b76797cc,54f1d6fb09baa24b,source_imagenet_class,3.0,ok,,,2026-09-09T11:11:10.374131
stage2_jit,7d11a9e0a9f8,box_inpainting__pnp__c2,box_inpainting__pnp__c2,box_inpaint,prob_4459e49fb12d0091,ALL,jit,standard_flow,torch,pixel,pnp,PnP-Flow,1.0,1.0,0.0,0.0,1.0,flow_ascending,pure_prior_noise,zero_fill,,,,,0.047619047619047616,0.04761904761904756,0.04761904761904767,,,,,,,,half_mean_squared_per_measurement,,,20,400000.0,0.25,1,,,,not_applicable,not_applicable,not_applicable,method,method,not_applicable,29.50384929548803,0.8977076957486368,0.04511951981112361,0.07151662558317184,0.33860364598897025,15.426767310097382,0.21706317663585434,0.058491787152663795,30.67870209408879,27.503961494217513,0.827546941632692,0.10103151760995388,27.503961494217513,6.054208933375776,0.756776116671972,20,84,42,0,0,0,42,0,40,40,0,42,40,40,,,,,,,,,,,,0,0,0,0,0.0,,,,,,,,,,,,,,,,,,,,,,,0.3209,0.4154,0.0945,torch.cuda.max_memory_allocated,,,,unavailable,4,8,0,3.0679,2.32,42,0,seed=42|model=jit|rep=0,c136b139bc17dfba,3bf57218b76797cc,54f1d6fb09baa24b,source_imagenet_class,3.0,ok,,,2026-09-09T11:11:20.151962
stage2_jit,ba6833a46e19,box_inpainting__pnp__c3,box_inpainting__pnp__c3,box_inpaint,prob_4459e49fb12d0091,ALL,jit,standard_flow,torch,pixel,pnp,PnP-Flow,1.0,1.0,0.0,0.0,1.0,flow_ascending,pure_prior_noise,zero_fill,,,,,0.0196078431372549,0.019607843137254832,0.019607843137254943,,,,,,,,half_mean_squared_per_measurement,,,50,400000.0,0.25,1,,,,not_applicable,not_applicable,not_applicable,method,method,not_applicable,30.858241926618987,0.896982585056999,0.0479924560058862,0.0405927449464798,0.32760062823234287,15.713705394761197,0.2340758018757519,0.043127753591992626,33.32546316307078,27.503961494217513,0.827546941632692,0.10103151760995388,27.503961494217513,14.615112627856433,1.8268890784820542,50,204,102,0,0,0,102,0,100,100,0,102,100,100,,,,,,,,,,,,0,0,0,0,0.0,,,,,,,,,,,,,,,,,,,,,,,0.3209,0.4151,0.0941,torch.cuda.max_memory_allocated,,,,unavailable,4,8,0,7.3569,2.32,42,0,seed=42|model=jit|rep=0,c136b139bc17dfba,3bf57218b76797cc,54f1d6fb09baa24b,source_imagenet_class,3.0,ok,,,2026-09-09T11:11:35.520012
stage2_jit,712f740fe778,box_inpainting__pnp__c4,box_inpainting__pnp__c4,box_inpaint,prob_4459e49fb12d0091,ALL,jit,standard_flow,torch,pixel,pnp,PnP-Flow,1.0,1.0,0.0,0.0,1.0,flow_ascending,pure_prior_noise,zero_fill,,,,,0.009900990099009901,0.009900990099009799,0.00990099009900991,,,,,,,,half_mean_squared_per_measurement,,,100,400000.0,0.25,1,,,,not_applicable,not_applicable,not_applicable,method,method,not_applicable,30.895176500949383,0.8841067794425613,0.056008956395089626,0.02786487340927124,0.32838527387406696,15.692926446075159,0.2340657570384966,0.041457915516313296,33.66845066942084,27.503961494217513,0.827546941632692,0.10103151760995388,27.503961494217513,28.923690837807953,3.615461354725994,100,404,202,0,0,0,202,0,200,200,0,202,200,200,,,,,,,,,,,,0,0,0,0,0.0,,,,,,,,,,,,,,,,,,,,,,,0.3209,0.4154,0.0945,torch.cuda.max_memory_allocated,,,,unavailable,4,8,0,14.546,2.32,42,0,seed=42|model=jit|rep=0,c136b139bc17dfba,3bf57218b76797cc,54f1d6fb09baa24b,source_imagenet_class,3.0,ok,,,2026-09-09T11:12:19.639336
stage2_jit,6357afe7c28e,box_inpainting__dflow__c1,box_inpainting__dflow__c1,box_inpaint,prob_4459e49fb12d0091,ALL,jit,standard_flow,torch,pixel,dflow,D-Flow,1.0,1.0,0.0,0.0,1.0,flow_ascending,pure_prior_noise,zero_fill,1,euler,,,1.0,1.0,1.0,,,,0.3,adam,,,half_mean_squared_per_measurement,,,,,,,640,,,not_applicable,not_applicable,method,not_applicable,not_applicable,not_applicable,21.253374842827622,0.5298833576211581,0.4925895296037197,0.15237390995025635,0.7024553154245681,9.08822585082649,0.024994472825456734,0.14631268185893814,22.714960496356724,27.503961494217513,0.827546941632692,0.10103151760995388,27.503961494217513,420.28694431111217,52.53586803888902,1,2564,1282,1280,1280,1280,1282,1280,1280,1280,1280,0,1282,1280,,,,,,,,,,,,0,0,0,0,0.0,,,,,,,,,,,,,,,,,,,,,,,0.3209,1.7728,1.4518,torch.cuda.max_memory_allocated,,,,unavailable,4,8,0,0.5957,2.32,42,0,seed=42|model=jit|rep=0,c136b139bc17dfba,3bf57218b76797cc,54f1d6fb09baa24b,source_imagenet_class,3.0,ok,,,2026-09-09T10:27:57.005533
stage2_jit,293ddcb5421b,box_inpainting__dflow__c2,box_inpainting__dflow__c2,box_inpaint,prob_4459e49fb12d0091,ALL,jit,standard_flow,torch,pixel,dflow,D-Flow,1.0,1.0,0.0,0.0,1.0,flow_ascending,pure_prior_noise,zero_fill,1,euler,,,1.0,1.0,1.0,,,,0.1,adam,,,half_mean_squared_per_measurement,,,,,,,640,,,not_applicable,not_applicable,method,not_applicable,not_applicable,not_applicable,21.650266068319453,0.4856132268466775,0.53580342233181,0.16359563171863556,0.5577006379447254,11.092577087794272,0.03496736939155567,0.1581950743168059,22.036740776359274,27.503961494217513,0.827546941632692,0.10103151760995388,27.503961494217513,413.94502300117165,51.743127875146456,1,2564,1282,1280,1280,1280,1282,1280,1280,1280,1280,0,1282,1280,,,,,,,,,,,,0,0,0,0,0.0,,,,,,,,,,,,,,,,,,,,,,,0.3209,1.7837,1.4628,torch.cuda.max_memory_allocated,,,,unavailable,4,8,0,0.5957,2.32,42,0,seed=42|model=jit|rep=0,c136b139bc17dfba,3bf57218b76797cc,54f1d6fb09baa24b,source_imagenet_class,3.0,ok,,,2026-09-09T10:34:52.180213
stage2_jit,7ad1af70b501,box_inpainting__dflow__c3,box_inpainting__dflow__c3,box_inpaint,prob_4459e49fb12d0091,ALL,jit,standard_flow,torch,pixel,dflow,D-Flow,1.0,1.0,0.0,0.0,1.0,flow_ascending,pure_prior_noise,zero_fill,1,euler,,,1.0,1.0,1.0,,,,0.3,adam,,,half_mean_squared_per_measurement,,,,,,,320,,,not_applicable,not_applicable,method,not_applicable,not_applicable,not_applicable,19.804185825644772,0.40273594464061224,0.617563147097826,0.19326739013195038,0.7018043103382429,9.096279288574024,0.026234860105283808,0.1893272593634732,20.4763369484427,27.503961494217513,0.827546941632692,0.10103151760995388,27.503961494217513,204.86475614085793,25.608094517607242,1,1284,642,640,640,640,642,640,640,640,640,0,642,640,,,,,,,,,,,,0,0,0,0,0.0,,,,,,,,,,,,,,,,,,,,,,,0.3209,1.7837,1.4628,torch.cuda.max_memory_allocated,,,,unavailable,4,8,0,0.5957,2.32,42,0,seed=42|model=jit|rep=0,c136b139bc17dfba,3bf57218b76797cc,54f1d6fb09baa24b,source_imagenet_class,3.0,ok,,,2026-09-09T10:38:18.223054
stage2_jit,e2080ffbf1df,box_inpainting__dflow__c4,box_inpainting__dflow__c4,box_inpaint,prob_4459e49fb12d0091,ALL,jit,standard_flow,torch,pixel,dflow,D-Flow,1.0,1.0,0.0,0.0,1.0,flow_ascending,pure_prior_noise,zero_fill,1,euler,,,1.0,1.0,1.0,,,,0.03,adam,,,half_mean_squared_per_measurement,,,,,,,320,,,not_applicable,not_applicable,method,not_applicable,not_applicable,not_applicable,18.95619603747052,0.31297545663499127,0.7198733538389206,0.2367802858352661,0.39916786219986716,13.997488551108571,0.030908572901241875,0.23453560295711204,18.616424337361178,27.503961494217513,0.827546941632692,0.10103151760995388,27.503961494217513,202.53527572471648,25.31690946558956,1,1284,642,640,640,640,642,640,640,640,640,0,642,640,,,,,,,,,,,,0,0,0,0,0.0,,,,,,,,,,,,,,,,,,,,,,,0.3209,1.7837,1.4628,torch.cuda.max_memory_allocated,,,,unavailable,4,8,0,0.5957,2.32,42,0,seed=42|model=jit|rep=0,c136b139bc17dfba,3bf57218b76797cc,54f1d6fb09baa24b,source_imagenet_class,3.0,ok,,,2026-09-09T10:41:41.901724
stage2_jit,dafafe0cca38,box_inpainting__dflow__c5,box_inpainting__dflow__c5,box_inpaint,prob_4459e49fb12d0091,ALL,jit,standard_flow,torch,pixel,dflow,D-Flow,1.0,1.0,0.0,0.0,1.0,flow_ascending,pure_prior_noise,zero_fill,1,euler,,,1.0,1.0,1.0,,,,0.3,adam,,,half_mean_squared_per_measurement,,,,,,,1280,,,not_applicable,not_applicable,method,not_applicable,not_applicable,not_applicable,22.222600530486083,0.6521380004753634,0.37015590630471706,0.12235969305038452,0.7268182043633638,8.792083985371344,0.01884442787099514,0.11426389026620905,24.862419791082665,27.503961494217513,0.827546941632692,0.10103151760995388,27.503961494217513,778.2354039950296,97.2794254993787,1,5124,2562,2560,2560,2560,2562,2560,2560,2560,2560,0,2562,2560,,,,,,,,,,,,0,0,0,0,0.0,,,,,,,,,,,,,,,,,,,,,,,0.3209,1.7837,1.4628,torch.cuda.max_memory_allocated,,,,unavailable,4,8,0,0.5957,2.32,42,0,seed=42|model=jit|rep=0,c136b139bc17dfba,3bf57218b76797cc,54f1d6fb09baa24b,source_imagenet_class,3.0,ok,,,2026-09-09T10:54:41.200344
stage2_jit,ba4aa88c37ed,box_inpainting__dflow__c6,box_inpainting__dflow__c6,box_inpaint,prob_4459e49fb12d0091,ALL,jit,standard_flow,torch,pixel,dflow,D-Flow,1.0,1.0,0.0,0.0,1.0,flow_ascending,pure_prior_noise,zero_fill,1,euler,,,1.0,1.0,1.0,,,,0.95,adam,,,half_mean_squared_per_measurement,,,,,,,640,,,not_applicable,not_applicable,method,not_applicable,not_applicable,not_applicable,20.157300550502825,0.48883247324264095,0.5324661545455456,0.1627202183008194,0.8196907542721641,7.747599183762083,0.020873767647882353,0.15726479601789015,22.087969593841954,27.503961494217513,0.827546941632692,0.10103151760995388,27.503961494217513,328.787474126555,41.09843426581938,1,2564,1282,1280,1280,1280,1282,1280,1280,1280,1280,0,1282,1280,,,,,,,,,,,,0,0,0,0,0.0,,,,,,,,,,,,,,,,,,,,,,,0.3209,1.7837,1.4628,torch.cuda.max_memory_allocated,,,,unavailable,4,8,0,0.5957,2.32,42,0,seed=42|model=jit|rep=0,c136b139bc17dfba,3bf57218b76797cc,54f1d6fb09baa24b,source_imagenet_class,3.0,ok,,,2026-09-09T11:00:10.759901
stage2_jit,bf27e1199900,box_inpainting__mpc_rhc__c1,box_inpainting__mpc_rhc__c1,box_inpaint,prob_4459e49fb12d0091,ALL,jit,standard_flow,torch,pixel,mpc_rhc,MPC-RHC (K=1),1.0,1.0,0.0,0.0,1.0,flow_ascending,pure_prior_noise,zero_fill,,,4,0.25,0.25,0.25,0.25,1,30.0,40,0.05,adam,False,,half_sum_squared,sum_squared,,,,,,,,,method,method,method,not_applicable,not_applicable,not_applicable,29.139908630113034,0.8581257358640129,0.06351858982816339,0.023130452260375023,0.37927605663357367,14.44149137454854,0.09492281164683336,0.044022037303955326,33.14719716374823,27.503961494217513,0.827546941632692,0.10103151760995388,27.503961494217513,1.3315222458913922,0.16644028073642403,4,16,8,0,320,0,8,0,0,0,0,0,320,0,,,,,,,,,,,,0,0,0,0,0.0,,,,,,,,,,,,,,,,,,,,,,,0.3209,0.4144,0.0935,torch.cuda.max_memory_allocated,,,,unavailable,4,8,0,0.54,2.32,42,0,seed=42|model=jit|rep=0,c136b139bc17dfba,3bf57218b76797cc,54f1d6fb09baa24b,source_imagenet_class,3.0,ok,,,2026-09-09T11:10:43.830524
stage2_jit,ae1f4eb306d1,box_inpainting__mpc_rhc__c2,box_inpainting__mpc_rhc__c2,box_inpaint,prob_4459e49fb12d0091,ALL,jit,standard_flow,torch,pixel,mpc_rhc,MPC-RHC (K=1),1.0,1.0,0.0,0.0,1.0,flow_ascending,pure_prior_noise,zero_fill,,,4,0.25,0.25,0.25,0.25,1,30.0,40,0.2,adam,False,,half_sum_squared,sum_squared,,,,,,,,,method,method,method,not_applicable,not_applicable,not_applicable,29.127197087841914,0.8578621617175086,0.06387159507721663,0.023442618548870087,0.37913293554132543,14.444769642711844,0.09589394542977181,0.04423915834710352,33.104462795396365,27.503961494217513,0.827546941632692,0.10103151760995388,27.503961494217513,1.3326743571087718,0.16658429463859648,4,16,8,0,320,0,8,0,0,0,0,0,320,0,,,,,,,,,,,,0,0,0,0,0.0,,,,,,,,,,,,,,,,,,,,,,,0.3209,0.4144,0.0935,torch.cuda.max_memory_allocated,,,,unavailable,4,8,0,0.54,2.32,42,0,seed=42|model=jit|rep=0,c136b139bc17dfba,3bf57218b76797cc,54f1d6fb09baa24b,source_imagenet_class,3.0,ok,,,2026-09-09T11:10:45.802546
stage2_jit,021b8cb0accf,box_inpainting__mpc_rhc__c3,box_inpainting__mpc_rhc__c3,box_inpaint,prob_4459e49fb12d0091,ALL,jit,standard_flow,torch,pixel,mpc_rhc,MPC-RHC (K=1),1.0,1.0,0.0,0.0,1.0,flow_ascending,pure_prior_noise,zero_fill,,,4,0.25,0.25,0.25,0.25,1,30.0,40,0.1,adam,False,,half_sum_squared,sum_squared,,,,,,,,,method,method,method,not_applicable,not_applicable,not_applicable,29.119574544100185,0.8574560794443933,0.06445232219994068,0.023768285289406776,0.3778866878481503,14.473368055141638,0.0970753311310697,0.04453188315376519,33.04717869603753,27.503961494217513,0.827546941632692,0.10103151760995388,27.503961494217513,1.325255903415382,0.16565698792692274,4,16,8,0,320,0,8,0,0,0,0,0,320,0,,,,,,,,,,,,0,0,0,0,0.0,,,,,,,,,,,,,,,,,,,,,,,0.3209,0.4144,0.0935,torch.cuda.max_memory_allocated,,,,unavailable,4,8,0,0.54,2.32,42,0,seed=42|model=jit|rep=0,c136b139bc17dfba,3bf57218b76797cc,54f1d6fb09baa24b,source_imagenet_class,3.0,ok,,,2026-09-09T11:10:47.772763
stage2_jit,852155273f49,box_inpainting__mpc_delta_t__c1,box_inpainting__mpc_delta_t__c1,box_inpaint,prob_4459e49fb12d0091,ALL,jit,standard_flow,torch,pixel,mpc_delta_t,MPC-delta_t,1.0,1.0,0.0,0.0,1.0,flow_ascending,pure_prior_noise,zero_fill,,,8,0.125,0.125,0.125,0.125,,180.0,20,0.1,adam,False,,half_sum_squared,sum_squared,none,,,,,,,,method,method,method,not_applicable,not_applicable,not_applicable,30.91777414355355,0.899164744572678,0.040058074751868844,0.03154366463422775,0.3199984759765681,15.917641714165436,0.18526067249082623,0.03845881371672853,34.32068223214379,27.503961494217513,0.827546941632692,0.10103151760995388,27.503961494217513,72.30732967425138,9.038416209281422,8,592,296,280,320,280,296,280,0,0,0,0,320,0,,,,,,,,,,,,0,0,0,0,0.0,,,,,,,,,,,,,,,,,,,,,,,0.3209,1.8061,1.4851,torch.cuda.max_memory_allocated,,,,unavailable,4,8,0,2.7515,2.32,42,0,seed=42|model=jit|rep=0,c136b139bc17dfba,3bf57218b76797cc,54f1d6fb09baa24b,source_imagenet_class,3.0,ok,,,2026-09-09T11:01:26.550295
stage2_jit,37adc1ca36b8,box_inpainting__mpc_delta_t__c2,box_inpainting__mpc_delta_t__c2,box_inpaint,prob_4459e49fb12d0091,ALL,jit,standard_flow,torch,pixel,mpc_delta_t,MPC-delta_t,1.0,1.0,0.0,0.0,1.0,flow_ascending,pure_prior_noise,zero_fill,,,8,0.125,0.125,0.125,0.125,,360.0,20,0.15,adam,False,,half_sum_squared,sum_squared,none,,,,,,,,method,method,method,not_applicable,not_applicable,not_applicable,31.108592304139293,0.8846360035434142,0.041798318503424525,0.021825984120368958,0.29188900954139924,16.71624505602589,0.2251673155858105,0.039588947637417146,34.06912076549855,27.503961494217513,0.827546941632692,0.10103151760995388,27.503961494217513,70.51776965521276,8.814721206901595,8,592,296,280,320,280,296,280,0,0,0,0,320,0,,,,,,,,,,,,0,0,0,0,0.0,,,,,,,,,,,,,,,,,,,,,,,0.3209,1.8066,1.4856,torch.cuda.max_memory_allocated,,,,unavailable,4,8,0,2.7515,2.32,42,0,seed=42|model=jit|rep=0,c136b139bc17dfba,3bf57218b76797cc,54f1d6fb09baa24b,source_imagenet_class,3.0,ok,,,2026-09-09T11:02:37.770184
stage2_jit,83e185e53333,box_inpainting__mpc_delta_t__c3,box_inpainting__mpc_delta_t__c3,box_inpaint,prob_4459e49fb12d0091,ALL,jit,standard_flow,torch,pixel,mpc_delta_t,MPC-delta_t,1.0,1.0,0.0,0.0,1.0,flow_ascending,pure_prior_noise,zero_fill,,,8,0.125,0.125,0.125,0.125,,180.0,40,0.15,adam,False,,half_sum_squared,sum_squared,none,,,,,,,,method,method,method,not_applicable,not_applicable,not_applicable,30.96313161540049,0.8976865380304603,0.04055822663940489,0.031705088913440704,0.32747372237376743,15.71707078464337,0.21616415060081529,0.0389825136945153,34.20320311069061,27.503961494217513,0.827546941632692,0.10103151760995388,27.503961494217513,142.10390766710043,17.762988458387554,8,1152,576,560,640,560,576,560,0,0,0,0,640,0,,,,,,,,,,,,0,0,0,0,0.0,,,,,,,,,,,,,,,,,,,,,,,0.3209,1.807,1.4861,torch.cuda.max_memory_allocated,,,,unavailable,4,8,0,2.7515,2.32,42,0,seed=42|model=jit|rep=0,c136b139bc17dfba,3bf57218b76797cc,54f1d6fb09baa24b,source_imagenet_class,3.0,ok,,,2026-09-09T11:05:00.553169
stage2_jit,fb59c885b436,box_inpainting__mpc_delta_t__c4,box_inpainting__mpc_delta_t__c4,box_inpaint,prob_4459e49fb12d0091,ALL,jit,standard_flow,torch,pixel,mpc_delta_t,MPC-delta_t,1.0,1.0,0.0,0.0,1.0,flow_ascending,pure_prior_noise,zero_fill,,,8,0.125,0.125,0.125,0.125,,180.0,40,0.1,adam,False,,half_sum_squared,sum_squared,none,,,,,,,,method,method,method,not_applicable,not_applicable,not_applicable,30.716534926356942,0.8963508639198379,0.0423577434848994,0.031603243201971054,0.3413322445775506,15.3570535804264,0.20480264155952616,0.03906970277965198,34.18379776590093,27.503961494217513,0.827546941632692,0.10103151760995388,27.503961494217513,142.14917855802923,17.768647319753654,8,1152,576,560,640,560,576,560,0,0,0,0,640,0,,,,,,,,,,,,0,0,0,0,0.0,,,,,,,,,,,,,,,,,,,,,,,0.3209,1.807,1.4861,torch.cuda.max_memory_allocated,,,,unavailable,4,8,0,2.7515,2.32,42,0,seed=42|model=jit|rep=0,c136b139bc17dfba,3bf57218b76797cc,54f1d6fb09baa24b,source_imagenet_class,3.0,ok,,,2026-09-09T11:07:23.397256
stage2_jit,ee46294c9596,box_inpainting__mpc_delta_t__c5,box_inpainting__mpc_delta_t__c5,box_inpaint,prob_4459e49fb12d0091,ALL,jit,standard_flow,torch,pixel,mpc_delta_t,MPC-delta_t,1.0,1.0,0.0,0.0,1.0,flow_ascending,pure_prior_noise,zero_fill,,,16,0.0625,0.0625,0.0625,0.0625,,180.0,20,0.1,adam,False,,half_sum_squared,sum_squared,none,,,,,,,,method,method,method,not_applicable,not_applicable,not_applicable,29.999731331716198,0.8872347100791165,0.08834441006183624,0.05986854061484337,0.30163850106850215,16.4308644336198,0.1932117861720365,0.05105080475531111,31.860548061006682,27.503961494217513,0.827546941632692,0.10103151760995388,27.503961494217513,153.78671274334192,19.22333909291774,16,1264,632,600,640,600,632,600,0,0,0,0,640,0,,,,,,,,,,,,0,0,0,0,0.0,,,,,,,,,,,,,,,,,,,,,,,0.3209,1.8061,1.4851,torch.cuda.max_memory_allocated,,,,unavailable,4,8,0,5.7003,2.32,42,0,seed=42|model=jit|rep=0,c136b139bc17dfba,3bf57218b76797cc,54f1d6fb09baa24b,source_imagenet_class,3.0,ok,,,2026-09-09T11:10:03.590099
stage2_jit,709498f62ccc,box_inpainting__mpc_delta_t__c6,box_inpainting__mpc_delta_t__c6,box_inpaint,prob_4459e49fb12d0091,ALL,jit,standard_flow,torch,pixel,mpc_delta_t,MPC-delta_t,1.0,1.0,0.0,0.0,1.0,flow_ascending,pure_prior_noise,zero_fill,,,8,0.125,0.125,0.125,0.125,,180.0,10,0.1,adam,False,,half_sum_squared,sum_squared,none,,,,,,,,method,method,method,not_applicable,not_applicable,not_applicable,29.694577248082936,0.8701029900295599,0.05887908022850752,0.03651075437664986,0.33667742991938476,15.476319848066932,0.1772934220069254,0.048517322666296,32.30266337002179,27.503961494217513,0.827546941632692,0.10103151760995388,27.503961494217513,36.9634826015681,4.620435325196013,8,312,156,140,160,140,156,140,0,0,0,0,160,0,,,,,,,,,,,,0,0,0,0,0.0,,,,,,,,,,,,,,,,,,,,,,,0.3209,1.807,1.4861,torch.cuda.max_memory_allocated,,,,unavailable,4,8,0,2.7515,2.32,42,0,seed=42|model=jit|rep=0,c136b139bc17dfba,3bf57218b76797cc,54f1d6fb09baa24b,source_imagenet_class,3.0,ok,,,2026-09-09T11:10:41.292737
stage2_jit,005796f28f84,box_inpainting__rhso__c1,box_inpainting__rhso__c1,box_inpaint,prob_4459e49fb12d0091,ALL,jit,standard_flow,torch,pixel,rhso,RHSO,1.0,1.0,0.0,0.0,1.0,flow_ascending,pure_prior_noise,zero_fill,,heun,,,0.125,0.125,0.125,,,,0.01,adam,,,half_mean_squared_per_measurement,,,,,,,20,8,0.0,not_applicable,not_applicable,method,not_applicable,not_applicable,method,29.384640545472628,0.907855700562863,0.04577517486177385,0.06746858358383179,0.38354072252792365,14.344370272208133,0.17994722484369652,0.05332178402583629,31.48250648343392,27.503961494217513,0.827546941632692,0.10103151760995388,27.503961494217513,978.7227343702689,122.34034179628361,8,10360,5180,5120,640,5120,5180,5120,640,640,640,0,640,640,suffix,suffix_integration,,False,False,False,,,,False,,0,0,0,0,0.0,,,,,,,,,,,,,,,,,,,,,,,0.3195,11.062,10.7425,torch.cuda.max_memory_allocated,,,,unavailable,2,8,0,13.2484,2.32,42,0,seed=42|model=jit|rep=0,c136b139bc17dfba,3bf57218b76797cc,38fc9d026602d2a4,source_imagenet_class,3.0,ok,,,2026-09-09T11:28:52.397503
stage2_jit,dce3f8e8d5c1,box_inpainting__rhso__c2,box_inpainting__rhso__c2,box_inpaint,prob_4459e49fb12d0091,ALL,jit,standard_flow,torch,pixel,rhso,RHSO,1.0,1.0,0.0,0.0,1.0,flow_ascending,pure_prior_noise,zero_fill,,heun,,,0.25,0.25,0.25,,,,0.01,adam,,,half_mean_squared_per_measurement,,,,,,,40,4,0.0,not_applicable,not_applicable,method,not_applicable,not_applicable,method,29.687961731657474,0.9013318833184272,0.049229713156819344,0.07102879136800766,0.3278797258069068,15.706308648657439,0.18482734407225,0.056042211867604184,31.05029456054147,27.503961494217513,0.827546941632692,0.10103151760995388,27.503961494217513,433.0079398704693,54.12599248380866,4,2588,1294,1280,320,1280,1294,1280,320,320,320,0,320,320,suffix,suffix_integration,,False,False,False,,,,False,,0,0,0,0,0.0,,,,,,,,,,,,,,,,,,,,,,,0.3209,10.2917,9.9707,torch.cuda.max_memory_allocated,,,,unavailable,4,8,0,6.6001,2.32,42,0,seed=42|model=jit|rep=0,c136b139bc17dfba,3bf57218b76797cc,54f1d6fb09baa24b,source_imagenet_class,3.0,ok,,,2026-09-09T11:36:13.473872
stage2_jit,5e28bd45a672,box_inpainting__rhso__c3,box_inpainting__rhso__c3,box_inpaint,prob_4459e49fb12d0091,ALL,jit,standard_flow,torch,pixel,rhso,RHSO,1.0,1.0,0.0,0.0,1.0,flow_ascending,pure_prior_noise,zero_fill,,heun,,,0.125,0.125,0.125,,,,0.03,adam,,,half_mean_squared_per_measurement,,,,,,,20,8,0.0,not_applicable,not_applicable,method,not_applicable,not_applicable,method,26.82007009000845,0.8984945213504449,0.07344977976754308,0.06764507293701172,0.5470703743984026,11.259735973557849,0.060470197509158254,0.05358434915956138,31.43984071128348,27.503961494217513,0.827546941632692,0.10103151760995388,27.503961494217513,942.8489935481921,117.85612419352401,8,10360,5180,5120,640,5120,5180,5120,640,640,640,0,640,640,suffix,suffix_integration,,False,False,False,,,,False,,0,0,0,0,0.0,,,,,,,,,,,,,,,,,,,,,,,0.3195,11.062,10.7425,torch.cuda.max_memory_allocated,,,,unavailable,2,8,0,13.2484,2.32,42,0,seed=42|model=jit|rep=0,c136b139bc17dfba,3bf57218b76797cc,38fc9d026602d2a4,source_imagenet_class,3.0,ok,,,2026-09-09T11:51:57.461336
stage2_jit,bc657ec63786,box_inpainting__rhso__c4,box_inpainting__rhso__c4,box_inpaint,prob_4459e49fb12d0091,ALL,jit,standard_flow,torch,pixel,rhso,RHSO,1.0,1.0,0.0,0.0,1.0,flow_ascending,pure_prior_noise,zero_fill,,heun,,,0.0625,0.0625,0.0625,,,,0.01,adam,,,half_mean_squared_per_measurement,,,,,,,20,16,0.0,not_applicable,not_applicable,method,not_applicable,not_applicable,method,29.001016033261216,0.9000063210569701,0.06771668000146747,0.06668063998222351,0.3902154808956328,14.194510012715407,0.10877547911655841,0.05326122034697844,31.49237765361434,27.503961494217513,0.827546941632692,0.10103151760995388,27.503961494217513,2779.9608421325684,347.49510526657104,16,41208,20604,20480,1280,20480,20604,20480,1280,1280,1280,0,1280,1280,suffix,suffix_integration,,False,False,False,,,,False,,0,0,0,0,0.0,,,,,,,,,,,,,,,,,,,,,,,0.3195,22.4981,22.1786,torch.cuda.max_memory_allocated,,,,unavailable,2,8,0,42.6597,2.32,42,0,seed=42|model=jit|rep=0,c136b139bc17dfba,3bf57218b76797cc,38fc9d026602d2a4,source_imagenet_class,3.0,ok,,,2026-09-09T12:39:01.467690
stage2_jit,d722ffc744ee,box_inpainting__rhso__c5,box_inpainting__rhso__c5,box_inpaint,prob_4459e49fb12d0091,ALL,jit,standard_flow,torch,pixel,rhso,RHSO,1.0,1.0,0.0,0.0,1.0,flow_ascending,pure_prior_noise,zero_fill,,heun,,,0.125,0.125,0.125,,,,0.01,adam,,,half_mean_squared_per_measurement,,,,,,,10,8,0.0,not_applicable,not_applicable,method,not_applicable,not_applicable,method,28.198198117972318,0.8784333534647242,0.07926946645602584,0.08180723339319229,0.3734846866763935,14.575143914924853,0.1567033588706861,0.06897695589042616,29.24651943221209,27.503961494217513,0.827546941632692,0.10103151760995388,27.503961494217513,669.1653365567327,83.64566706959158,8,5240,2620,2560,320,2560,2620,2560,320,320,320,0,320,320,suffix,suffix_integration,,False,False,False,,,,False,,0,0,0,0,0.0,,,,,,,,,,,,,,,,,,,,,,,0.3195,11.062,10.7425,torch.cuda.max_memory_allocated,,,,unavailable,2,8,0,19.5267,2.57,42,0,seed=42|model=jit|rep=0,c136b139bc17dfba,3bf57218b76797cc,38fc9d026602d2a4,source_imagenet_class,3.0,ok,,,2026-09-09T10:32:25.824821
