run_id,job_id,task,experiment,problem,problem_key,image_id,model,model_family,framework,state_space,method,method_title,t0,beta,canonical_start_time,native_start_time,native_end_time,native_time_mapping,initialization_kind,initialization_guide_mode,steps,solver,num_mpc_steps,delta,delta_nominal_uniform,delta_min,delta_max,K,lam,n_ctrl,lr,optimizer,warm_start,grad_clip,phi_normalization,control_cost_normalization,delta_t_lambda_scaling,num_pnp_steps,gamma0,alpha,noise_samples,num_opt_steps,num_rhso_steps,mu,hyperparameter_source_lam,hyperparameter_source_n_ctrl,hyperparameter_source_lr,hyperparameter_source_gamma0,hyperparameter_source_alpha,hyperparameter_source_mu,psnr,ssim,lpips,measurement_rmse,missing_rmse,missing_psnr,missing_ssim,observed_rmse,observed_psnr,degraded_psnr,degraded_ssim,degraded_lpips,guide_psnr,runtime,runtime_per_image,reconstruction_steps,network_forwards,model_evaluations,planning_model_evaluations,control_iterations,backprops_through_model,expected_model_evaluations,expected_backprops,objective_evaluations,data_gradient_evaluations,optimizer_iterations,denoiser_samples,expected_objective_evaluations,expected_data_gradients,rhso_terminal_mode,rhso_terminal_planner,rhso_consistency_kind,rhso_stage_diagnostics,rhso_consistency_diagnostics,rhso_jacobian_diagnostics,rhso_jacobian_probes,rhso_jacobian_power_iters,rhso_jacobian_seed,rhso_gradient_authority_diagnostics,measurement_noise_group,diagnostic_model_evaluations,diagnostic_network_forwards,diagnostic_jvps,diagnostic_vjps,diagnostic_seconds,stage_count,stage_delta_first,stage_delta_last,stage_delta_per_step_first,stage_delta_per_step_last,stage_theta_first,stage_theta_last,stage_v_pre_first,stage_v_post_last,endpoint_shift_native_relative_mean,endpoint_shift_pixel_rmse_mean,fidelity_shift_execution_mean,next_stage_recovery_mean,jacobian_sigma_max_first,jacobian_sigma_max_last,jacobian_log_anisotropy_first,jacobian_log_anisotropy_last,gradient_aligned_authority_first,gradient_aligned_authority_last,gradient_aligned_authority_mean,endpoint_fidelity_grad_norm_mean,state_fidelity_grad_norm_mean,gpu_baseline_gib,gpu_peak_gib,gpu_incremental_peak_gib,gpu_memory_source,gpu_process_baseline_gib,gpu_process_peak_gib,gpu_process_incremental_peak_gib,gpu_process_memory_source,batch_size,num_images,padded_items,warmup_seconds,model_load_seconds,seed,replicate,generative_noise_id,measurement_id,guide_id,initial_state_fingerprint,conditioning_label,cfg_scale,status,failure,output_dir,timestamp
stage2_imf,70b76eb68b21,denoising__sdedit__c1,denoising__sdedit__c1,denoising,prob_114badd1eeb1e559,ALL,imf,meanflow,jax,latent,sdedit,SDEdit,1.0,1.0,0.0,1.0,0.0,meanflow_descending,pure_prior_noise,identity,8,,,,0.125,0.125,0.125,,,,,,,,,,,,,,,,,,not_applicable,not_applicable,not_applicable,not_applicable,not_applicable,not_applicable,9.750253536192531,0.04979322374989789,0.7558332458138466,0.6984706521034241,,,,,,20.460494989421008,0.40600529352712283,0.4711836613714695,20.460494989421008,1.5705932434648275,0.19632415543310344,8,32,32,0,0,0,32,0,0,0,0,0,0,0,,,,,,,,,,,,0,0,0,0,0.0,,,,,,,,,,,,,,,,,,,,,,,1.0064,6.6145,5.6081,"jax_device_memory_stats(peak_bytes_in_use)  [LIFETIME high-water mark: it has no reset API, so it can only over-report this job]",,,,unavailable,2,8,0,0.6865,7.0,42,0,seed=42|model=imf|rep=0,a5f596e7c82cd3db,2b589d88aa3382a8,60a6dc5c91c914cc,source_imagenet_class,8.0,ok,,,2026-09-09T15:14:41.157890
stage2_imf,8ac649b45b04,denoising__sdedit__c2,denoising__sdedit__c2,denoising,prob_114badd1eeb1e559,ALL,imf,meanflow,jax,latent,sdedit,SDEdit,1.0,1.0,0.0,1.0,0.0,meanflow_descending,pure_prior_noise,identity,4,,,,0.25,0.25,0.25,,,,,,,,,,,,,,,,,,not_applicable,not_applicable,not_applicable,not_applicable,not_applicable,not_applicable,9.75361928019246,0.05472756356149325,0.7592291161417961,0.6970319151878357,,,,,,20.460494989421008,0.40600529352712283,0.4711836613714695,20.460494989421008,0.812791277654469,0.10159890970680863,4,16,16,0,0,0,16,0,0,0,0,0,0,0,,,,,,,,,,,,0,0,0,0,0.0,,,,,,,,,,,,,,,,,,,,,,,1.0064,6.6145,5.6081,"jax_device_memory_stats(peak_bytes_in_use)  [LIFETIME high-water mark: it has no reset API, so it can only over-report this job]",,,,unavailable,2,8,0,0.4778,7.0,42,0,seed=42|model=imf|rep=0,a5f596e7c82cd3db,2b589d88aa3382a8,60a6dc5c91c914cc,source_imagenet_class,8.0,ok,,,2026-09-09T15:14:44.218612
stage2_imf,c1ede0f178e1,denoising__sdedit__c3,denoising__sdedit__c3,denoising,prob_114badd1eeb1e559,ALL,imf,meanflow,jax,latent,sdedit,SDEdit,1.0,1.0,0.0,1.0,0.0,meanflow_descending,pure_prior_noise,identity,2,,,,0.5,0.5,0.5,,,,,,,,,,,,,,,,,,not_applicable,not_applicable,not_applicable,not_applicable,not_applicable,not_applicable,9.750576288299758,0.05576412028528532,0.765074335038662,0.6974027752876282,,,,,,20.460494989421008,0.40600529352712283,0.4711836613714695,20.460494989421008,0.4017090601846576,0.0502136325230822,2,8,8,0,0,0,8,0,0,0,0,0,0,0,,,,,,,,,,,,0,0,0,0,0.0,,,,,,,,,,,,,,,,,,,,,,,1.0064,6.6145,5.6081,"jax_device_memory_stats(peak_bytes_in_use)  [LIFETIME high-water mark: it has no reset API, so it can only over-report this job]",,,,unavailable,2,8,0,0.3764,7.0,42,0,seed=42|model=imf|rep=0,a5f596e7c82cd3db,2b589d88aa3382a8,60a6dc5c91c914cc,source_imagenet_class,8.0,ok,,,2026-09-09T15:14:46.788687
stage2_imf,2d327bc5c073,denoising__sdedit__c4,denoising__sdedit__c4,denoising,prob_114badd1eeb1e559,ALL,imf,meanflow,jax,latent,sdedit,SDEdit,1.0,1.0,0.0,1.0,0.0,meanflow_descending,pure_prior_noise,identity,16,,,,0.0625,0.0625,0.0625,,,,,,,,,,,,,,,,,,not_applicable,not_applicable,not_applicable,not_applicable,not_applicable,not_applicable,9.67180334666852,0.048923860385560326,0.7560528442263603,0.7053084969520569,,,,,,20.460494989421008,0.40600529352712283,0.4711836613714695,20.460494989421008,3.0783576238900423,0.3847947029862553,16,64,64,0,0,0,64,0,0,0,0,0,0,0,,,,,,,,,,,,0,0,0,0,0.0,,,,,,,,,,,,,,,,,,,,,,,1.0064,6.6145,5.6081,"jax_device_memory_stats(peak_bytes_in_use)  [LIFETIME high-water mark: it has no reset API, so it can only over-report this job]",,,,unavailable,2,8,0,1.0536,7.0,42,0,seed=42|model=imf|rep=0,a5f596e7c82cd3db,2b589d88aa3382a8,60a6dc5c91c914cc,source_imagenet_class,8.0,ok,,,2026-09-09T15:14:52.776334
stage2_imf,67373c26ddb6,denoising__pnp__c1,denoising__pnp__c1,denoising,prob_114badd1eeb1e559,ALL,imf,meanflow,jax,latent,pnp,PnP-Flow,1.0,1.0,0.0,1.0,0.0,meanflow_descending,pure_prior_noise,identity,,,,,0.004975124378109453,0.00497512437810943,0.004975124378109541,,,,,,,,half_mean_squared_per_measurement,,,200,100000.0,1.0,1,,,,not_applicable,not_applicable,not_applicable,method,method,not_applicable,25.110764266578833,0.6397840361160145,0.35969216749072075,0.2314697504043579,,,,,,20.460494989421008,0.40600529352712283,0.4711836613714695,20.460494989421008,264.48002697341144,33.06000337167643,200,804,804,0,0,0,804,0,800,800,0,804,800,800,,,,,,,,,,,,0,0,0,0,0.0,,,,,,,,,,,,,,,,,,,,,,,1.0064,6.61,5.6036,"jax_device_memory_stats(peak_bytes_in_use)  [LIFETIME high-water mark: it has no reset API, so it can only over-report this job]",,,,unavailable,2,8,0,64.7671,7.0,42,0,seed=42|model=imf|rep=0,a5f596e7c82cd3db,2b589d88aa3382a8,60a6dc5c91c914cc,source_imagenet_class,8.0,ok,,,2026-09-09T13:00:10.526896
stage2_imf,943e3daec239,denoising__pnp__c2,denoising__pnp__c2,denoising,prob_114badd1eeb1e559,ALL,imf,meanflow,jax,latent,pnp,PnP-Flow,1.0,1.0,0.0,1.0,0.0,meanflow_descending,pure_prior_noise,identity,,,,,0.004975124378109453,0.00497512437810943,0.004975124378109541,,,,,,,,half_mean_squared_per_measurement,,,200,100000.0,0.75,1,,,,not_applicable,not_applicable,not_applicable,method,method,not_applicable,25.114380223780543,0.6510096356412342,0.3782879039645195,0.2313372939825058,,,,,,20.460494989421008,0.40600529352712283,0.4711836613714695,20.460494989421008,276.74341729376465,34.59292716172058,200,804,804,0,0,0,804,0,800,800,0,804,800,800,,,,,,,,,,,,0,0,0,0,0.0,,,,,,,,,,,,,,,,,,,,,,,1.0064,6.61,5.6036,"jax_device_memory_stats(peak_bytes_in_use)  [LIFETIME high-water mark: it has no reset API, so it can only over-report this job]",,,,unavailable,2,8,0,64.7671,7.0,42,0,seed=42|model=imf|rep=0,a5f596e7c82cd3db,2b589d88aa3382a8,60a6dc5c91c914cc,source_imagenet_class,8.0,ok,,,2026-09-09T13:04:49.272715
stage2_imf,44a8ac9c1bf0,denoising__pnp__c3,denoising__pnp__c3,denoising,prob_114badd1eeb1e559,ALL,imf,meanflow,jax,latent,pnp,PnP-Flow,1.0,1.0,0.0,1.0,0.0,meanflow_descending,pure_prior_noise,identity,,,,,0.004975124378109453,0.00497512437810943,0.004975124378109541,,,,,,,,half_mean_squared_per_measurement,,,200,25000.0,0.25,1,,,,not_applicable,not_applicable,not_applicable,method,method,not_applicable,25.19918419430901,0.6548265715300146,0.37560227885842323,0.23097902536392212,,,,,,20.460494989421008,0.40600529352712283,0.4711836613714695,20.460494989421008,276.94378180895,34.61797272611875,200,804,804,0,0,0,804,0,800,800,0,804,800,800,,,,,,,,,,,,0,0,0,0,0.0,,,,,,,,,,,,,,,,,,,,,,,1.0064,6.61,5.6036,"jax_device_memory_stats(peak_bytes_in_use)  [LIFETIME high-water mark: it has no reset API, so it can only over-report this job]",,,,unavailable,2,8,0,64.7671,7.0,42,0,seed=42|model=imf|rep=0,a5f596e7c82cd3db,2b589d88aa3382a8,60a6dc5c91c914cc,source_imagenet_class,8.0,ok,,,2026-09-09T13:09:28.100066
stage2_imf,cb938b113c53,denoising__pnp__c4,denoising__pnp__c4,denoising,prob_114badd1eeb1e559,ALL,imf,meanflow,jax,latent,pnp,PnP-Flow,1.0,1.0,0.0,1.0,0.0,meanflow_descending,pure_prior_noise,identity,,,,,0.0023584905660377358,0.002358490566037652,0.002358490566037763,,,,,,,,half_mean_squared_per_measurement,,,423,100000.0,1.0,1,,,,not_applicable,not_applicable,not_applicable,method,method,not_applicable,25.61242958025663,0.6690760172657062,0.30499652959406376,0.22782941162586212,,,,,,20.460494989421008,0.40600529352712283,0.4711836613714695,20.460494989421008,589.3748250799254,73.67185313499067,423,1696,1696,0,0,0,1696,0,1692,1692,0,1696,1692,1692,,,,,,,,,,,,0,0,0,0,0.0,,,,,,,,,,,,,,,,,,,,,,,1.0064,6.61,5.6036,"jax_device_memory_stats(peak_bytes_in_use)  [LIFETIME high-water mark: it has no reset API, so it can only over-report this job]",,,,unavailable,2,8,0,147.6413,7.0,42,0,seed=42|model=imf|rep=0,a5f596e7c82cd3db,2b589d88aa3382a8,60a6dc5c91c914cc,source_imagenet_class,8.0,ok,,,2026-09-09T13:21:47.026244
stage2_imf,1d612d6afbfb,denoising__dflow__c1,denoising__dflow__c1,denoising,prob_114badd1eeb1e559,ALL,imf,meanflow,jax,latent,dflow,D-Flow,1.0,1.0,0.0,1.0,0.0,meanflow_descending,pure_prior_noise,identity,1,,,,1.0,1.0,1.0,,,,0.3,adam,,,half_mean_squared_per_measurement,,,,,,,640,,,not_applicable,not_applicable,method,not_applicable,not_applicable,not_applicable,24.645313189663938,0.6258305041117707,0.36571499332785606,0.23345670104026794,,,,,,20.460494989421008,0.40600529352712283,0.4711836613714695,20.460494989421008,802.8267383193597,100.35334228991996,1,2564,2564,2560,2560,2560,2564,2560,2560,2560,2560,0,2564,2560,,,,,,,,,,,,0,0,0,0,0.0,,,,,,,,,,,,,,,,,,,,,,,1.014,6.591,5.577,"jax_device_memory_stats(peak_bytes_in_use)  [LIFETIME high-water mark: it has no reset API, so it can only over-report this job]",,,,unavailable,2,8,0,0.3149,7.45,42,0,seed=42|model=imf|rep=0,a5f596e7c82cd3db,2b589d88aa3382a8,60a6dc5c91c914cc,source_imagenet_class,8.0,ok,,,2026-09-09T13:04:06.670294
stage2_imf,15c1aecdc052,denoising__dflow__c2,denoising__dflow__c2,denoising,prob_114badd1eeb1e559,ALL,imf,meanflow,jax,latent,dflow,D-Flow,1.0,1.0,0.0,1.0,0.0,meanflow_descending,pure_prior_noise,identity,1,,,,1.0,1.0,1.0,,,,0.1,adam,,,half_mean_squared_per_measurement,,,,,,,640,,,not_applicable,not_applicable,method,not_applicable,not_applicable,not_applicable,23.777461856491175,0.5707469585569532,0.4154882747679949,0.24354685842990875,,,,,,20.460494989421008,0.40600529352712283,0.4711836613714695,20.460494989421008,806.4097956549376,100.8012244568672,1,2564,2564,2560,2560,2560,2564,2560,2560,2560,2560,0,2564,2560,,,,,,,,,,,,0,0,0,0,0.0,,,,,,,,,,,,,,,,,,,,,,,1.014,6.591,5.577,"jax_device_memory_stats(peak_bytes_in_use)  [LIFETIME high-water mark: it has no reset API, so it can only over-report this job]",,,,unavailable,2,8,0,0.3149,7.45,42,0,seed=42|model=imf|rep=0,a5f596e7c82cd3db,2b589d88aa3382a8,60a6dc5c91c914cc,source_imagenet_class,8.0,ok,,,2026-09-09T13:17:34.786692
stage2_imf,608f4947fba1,denoising__dflow__c3,denoising__dflow__c3,denoising,prob_114badd1eeb1e559,ALL,imf,meanflow,jax,latent,dflow,D-Flow,1.0,1.0,0.0,1.0,0.0,meanflow_descending,pure_prior_noise,identity,1,,,,1.0,1.0,1.0,,,,0.3,adam,,,half_mean_squared_per_measurement,,,,,,,320,,,not_applicable,not_applicable,method,not_applicable,not_applicable,not_applicable,23.088935667898895,0.5587496413602238,0.4615745171904564,0.24758170545101166,,,,,,20.460494989421008,0.40600529352712283,0.4711836613714695,20.460494989421008,402.789807879366,50.34872598492075,1,1284,1284,1280,1280,1280,1284,1280,1280,1280,1280,0,1284,1280,,,,,,,,,,,,0,0,0,0,0.0,,,,,,,,,,,,,,,,,,,,,,,1.014,6.591,5.577,"jax_device_memory_stats(peak_bytes_in_use)  [LIFETIME high-water mark: it has no reset API, so it can only over-report this job]",,,,unavailable,2,8,0,0.3149,7.45,42,0,seed=42|model=imf|rep=0,a5f596e7c82cd3db,2b589d88aa3382a8,60a6dc5c91c914cc,source_imagenet_class,8.0,ok,,,2026-09-09T13:24:19.351668
stage2_imf,fb3507a21a28,denoising__dflow__c4,denoising__dflow__c4,denoising,prob_114badd1eeb1e559,ALL,imf,meanflow,jax,latent,dflow,D-Flow,1.0,1.0,0.0,1.0,0.0,meanflow_descending,pure_prior_noise,identity,1,,,,1.0,1.0,1.0,,,,0.3,adam,,,half_mean_squared_per_measurement,,,,,,,1280,,,not_applicable,not_applicable,method,not_applicable,not_applicable,not_applicable,25.499186246247298,0.6631783955749674,0.2999067287892103,0.22718371450901031,,,,,,20.460494989421008,0.40600529352712283,0.4711836613714695,20.460494989421008,1611.6895877728239,201.46119847160298,1,5124,5124,5120,5120,5120,5124,5120,5120,5120,5120,0,5124,5120,,,,,,,,,,,,0,0,0,0,0.0,,,,,,,,,,,,,,,,,,,,,,,1.014,6.591,5.577,"jax_device_memory_stats(peak_bytes_in_use)  [LIFETIME high-water mark: it has no reset API, so it can only over-report this job]",,,,unavailable,2,8,0,0.3149,7.45,42,0,seed=42|model=imf|rep=0,a5f596e7c82cd3db,2b589d88aa3382a8,60a6dc5c91c914cc,source_imagenet_class,8.0,ok,,,2026-09-09T13:51:12.815112
stage2_imf,da9b677e4540,denoising__dflow__c5,denoising__dflow__c5,denoising,prob_114badd1eeb1e559,ALL,imf,meanflow,jax,latent,dflow,D-Flow,1.0,1.0,0.0,1.0,0.0,meanflow_descending,pure_prior_noise,identity,1,,,,1.0,1.0,1.0,,,,0.95,adam,,,half_mean_squared_per_measurement,,,,,,,640,,,not_applicable,not_applicable,method,not_applicable,not_applicable,not_applicable,24.847176855984113,0.6381521224622592,0.3782287687063217,0.23265701532363892,,,,,,20.460494989421008,0.40600529352712283,0.4711836613714695,20.460494989421008,793.6143318461254,99.20179148076568,1,2564,2564,2560,2560,2560,2564,2560,2560,2560,2560,0,2564,2560,,,,,,,,,,,,0,0,0,0,0.0,,,,,,,,,,,,,,,,,,,,,,,1.014,6.591,5.577,"jax_device_memory_stats(peak_bytes_in_use)  [LIFETIME high-water mark: it has no reset API, so it can only over-report this job]",,,,unavailable,2,8,0,0.3149,7.45,42,0,seed=42|model=imf|rep=0,a5f596e7c82cd3db,2b589d88aa3382a8,60a6dc5c91c914cc,source_imagenet_class,8.0,ok,,,2026-09-09T14:04:28.120081
stage2_imf,5c78eba4d58d,denoising__mpc_rhc__c1,denoising__mpc_rhc__c1,denoising,prob_114badd1eeb1e559,ALL,imf,meanflow,jax,latent,mpc_rhc,MPC-RHC (K=1),1.0,1.0,0.0,1.0,0.0,meanflow_descending,pure_prior_noise,identity,,,4,0.25,0.25,0.25,0.25,1,30.0,40,0.2,adam,False,,half_sum_squared,sum_squared,,,,,,,,,method,method,method,not_applicable,not_applicable,not_applicable,26.073283927907696,0.7001429543550881,0.2653575772419572,0.2243228256702423,,,,,,20.460494989421008,0.40600529352712283,0.4711836613714695,20.460494989421008,307.7493665982038,38.46867082477547,4,32,32,0,640,0,32,0,0,0,0,0,640,0,,,,,,,,,,,,0,0,0,0,0.0,,,,,,,,,,,,,,,,,,,,,,,1.014,6.591,5.577,"jax_device_memory_stats(peak_bytes_in_use)  [LIFETIME high-water mark: it has no reset API, so it can only over-report this job]",,,,unavailable,2,8,0,3.0435,7.45,42,0,seed=42|model=imf|rep=0,a5f596e7c82cd3db,2b589d88aa3382a8,60a6dc5c91c914cc,source_imagenet_class,8.0,ok,,,2026-09-09T15:33:34.727300
stage2_imf,9ed1d76e97dc,denoising__mpc_rhc__c2,denoising__mpc_rhc__c2,denoising,prob_114badd1eeb1e559,ALL,imf,meanflow,jax,latent,mpc_rhc,MPC-RHC (K=1),1.0,1.0,0.0,1.0,0.0,meanflow_descending,pure_prior_noise,identity,,,4,0.25,0.25,0.25,0.25,1,15.0,40,0.2,adam,False,,half_sum_squared,sum_squared,,,,,,,,,method,method,method,not_applicable,not_applicable,not_applicable,26.026981037034425,0.6952099179945062,0.2650887630879879,0.22460493445396423,,,,,,20.460494989421008,0.40600529352712283,0.4711836613714695,20.460494989421008,270.7013605572283,33.83767006965354,4,32,32,0,640,0,32,0,0,0,0,0,640,0,,,,,,,,,,,,0,0,0,0,0.0,,,,,,,,,,,,,,,,,,,,,,,1.014,6.591,5.577,"jax_device_memory_stats(peak_bytes_in_use)  [LIFETIME high-water mark: it has no reset API, so it can only over-report this job]",,,,unavailable,2,8,0,3.0435,7.45,42,0,seed=42|model=imf|rep=0,a5f596e7c82cd3db,2b589d88aa3382a8,60a6dc5c91c914cc,source_imagenet_class,8.0,ok,,,2026-09-09T15:38:07.572525
stage2_imf,67e8a106b589,denoising__mpc_rhc__c3,denoising__mpc_rhc__c3,denoising,prob_114badd1eeb1e559,ALL,imf,meanflow,jax,latent,mpc_rhc,MPC-RHC (K=1),1.0,1.0,0.0,1.0,0.0,meanflow_descending,pure_prior_noise,identity,,,4,0.25,0.25,0.25,0.25,1,60.0,40,0.2,adam,False,,half_sum_squared,sum_squared,,,,,,,,,method,method,method,not_applicable,not_applicable,not_applicable,26.07840784785771,0.7011358666108138,0.26550291758030653,0.22428709268569946,,,,,,20.460494989421008,0.40600529352712283,0.4711836613714695,20.460494989421008,214.47691775206476,26.809614719008096,4,32,32,0,640,0,32,0,0,0,0,0,640,0,,,,,,,,,,,,0,0,0,0,0.0,,,,,,,,,,,,,,,,,,,,,,,1.014,6.591,5.577,"jax_device_memory_stats(peak_bytes_in_use)  [LIFETIME high-water mark: it has no reset API, so it can only over-report this job]",,,,unavailable,2,8,0,3.0435,7.45,42,0,seed=42|model=imf|rep=0,a5f596e7c82cd3db,2b589d88aa3382a8,60a6dc5c91c914cc,source_imagenet_class,8.0,ok,,,2026-09-09T15:41:43.866137
stage2_imf,c18b0fcb1149,denoising__mpc_rhc__c4,denoising__mpc_rhc__c4,denoising,prob_114badd1eeb1e559,ALL,imf,meanflow,jax,latent,mpc_rhc,MPC-RHC (K=1),1.0,1.0,0.0,1.0,0.0,meanflow_descending,pure_prior_noise,identity,,,4,0.25,0.25,0.25,0.25,1,30.0,40,0.43,adam,False,,half_sum_squared,sum_squared,,,,,,,,,method,method,method,not_applicable,not_applicable,not_applicable,26.281158218655946,0.7113031691015127,0.2860680837184191,0.22318094968795776,,,,,,20.460494989421008,0.40600529352712283,0.4711836613714695,20.460494989421008,219.34566569235176,27.41820821154397,4,32,32,0,640,0,32,0,0,0,0,0,640,0,,,,,,,,,,,,0,0,0,0,0.0,,,,,,,,,,,,,,,,,,,,,,,1.0064,6.61,5.6036,"jax_device_memory_stats(peak_bytes_in_use)  [LIFETIME high-water mark: it has no reset API, so it can only over-report this job]",,,,unavailable,2,8,0,2.3966,7.0,42,0,seed=42|model=imf|rep=0,a5f596e7c82cd3db,2b589d88aa3382a8,60a6dc5c91c914cc,source_imagenet_class,8.0,ok,,,2026-09-09T12:54:39.437133
stage2_imf,7f135fd85abf,denoising__mpc_delta_t__c1,denoising__mpc_delta_t__c1,denoising,prob_114badd1eeb1e559,ALL,imf,meanflow,jax,latent,mpc_delta_t,MPC-delta_t,1.0,1.0,0.0,1.0,0.0,meanflow_descending,pure_prior_noise,identity,,,8,0.125,0.125,0.125,0.125,,540.0,40,0.3,adam,False,,half_sum_squared,sum_squared,none,,,,,,,,method,method,method,not_applicable,not_applicable,not_applicable,26.264538054317807,0.7096258957537078,0.23920966871082783,0.22187982499599457,,,,,,20.460494989421008,0.40600529352712283,0.4711836613714695,20.460494989421008,504.7284777853638,63.091059723170474,8,1152,1152,1120,1280,1120,1152,1120,0,0,0,0,1280,0,,,,,,,,,,,,0,0,0,0,0.0,,,,,,,,,,,,,,,,,,,,,,,1.014,6.591,5.577,"jax_device_memory_stats(peak_bytes_in_use)  [LIFETIME high-water mark: it has no reset API, so it can only over-report this job]",,,,unavailable,2,8,0,3.8253,7.45,42,0,seed=42|model=imf|rep=0,a5f596e7c82cd3db,2b589d88aa3382a8,60a6dc5c91c914cc,source_imagenet_class,8.0,ok,,,2026-09-09T14:12:58.518896
stage2_imf,bb5e0ea39117,denoising__mpc_delta_t__c2,denoising__mpc_delta_t__c2,denoising,prob_114badd1eeb1e559,ALL,imf,meanflow,jax,latent,mpc_delta_t,MPC-delta_t,1.0,1.0,0.0,1.0,0.0,meanflow_descending,pure_prior_noise,identity,,,8,0.125,0.125,0.125,0.125,,360.0,40,0.3,adam,False,,half_sum_squared,sum_squared,none,,,,,,,,method,method,method,not_applicable,not_applicable,not_applicable,26.29279802706865,0.7125456798258917,0.23570175096392632,0.2218918353319168,,,,,,20.460494989421008,0.40600529352712283,0.4711836613714695,20.460494989421008,513.7081305319443,64.21351631649304,8,1152,1152,1120,1280,1120,1152,1120,0,0,0,0,1280,0,,,,,,,,,,,,0,0,0,0,0.0,,,,,,,,,,,,,,,,,,,,,,,1.014,6.591,5.577,"jax_device_memory_stats(peak_bytes_in_use)  [LIFETIME high-water mark: it has no reset API, so it can only over-report this job]",,,,unavailable,2,8,0,3.8253,7.45,42,0,seed=42|model=imf|rep=0,a5f596e7c82cd3db,2b589d88aa3382a8,60a6dc5c91c914cc,source_imagenet_class,8.0,ok,,,2026-09-09T14:21:34.042901
stage2_imf,877415fc2c17,denoising__mpc_delta_t__c3,denoising__mpc_delta_t__c3,denoising,prob_114badd1eeb1e559,ALL,imf,meanflow,jax,latent,mpc_delta_t,MPC-delta_t,1.0,1.0,0.0,1.0,0.0,meanflow_descending,pure_prior_noise,identity,,,8,0.125,0.125,0.125,0.125,,1000.0,40,0.3,adam,False,,half_sum_squared,sum_squared,none,,,,,,,,method,method,method,not_applicable,not_applicable,not_applicable,26.288485134901585,0.7105980962876115,0.24179871566593647,0.2217283844947815,,,,,,20.460494989421008,0.40600529352712283,0.4711836613714695,20.460494989421008,536.1549872709438,67.01937340886798,8,1152,1152,1120,1280,1120,1152,1120,0,0,0,0,1280,0,,,,,,,,,,,,0,0,0,0,0.0,,,,,,,,,,,,,,,,,,,,,,,1.014,6.591,5.577,"jax_device_memory_stats(peak_bytes_in_use)  [LIFETIME high-water mark: it has no reset API, so it can only over-report this job]",,,,unavailable,2,8,0,3.8253,7.45,42,0,seed=42|model=imf|rep=0,a5f596e7c82cd3db,2b589d88aa3382a8,60a6dc5c91c914cc,source_imagenet_class,8.0,ok,,,2026-09-09T14:30:32.174661
stage2_imf,70bea28737d2,denoising__mpc_delta_t__c4,denoising__mpc_delta_t__c4,denoising,prob_114badd1eeb1e559,ALL,imf,meanflow,jax,latent,mpc_delta_t,MPC-delta_t,1.0,1.0,0.0,1.0,0.0,meanflow_descending,pure_prior_noise,identity,,,16,0.0625,0.0625,0.0625,0.0625,,540.0,40,0.3,adam,False,,half_sum_squared,sum_squared,none,,,,,,,,method,method,method,not_applicable,not_applicable,not_applicable,26.292567376681422,0.7093378451295881,0.23163984343409538,0.22185933589935303,,,,,,20.460494989421008,0.40600529352712283,0.4711836613714695,20.460494989421008,1305.3106002425775,163.1638250303222,16,2464,2464,2400,2560,2400,2464,2400,0,0,0,0,2560,0,,,,,,,,,,,,0,0,0,0,0.0,,,,,,,,,,,,,,,,,,,,,,,1.014,6.591,5.577,"jax_device_memory_stats(peak_bytes_in_use)  [LIFETIME high-water mark: it has no reset API, so it can only over-report this job]",,,,unavailable,2,8,0,9.5129,7.45,42,0,seed=42|model=imf|rep=0,a5f596e7c82cd3db,2b589d88aa3382a8,60a6dc5c91c914cc,source_imagenet_class,8.0,ok,,,2026-09-09T14:52:29.116561
stage2_imf,f4849a7a22bf,denoising__mpc_delta_t__c5,denoising__mpc_delta_t__c5,denoising,prob_114badd1eeb1e559,ALL,imf,meanflow,jax,latent,mpc_delta_t,MPC-delta_t,1.0,1.0,0.0,1.0,0.0,meanflow_descending,pure_prior_noise,identity,,,8,0.125,0.125,0.125,0.125,,540.0,80,0.3,adam,False,,half_sum_squared,sum_squared,none,,,,,,,,method,method,method,not_applicable,not_applicable,not_applicable,26.399994343740143,0.714088897858971,0.2195683429017663,0.22045281529426575,,,,,,20.460494989421008,0.40600529352712283,0.4711836613714695,20.460494989421008,1430.088566320017,178.76107079000212,8,2272,2272,2240,2560,2240,2272,2240,0,0,0,0,2560,0,,,,,,,,,,,,0,0,0,0,0.0,,,,,,,,,,,,,,,,,,,,,,,1.014,6.591,5.577,"jax_device_memory_stats(peak_bytes_in_use)  [LIFETIME high-water mark: it has no reset API, so it can only over-report this job]",,,,unavailable,2,8,0,3.8253,7.45,42,0,seed=42|model=imf|rep=0,a5f596e7c82cd3db,2b589d88aa3382a8,60a6dc5c91c914cc,source_imagenet_class,8.0,ok,,,2026-09-09T15:16:21.475217
stage2_imf,b44dc4606e21,denoising__mpc_delta_t__c6,denoising__mpc_delta_t__c6,denoising,prob_114badd1eeb1e559,ALL,imf,meanflow,jax,latent,mpc_delta_t,MPC-delta_t,1.0,1.0,0.0,1.0,0.0,meanflow_descending,pure_prior_noise,identity,,,8,0.125,0.125,0.125,0.125,,540.0,40,0.55,adam,False,,half_sum_squared,sum_squared,none,,,,,,,,method,method,method,not_applicable,not_applicable,not_applicable,26.464276349419677,0.7174071204745642,0.240348300896585,0.22073259949684143,,,,,,20.460494989421008,0.40600529352712283,0.4711836613714695,20.460494989421008,717.6349461711943,89.70436827139929,8,1152,1152,1120,1280,1120,1152,1120,0,0,0,0,1280,0,,,,,,,,,,,,0,0,0,0,0.0,,,,,,,,,,,,,,,,,,,,,,,1.014,6.591,5.577,"jax_device_memory_stats(peak_bytes_in_use)  [LIFETIME high-water mark: it has no reset API, so it can only over-report this job]",,,,unavailable,2,8,0,3.8253,7.45,42,0,seed=42|model=imf|rep=0,a5f596e7c82cd3db,2b589d88aa3382a8,60a6dc5c91c914cc,source_imagenet_class,8.0,ok,,,2026-09-09T15:28:21.639203
stage2_imf,8f25de9763c1,denoising__rhso__c1,denoising__rhso__c1,denoising,prob_114badd1eeb1e559,ALL,imf,meanflow,jax,latent,rhso,RHSO,1.0,1.0,0.0,1.0,0.0,meanflow_descending,pure_prior_noise,identity,,,,,0.125,0.125,0.125,,,,0.03,adam,,,half_mean_squared_per_measurement,,,,,,,80,8,0.0,not_applicable,not_applicable,method,not_applicable,not_applicable,method,26.35745998426576,0.7111589956692559,0.22705018240958452,0.2206776738166809,,,,,,20.460494989421008,0.40600529352712283,0.4711836613714695,20.460494989421008,1053.828520926647,131.72856511583086,8,2592,2592,2560,2560,2560,2592,2560,2560,2560,2560,0,2560,2560,direct,learned_finite_interval_map,,False,False,False,,,,False,,0,0,0,0,0.0,,,,,,,,,,,,,,,,,,,,,,,1.0064,6.61,5.6036,"jax_device_memory_stats(peak_bytes_in_use)  [LIFETIME high-water mark: it has no reset API, so it can only over-report this job]",,,,unavailable,2,8,0,4.3532,7.0,42,0,seed=42|model=imf|rep=0,a5f596e7c82cd3db,2b589d88aa3382a8,60a6dc5c91c914cc,source_imagenet_class,8.0,ok,,,2026-09-09T13:39:27.063251
stage2_imf,267f105b0a00,denoising__rhso__c2,denoising__rhso__c2,denoising,prob_114badd1eeb1e559,ALL,imf,meanflow,jax,latent,rhso,RHSO,1.0,1.0,0.0,1.0,0.0,meanflow_descending,pure_prior_noise,identity,,,,,0.125,0.125,0.125,,,,0.01,adam,,,half_mean_squared_per_measurement,,,,,,,80,8,0.0,not_applicable,not_applicable,method,not_applicable,not_applicable,method,25.881921426287683,0.6888191479271992,0.2623987030237913,0.2240293174982071,,,,,,20.460494989421008,0.40600529352712283,0.4711836613714695,20.460494989421008,1016.7330009527504,127.0916251190938,8,2592,2592,2560,2560,2560,2592,2560,2560,2560,2560,0,2560,2560,direct,learned_finite_interval_map,,False,False,False,,,,False,,0,0,0,0,0.0,,,,,,,,,,,,,,,,,,,,,,,1.0064,6.6145,5.6081,"jax_device_memory_stats(peak_bytes_in_use)  [LIFETIME high-water mark: it has no reset API, so it can only over-report this job]",,,,unavailable,2,8,0,4.3532,7.0,42,0,seed=42|model=imf|rep=0,a5f596e7c82cd3db,2b589d88aa3382a8,60a6dc5c91c914cc,source_imagenet_class,8.0,ok,,,2026-09-09T13:56:25.650744
stage2_imf,1dc3e58fdf27,denoising__rhso__c3,denoising__rhso__c3,denoising,prob_114badd1eeb1e559,ALL,imf,meanflow,jax,latent,rhso,RHSO,1.0,1.0,0.0,1.0,0.0,meanflow_descending,pure_prior_noise,identity,,,,,0.25,0.25,0.25,,,,0.1,adam,,,half_mean_squared_per_measurement,,,,,,,40,4,0.0,not_applicable,not_applicable,method,not_applicable,not_applicable,method,26.02287991763695,0.6996194786917799,0.2783999051898718,0.22504505515098572,,,,,,20.460494989421008,0.40600529352712283,0.4711836613714695,20.460494989421008,205.7315125958994,25.716439074487425,4,656,656,640,640,640,656,640,640,640,640,0,640,640,direct,learned_finite_interval_map,,False,False,False,,,,False,,0,0,0,0,0.0,,,,,,,,,,,,,,,,,,,,,,,1.0064,6.6145,5.6081,"jax_device_memory_stats(peak_bytes_in_use)  [LIFETIME high-water mark: it has no reset API, so it can only over-report this job]",,,,unavailable,2,8,0,1.4932,7.0,42,0,seed=42|model=imf|rep=0,a5f596e7c82cd3db,2b589d88aa3382a8,60a6dc5c91c914cc,source_imagenet_class,8.0,ok,,,2026-09-09T13:59:54.514746
stage2_imf,80cbba3619b5,denoising__rhso__c4,denoising__rhso__c4,denoising,prob_114badd1eeb1e559,ALL,imf,meanflow,jax,latent,rhso,RHSO,1.0,1.0,0.0,1.0,0.0,meanflow_descending,pure_prior_noise,identity,,,,,0.0625,0.0625,0.0625,,,,0.03,adam,,,half_mean_squared_per_measurement,,,,,,,80,16,0.0,not_applicable,not_applicable,method,not_applicable,not_applicable,method,26.115462238342218,0.699871979748357,0.2325927745550871,0.22084006667137146,,,,,,20.460494989421008,0.40600529352712283,0.4711836613714695,20.460494989421008,2204.184216775,275.523027096875,16,5184,5184,5120,5120,5120,5184,5120,5120,5120,5120,0,5120,5120,direct,learned_finite_interval_map,,False,False,False,,,,False,,0,0,0,0,0.0,,,,,,,,,,,,,,,,,,,,,,,1.0064,6.6145,5.6081,"jax_device_memory_stats(peak_bytes_in_use)  [LIFETIME high-water mark: it has no reset API, so it can only over-report this job]",,,,unavailable,2,8,0,5.9456,7.0,42,0,seed=42|model=imf|rep=0,a5f596e7c82cd3db,2b589d88aa3382a8,60a6dc5c91c914cc,source_imagenet_class,8.0,ok,,,2026-09-09T14:36:46.538931
stage2_imf,ccc1d1d14131,denoising__rhso__c5,denoising__rhso__c5,denoising,prob_114badd1eeb1e559,ALL,imf,meanflow,jax,latent,rhso,RHSO,1.0,1.0,0.0,1.0,0.0,meanflow_descending,pure_prior_noise,identity,,,,,0.125,0.125,0.125,,,,0.03,adam,,,half_mean_squared_per_measurement,,,,,,,160,8,0.0,not_applicable,not_applicable,method,not_applicable,not_applicable,method,26.26726761234783,0.7054229338467644,0.2130912495777011,0.2202051281929016,,,,,,20.460494989421008,0.40600529352712283,0.4711836613714695,20.460494989421008,2268.5328961359337,283.5666120169917,8,5152,5152,5120,5120,5120,5152,5120,5120,5120,5120,0,5120,5120,direct,learned_finite_interval_map,,False,False,False,,,,False,,0,0,0,0,0.0,,,,,,,,,,,,,,,,,,,,,,,1.0064,6.6145,5.6081,"jax_device_memory_stats(peak_bytes_in_use)  [LIFETIME high-water mark: it has no reset API, so it can only over-report this job]",,,,unavailable,2,8,0,4.3532,7.0,42,0,seed=42|model=imf|rep=0,a5f596e7c82cd3db,2b589d88aa3382a8,60a6dc5c91c914cc,source_imagenet_class,8.0,ok,,,2026-09-09T15:14:37.083919
stage2_imf,d634e338b9f0,deblurring__sdedit__c1,deblurring__sdedit__c1,deblur,prob_c2be85f48d232774,ALL,imf,meanflow,jax,latent,sdedit,SDEdit,1.0,1.0,0.0,1.0,0.0,meanflow_descending,pure_prior_noise,observed,8,,,,0.125,0.125,0.125,,,,,,,,,,,,,,,,,,not_applicable,not_applicable,not_applicable,not_applicable,not_applicable,not_applicable,9.750253536192531,0.04979322374989789,0.7558332458138466,0.6446055173873901,,,,,,25.744277773445766,0.7043333030752865,0.2709390092641115,25.744277773445766,0.18413360230624676,0.023016700288280845,8,32,32,0,0,0,32,0,0,0,0,0,0,0,,,,,,,,,,,,0,0,0,0,0.0,,,,,,,,,,,,,,,,,,,,,,,1.0153,6.6794,5.664,"jax_device_memory_stats(peak_bytes_in_use)  [LIFETIME high-water mark: it has no reset API, so it can only over-report this job]",,,,unavailable,2,8,0,0.1162,7.2,42,0,seed=42|model=imf|rep=0,6a0500184c85cbcc,a6d7ea78ad4437af,60a6dc5c91c914cc,source_imagenet_class,8.0,ok,,,2026-09-09T15:42:28.628460
stage2_imf,40da350c96a3,deblurring__sdedit__c2,deblurring__sdedit__c2,deblur,prob_c2be85f48d232774,ALL,imf,meanflow,jax,latent,sdedit,SDEdit,1.0,1.0,0.0,1.0,0.0,meanflow_descending,pure_prior_noise,observed,4,,,,0.25,0.25,0.25,,,,,,,,,,,,,,,,,,not_applicable,not_applicable,not_applicable,not_applicable,not_applicable,not_applicable,9.75361928019246,0.05472756356149325,0.7592291161417961,0.6436039805412292,,,,,,25.744277773445766,0.7043333030752865,0.2709390092641115,25.744277773445766,0.09723327867686749,0.012154159834608436,4,16,16,0,0,0,16,0,0,0,0,0,0,0,,,,,,,,,,,,0,0,0,0,0.0,,,,,,,,,,,,,,,,,,,,,,,1.0153,6.6794,5.664,"jax_device_memory_stats(peak_bytes_in_use)  [LIFETIME high-water mark: it has no reset API, so it can only over-report this job]",,,,unavailable,2,8,0,0.0869,7.2,42,0,seed=42|model=imf|rep=0,6a0500184c85cbcc,a6d7ea78ad4437af,60a6dc5c91c914cc,source_imagenet_class,8.0,ok,,,2026-09-09T15:42:29.897348
stage2_imf,45a508f1b4ba,deblurring__sdedit__c3,deblurring__sdedit__c3,deblur,prob_c2be85f48d232774,ALL,imf,meanflow,jax,latent,sdedit,SDEdit,1.0,1.0,0.0,1.0,0.0,meanflow_descending,pure_prior_noise,observed,2,,,,0.5,0.5,0.5,,,,,,,,,,,,,,,,,,not_applicable,not_applicable,not_applicable,not_applicable,not_applicable,not_applicable,9.750576288299758,0.05576412028528532,0.765074335038662,0.6446766257286072,,,,,,25.744277773445766,0.7043333030752865,0.2709390092641115,25.744277773445766,0.05084612872451544,0.00635576609056443,2,8,8,0,0,0,8,0,0,0,0,0,0,0,,,,,,,,,,,,0,0,0,0,0.0,,,,,,,,,,,,,,,,,,,,,,,1.0153,6.6794,5.664,"jax_device_memory_stats(peak_bytes_in_use)  [LIFETIME high-water mark: it has no reset API, so it can only over-report this job]",,,,unavailable,2,8,0,0.0749,7.2,42,0,seed=42|model=imf|rep=0,6a0500184c85cbcc,a6d7ea78ad4437af,60a6dc5c91c914cc,source_imagenet_class,8.0,ok,,,2026-09-09T15:42:31.106458
stage2_imf,a71c78bff90e,deblurring__sdedit__c4,deblurring__sdedit__c4,deblur,prob_c2be85f48d232774,ALL,imf,meanflow,jax,latent,sdedit,SDEdit,1.0,1.0,0.0,1.0,0.0,meanflow_descending,pure_prior_noise,observed,16,,,,0.0625,0.0625,0.0625,,,,,,,,,,,,,,,,,,not_applicable,not_applicable,not_applicable,not_applicable,not_applicable,not_applicable,9.67180334666852,0.048923860385560326,0.7560528442263603,0.6517036557197571,,,,,,25.744277773445766,0.7043333030752865,0.2709390092641115,25.744277773445766,0.3537245150655508,0.04421556438319385,16,64,64,0,0,0,64,0,0,0,0,0,0,0,,,,,,,,,,,,0,0,0,0,0.0,,,,,,,,,,,,,,,,,,,,,,,1.0153,6.6794,5.664,"jax_device_memory_stats(peak_bytes_in_use)  [LIFETIME high-water mark: it has no reset API, so it can only over-report this job]",,,,unavailable,2,8,0,0.1468,7.2,42,0,seed=42|model=imf|rep=0,6a0500184c85cbcc,a6d7ea78ad4437af,60a6dc5c91c914cc,source_imagenet_class,8.0,ok,,,2026-09-09T15:42:32.678710
stage2_imf,bff70f431f68,deblurring__pnp__c1,deblurring__pnp__c1,deblur,prob_c2be85f48d232774,ALL,imf,meanflow,jax,latent,pnp,PnP-Flow,1.0,1.0,0.0,1.0,0.0,meanflow_descending,pure_prior_noise,observed,,,,,0.004975124378109453,0.00497512437810943,0.004975124378109541,,,,,,,,half_mean_squared_per_measurement,,,200,100000.0,1.0,1,,,,not_applicable,not_applicable,not_applicable,method,method,not_applicable,24.521550553288,0.6108255262459326,0.4113090932369232,0.0812125876545906,,,,,,25.744277773445766,0.7043333030752865,0.2709390092641115,25.744277773445766,600.8084890246391,75.10106112807989,200,804,804,0,0,0,804,0,800,800,0,804,800,800,,,,,,,,,,,,0,0,0,0,0.0,,,,,,,,,,,,,,,,,,,,,,,1.0153,6.6576,5.6422,"jax_device_memory_stats(peak_bytes_in_use)  [LIFETIME high-water mark: it has no reset API, so it can only over-report this job]",,,,unavailable,2,8,0,150.0977,7.2,42,0,seed=42|model=imf|rep=0,6a0500184c85cbcc,a6d7ea78ad4437af,60a6dc5c91c914cc,source_imagenet_class,8.0,ok,,,2026-09-09T13:19:43.637593
stage2_imf,962aa815f949,deblurring__pnp__c2,deblurring__pnp__c2,deblur,prob_c2be85f48d232774,ALL,imf,meanflow,jax,latent,pnp,PnP-Flow,1.0,1.0,0.0,1.0,0.0,meanflow_descending,pure_prior_noise,observed,,,,,0.004975124378109453,0.00497512437810943,0.004975124378109541,,,,,,,,half_mean_squared_per_measurement,,,200,100000.0,0.75,1,,,,not_applicable,not_applicable,not_applicable,method,method,not_applicable,24.70031603427695,0.6304088696228252,0.4167858213186264,0.07826735824346542,,,,,,25.744277773445766,0.7043333030752865,0.2709390092641115,25.744277773445766,574.0984676862136,71.7623084607767,200,804,804,0,0,0,804,0,800,800,0,804,800,800,,,,,,,,,,,,0,0,0,0,0.0,,,,,,,,,,,,,,,,,,,,,,,1.0153,6.6576,5.6422,"jax_device_memory_stats(peak_bytes_in_use)  [LIFETIME high-water mark: it has no reset API, so it can only over-report this job]",,,,unavailable,2,8,0,150.0977,7.2,42,0,seed=42|model=imf|rep=0,6a0500184c85cbcc,a6d7ea78ad4437af,60a6dc5c91c914cc,source_imagenet_class,8.0,ok,,,2026-09-09T13:29:19.972788
stage2_imf,e3ab61f77953,deblurring__pnp__c3,deblurring__pnp__c3,deblur,prob_c2be85f48d232774,ALL,imf,meanflow,jax,latent,pnp,PnP-Flow,1.0,1.0,0.0,1.0,0.0,meanflow_descending,pure_prior_noise,observed,,,,,0.004975124378109453,0.00497512437810943,0.004975124378109541,,,,,,,,half_mean_squared_per_measurement,,,200,25000.0,0.25,1,,,,not_applicable,not_applicable,not_applicable,method,method,not_applicable,24.860365975626124,0.6383015387002564,0.41543539240956306,0.07657772302627563,,,,,,25.744277773445766,0.7043333030752865,0.2709390092641115,25.744277773445766,544.8580616209656,68.1072577026207,200,804,804,0,0,0,804,0,800,800,0,804,800,800,,,,,,,,,,,,0,0,0,0,0.0,,,,,,,,,,,,,,,,,,,,,,,1.0153,6.6576,5.6422,"jax_device_memory_stats(peak_bytes_in_use)  [LIFETIME high-water mark: it has no reset API, so it can only over-report this job]",,,,unavailable,2,8,0,150.0977,7.2,42,0,seed=42|model=imf|rep=0,6a0500184c85cbcc,a6d7ea78ad4437af,60a6dc5c91c914cc,source_imagenet_class,8.0,ok,,,2026-09-09T13:38:26.959118
stage2_imf,106daef2502d,deblurring__pnp__c4,deblurring__pnp__c4,deblur,prob_c2be85f48d232774,ALL,imf,meanflow,jax,latent,pnp,PnP-Flow,1.0,1.0,0.0,1.0,0.0,meanflow_descending,pure_prior_noise,observed,,,,,0.0023584905660377358,0.002358490566037652,0.002358490566037763,,,,,,,,half_mean_squared_per_measurement,,,423,100000.0,1.0,1,,,,not_applicable,not_applicable,not_applicable,method,method,not_applicable,24.946471790361862,0.6367038717649063,0.3684386406093836,0.07622744888067245,,,,,,25.744277773445766,0.7043333030752865,0.2709390092641115,25.744277773445766,1049.428347170353,131.17854339629412,423,1696,1696,0,0,0,1696,0,1692,1692,0,1696,1692,1692,,,,,,,,,,,,0,0,0,0,0.0,,,,,,,,,,,,,,,,,,,,,,,1.0153,6.6576,5.6422,"jax_device_memory_stats(peak_bytes_in_use)  [LIFETIME high-water mark: it has no reset API, so it can only over-report this job]",,,,unavailable,2,8,0,287.9844,7.2,42,0,seed=42|model=imf|rep=0,6a0500184c85cbcc,a6d7ea78ad4437af,60a6dc5c91c914cc,source_imagenet_class,8.0,ok,,,2026-09-09T14:00:46.377428
stage2_imf,b5ffa3915501,deblurring__dflow__c1,deblurring__dflow__c1,deblur,prob_c2be85f48d232774,ALL,imf,meanflow,jax,latent,dflow,D-Flow,1.0,1.0,0.0,1.0,0.0,meanflow_descending,pure_prior_noise,observed,1,,,,1.0,1.0,1.0,,,,0.3,adam,,,half_mean_squared_per_measurement,,,,,,,640,,,not_applicable,not_applicable,method,not_applicable,not_applicable,not_applicable,24.239581927086995,0.6268427957201745,0.3882068358361721,0.0809592753648758,,,,,,25.744277773445766,0.7043333030752865,0.2709390092641115,25.744277773445766,1518.3310152897611,189.79137691122014,1,2564,2564,2560,2560,2560,2564,2560,2560,2560,2560,0,2564,2560,,,,,,,,,,,,0,0,0,0,0.0,,,,,,,,,,,,,,,,,,,,,,,1.0204,6.6793,5.6589,"jax_device_memory_stats(peak_bytes_in_use)  [LIFETIME high-water mark: it has no reset API, so it can only over-report this job]",,,,unavailable,2,8,0,0.929,7.99,42,0,seed=42|model=imf|rep=0,6a0500184c85cbcc,a6d7ea78ad4437af,60a6dc5c91c914cc,source_imagenet_class,8.0,ok,,,2026-09-09T13:16:10.702056
stage2_imf,ec7a3d8d661a,deblurring__dflow__c2,deblurring__dflow__c2,deblur,prob_c2be85f48d232774,ALL,imf,meanflow,jax,latent,dflow,D-Flow,1.0,1.0,0.0,1.0,0.0,meanflow_descending,pure_prior_noise,observed,1,,,,1.0,1.0,1.0,,,,0.1,adam,,,half_mean_squared_per_measurement,,,,,,,640,,,not_applicable,not_applicable,method,not_applicable,not_applicable,not_applicable,22.951270700809918,0.5242929137114629,0.510903924703598,0.10150660574436188,,,,,,25.744277773445766,0.7043333030752865,0.2709390092641115,25.744277773445766,1519.5395069038495,189.9424383629812,1,2564,2564,2560,2560,2560,2564,2560,2560,2560,2560,0,2564,2560,,,,,,,,,,,,0,0,0,0,0.0,,,,,,,,,,,,,,,,,,,,,,,1.0204,6.6793,5.6589,"jax_device_memory_stats(peak_bytes_in_use)  [LIFETIME high-water mark: it has no reset API, so it can only over-report this job]",,,,unavailable,2,8,0,0.929,7.99,42,0,seed=42|model=imf|rep=0,6a0500184c85cbcc,a6d7ea78ad4437af,60a6dc5c91c914cc,source_imagenet_class,8.0,ok,,,2026-09-09T13:41:32.002294
stage2_imf,edac4c31069c,deblurring__dflow__c3,deblurring__dflow__c3,deblur,prob_c2be85f48d232774,ALL,imf,meanflow,jax,latent,dflow,D-Flow,1.0,1.0,0.0,1.0,0.0,meanflow_descending,pure_prior_noise,observed,1,,,,1.0,1.0,1.0,,,,0.03,adam,,,half_mean_squared_per_measurement,,,,,,,640,,,not_applicable,not_applicable,method,not_applicable,not_applicable,not_applicable,20.813176774713057,0.4238635703532449,0.5533960424363613,0.14606408774852753,,,,,,25.744277773445766,0.7043333030752865,0.2709390092641115,25.744277773445766,1532.1425001118332,191.51781251397915,1,2564,2564,2560,2560,2560,2564,2560,2560,2560,2560,0,2564,2560,,,,,,,,,,,,0,0,0,0,0.0,,,,,,,,,,,,,,,,,,,,,,,1.0204,6.6808,5.6604,"jax_device_memory_stats(peak_bytes_in_use)  [LIFETIME high-water mark: it has no reset API, so it can only over-report this job]",,,,unavailable,2,8,0,0.929,7.99,42,0,seed=42|model=imf|rep=0,6a0500184c85cbcc,a6d7ea78ad4437af,60a6dc5c91c914cc,source_imagenet_class,8.0,ok,,,2026-09-09T14:07:05.888480
stage2_imf,508e30971be0,deblurring__dflow__c4,deblurring__dflow__c4,deblur,prob_c2be85f48d232774,ALL,imf,meanflow,jax,latent,dflow,D-Flow,1.0,1.0,0.0,1.0,0.0,meanflow_descending,pure_prior_noise,observed,1,,,,1.0,1.0,1.0,,,,0.3,adam,,,half_mean_squared_per_measurement,,,,,,,1280,,,not_applicable,not_applicable,method,not_applicable,not_applicable,not_applicable,25.286828263002526,0.6770131263782635,0.3254556879401207,0.07115257531404495,,,,,,25.744277773445766,0.7043333030752865,0.2709390092641115,25.744277773445766,4704.731559208594,588.0914449010743,1,5124,5124,5120,5120,5120,5124,5120,5120,5120,5120,0,5124,5120,,,,,,,,,,,,0,0,0,0,0.0,,,,,,,,,,,,,,,,,,,,,,,1.0204,6.6926,5.6723,"jax_device_memory_stats(peak_bytes_in_use)  [LIFETIME high-water mark: it has no reset API, so it can only over-report this job]",,,,unavailable,2,8,0,0.929,7.99,42,0,seed=42|model=imf|rep=0,6a0500184c85cbcc,a6d7ea78ad4437af,60a6dc5c91c914cc,source_imagenet_class,8.0,ok,,,2026-09-09T15:25:32.748879
stage2_imf,ea53e168ea69,deblurring__dflow__c5,deblurring__dflow__c5,deblur,prob_c2be85f48d232774,ALL,imf,meanflow,jax,latent,dflow,D-Flow,1.0,1.0,0.0,1.0,0.0,meanflow_descending,pure_prior_noise,observed,1,,,,1.0,1.0,1.0,,,,0.95,adam,,,half_mean_squared_per_measurement,,,,,,,640,,,not_applicable,not_applicable,method,not_applicable,not_applicable,not_applicable,23.6556292765059,0.6006104742051191,0.43780216202139854,0.08470916002988815,,,,,,25.744277773445766,0.7043333030752865,0.2709390092641115,25.744277773445766,1303.3442079853266,162.91802599816583,1,2564,2564,2560,2560,2560,2564,2560,2560,2560,2560,0,2564,2560,,,,,,,,,,,,0,0,0,0,0.0,,,,,,,,,,,,,,,,,,,,,,,1.0204,6.6926,5.6723,"jax_device_memory_stats(peak_bytes_in_use)  [LIFETIME high-water mark: it has no reset API, so it can only over-report this job]",,,,unavailable,2,8,0,0.929,7.99,42,0,seed=42|model=imf|rep=0,6a0500184c85cbcc,a6d7ea78ad4437af,60a6dc5c91c914cc,source_imagenet_class,8.0,ok,,,2026-09-09T15:47:17.558772
stage2_imf,15faa13cc12b,deblurring__mpc_rhc__c1,deblurring__mpc_rhc__c1,deblur,prob_c2be85f48d232774,ALL,imf,meanflow,jax,latent,mpc_rhc,MPC-RHC (K=1),1.0,1.0,0.0,1.0,0.0,meanflow_descending,pure_prior_noise,observed,,,4,0.25,0.25,0.25,0.25,1,60.0,40,0.2,adam,False,,half_sum_squared,sum_squared,,,,,,,,,method,method,method,not_applicable,not_applicable,not_applicable,25.82167325581023,0.7056593325685037,0.3016979340463877,0.06807520985603333,,,,,,25.744277773445766,0.7043333030752865,0.2709390092641115,25.744277773445766,106.24378417804837,13.280473022256047,4,32,32,0,640,0,32,0,0,0,0,0,640,0,,,,,,,,,,,,0,0,0,0,0.0,,,,,,,,,,,,,,,,,,,,,,,1.0204,6.6941,5.6737,"jax_device_memory_stats(peak_bytes_in_use)  [LIFETIME high-water mark: it has no reset API, so it can only over-report this job]",,,,unavailable,2,8,0,0.9364,7.99,42,0,seed=42|model=imf|rep=0,6a0500184c85cbcc,a6d7ea78ad4437af,60a6dc5c91c914cc,source_imagenet_class,8.0,ok,,,2026-09-09T16:11:41.188349
stage2_imf,1a6386fd9433,deblurring__mpc_rhc__c2,deblurring__mpc_rhc__c2,deblur,prob_c2be85f48d232774,ALL,imf,meanflow,jax,latent,mpc_rhc,MPC-RHC (K=1),1.0,1.0,0.0,1.0,0.0,meanflow_descending,pure_prior_noise,observed,,,4,0.25,0.25,0.25,0.25,1,180.0,40,0.2,adam,False,,half_sum_squared,sum_squared,,,,,,,,,method,method,method,not_applicable,not_applicable,not_applicable,25.85164971211445,0.7089262390498439,0.30107699148356915,0.06791433691978455,,,,,,25.744277773445766,0.7043333030752865,0.2709390092641115,25.744277773445766,105.2060703644529,13.150758795556612,4,32,32,0,640,0,32,0,0,0,0,0,640,0,,,,,,,,,,,,0,0,0,0,0.0,,,,,,,,,,,,,,,,,,,,,,,1.0204,6.6941,5.6737,"jax_device_memory_stats(peak_bytes_in_use)  [LIFETIME high-water mark: it has no reset API, so it can only over-report this job]",,,,unavailable,2,8,0,0.9364,7.99,42,0,seed=42|model=imf|rep=0,6a0500184c85cbcc,a6d7ea78ad4437af,60a6dc5c91c914cc,source_imagenet_class,8.0,ok,,,2026-09-09T16:13:27.639098
stage2_imf,2dc0f5c31736,deblurring__mpc_rhc__c3,deblurring__mpc_rhc__c3,deblur,prob_c2be85f48d232774,ALL,imf,meanflow,jax,latent,mpc_rhc,MPC-RHC (K=1),1.0,1.0,0.0,1.0,0.0,meanflow_descending,pure_prior_noise,observed,,,4,0.25,0.25,0.25,0.25,1,240.0,40,0.2,adam,False,,half_sum_squared,sum_squared,,,,,,,,,method,method,method,not_applicable,not_applicable,not_applicable,25.860140345600804,0.7095385459574293,0.3012324534356594,0.06788256764411926,,,,,,25.744277773445766,0.7043333030752865,0.2709390092641115,25.744277773445766,461.11182160675526,57.63897770084441,4,32,32,0,640,0,32,0,0,0,0,0,640,0,,,,,,,,,,,,0,0,0,0,0.0,,,,,,,,,,,,,,,,,,,,,,,1.0153,6.6576,5.6422,"jax_device_memory_stats(peak_bytes_in_use)  [LIFETIME high-water mark: it has no reset API, so it can only over-report this job]",,,,unavailable,2,8,0,4.1179,7.2,42,0,seed=42|model=imf|rep=0,6a0500184c85cbcc,a6d7ea78ad4437af,60a6dc5c91c914cc,source_imagenet_class,8.0,ok,,,2026-09-09T12:58:52.059340
stage2_imf,5d765b8c58c3,deblurring__mpc_rhc__c4,deblurring__mpc_rhc__c4,deblur,prob_c2be85f48d232774,ALL,imf,meanflow,jax,latent,mpc_rhc,MPC-RHC (K=1),1.0,1.0,0.0,1.0,0.0,meanflow_descending,pure_prior_noise,observed,,,4,0.25,0.25,0.25,0.25,1,60.0,40,0.43,adam,False,,half_sum_squared,sum_squared,,,,,,,,,method,method,method,not_applicable,not_applicable,not_applicable,25.96869200571239,0.7170759213375675,0.3346252925693989,0.06677965819835663,,,,,,25.744277773445766,0.7043333030752865,0.2709390092641115,25.744277773445766,496.049323245883,62.00616540573537,4,32,32,0,640,0,32,0,0,0,0,0,640,0,,,,,,,,,,,,0,0,0,0,0.0,,,,,,,,,,,,,,,,,,,,,,,1.0153,6.6576,5.6422,"jax_device_memory_stats(peak_bytes_in_use)  [LIFETIME high-water mark: it has no reset API, so it can only over-report this job]",,,,unavailable,2,8,0,4.1179,7.2,42,0,seed=42|model=imf|rep=0,6a0500184c85cbcc,a6d7ea78ad4437af,60a6dc5c91c914cc,source_imagenet_class,8.0,ok,,,2026-09-09T13:07:10.493870
stage2_imf,8625e2bbc5a8,deblurring__mpc_delta_t__c1,deblurring__mpc_delta_t__c1,deblur,prob_c2be85f48d232774,ALL,imf,meanflow,jax,latent,mpc_delta_t,MPC-delta_t,1.0,1.0,0.0,1.0,0.0,meanflow_descending,pure_prior_noise,observed,,,8,0.125,0.125,0.125,0.125,,1000.0,40,0.3,adam,False,,half_sum_squared,sum_squared,none,,,,,,,,method,method,method,not_applicable,not_applicable,not_applicable,26.137191761395282,0.7300658993473519,0.2567327246069908,0.06405125558376312,,,,,,25.744277773445766,0.7043333030752865,0.2709390092641115,25.744277773445766,122.48626821022481,15.310783526278101,8,1152,1152,1120,1280,1120,1152,1120,0,0,0,0,1280,0,,,,,,,,,,,,0,0,0,0,0.0,,,,,,,,,,,,,,,,,,,,,,,1.0204,6.6926,5.6723,"jax_device_memory_stats(peak_bytes_in_use)  [LIFETIME high-water mark: it has no reset API, so it can only over-report this job]",,,,unavailable,2,8,0,1.5418,7.99,42,0,seed=42|model=imf|rep=0,6a0500184c85cbcc,a6d7ea78ad4437af,60a6dc5c91c914cc,source_imagenet_class,8.0,ok,,,2026-09-09T15:49:22.608688
stage2_imf,915dc13bcf67,deblurring__mpc_delta_t__c2,deblurring__mpc_delta_t__c2,deblur,prob_c2be85f48d232774,ALL,imf,meanflow,jax,latent,mpc_delta_t,MPC-delta_t,1.0,1.0,0.0,1.0,0.0,meanflow_descending,pure_prior_noise,observed,,,8,0.125,0.125,0.125,0.125,,540.0,40,0.15,adam,False,,half_sum_squared,sum_squared,none,,,,,,,,method,method,method,not_applicable,not_applicable,not_applicable,25.522032474389505,0.7008461713465082,0.26444037817418575,0.06619128584861755,,,,,,25.744277773445766,0.7043333030752865,0.2709390092641115,25.744277773445766,120.52817556168884,15.066021945211105,8,1152,1152,1120,1280,1120,1152,1120,0,0,0,0,1280,0,,,,,,,,,,,,0,0,0,0,0.0,,,,,,,,,,,,,,,,,,,,,,,1.0204,6.6926,5.6723,"jax_device_memory_stats(peak_bytes_in_use)  [LIFETIME high-water mark: it has no reset API, so it can only over-report this job]",,,,unavailable,2,8,0,1.5418,7.99,42,0,seed=42|model=imf|rep=0,6a0500184c85cbcc,a6d7ea78ad4437af,60a6dc5c91c914cc,source_imagenet_class,8.0,ok,,,2026-09-09T15:51:24.131351
stage2_imf,e4280f46b0e5,deblurring__mpc_delta_t__c3,deblurring__mpc_delta_t__c3,deblur,prob_c2be85f48d232774,ALL,imf,meanflow,jax,latent,mpc_delta_t,MPC-delta_t,1.0,1.0,0.0,1.0,0.0,meanflow_descending,pure_prior_noise,observed,,,8,0.125,0.125,0.125,0.125,,360.0,40,0.3,adam,False,,half_sum_squared,sum_squared,none,,,,,,,,method,method,method,not_applicable,not_applicable,not_applicable,26.02881009369925,0.7221728196361379,0.26272795908153057,0.06465432792901993,,,,,,25.744277773445766,0.7043333030752865,0.2709390092641115,25.744277773445766,121.27056861948222,15.158821077435277,8,1152,1152,1120,1280,1120,1152,1120,0,0,0,0,1280,0,,,,,,,,,,,,0,0,0,0,0.0,,,,,,,,,,,,,,,,,,,,,,,1.0204,6.6926,5.6723,"jax_device_memory_stats(peak_bytes_in_use)  [LIFETIME high-water mark: it has no reset API, so it can only over-report this job]",,,,unavailable,2,8,0,1.5418,7.99,42,0,seed=42|model=imf|rep=0,6a0500184c85cbcc,a6d7ea78ad4437af,60a6dc5c91c914cc,source_imagenet_class,8.0,ok,,,2026-09-09T15:53:26.387155
stage2_imf,bff82e022c3b,deblurring__mpc_delta_t__c4,deblurring__mpc_delta_t__c4,deblur,prob_c2be85f48d232774,ALL,imf,meanflow,jax,latent,mpc_delta_t,MPC-delta_t,1.0,1.0,0.0,1.0,0.0,meanflow_descending,pure_prior_noise,observed,,,16,0.0625,0.0625,0.0625,0.0625,,1000.0,40,0.3,adam,False,,half_sum_squared,sum_squared,none,,,,,,,,method,method,method,not_applicable,not_applicable,not_applicable,25.837313219321068,0.7147649937209728,0.27963591180741787,0.06442273408174515,,,,,,25.744277773445766,0.7043333030752865,0.2709390092641115,25.744277773445766,246.40591588709503,30.80073948588688,16,2464,2464,2400,2560,2400,2464,2400,0,0,0,0,2560,0,,,,,,,,,,,,0,0,0,0,0.0,,,,,,,,,,,,,,,,,,,,,,,1.0204,6.6926,5.6723,"jax_device_memory_stats(peak_bytes_in_use)  [LIFETIME high-water mark: it has no reset API, so it can only over-report this job]",,,,unavailable,2,8,0,1.566,7.99,42,0,seed=42|model=imf|rep=0,6a0500184c85cbcc,a6d7ea78ad4437af,60a6dc5c91c914cc,source_imagenet_class,8.0,ok,,,2026-09-09T15:57:35.354740
stage2_imf,a05558577728,deblurring__mpc_delta_t__c5,deblurring__mpc_delta_t__c5,deblur,prob_c2be85f48d232774,ALL,imf,meanflow,jax,latent,mpc_delta_t,MPC-delta_t,1.0,1.0,0.0,1.0,0.0,meanflow_descending,pure_prior_noise,observed,,,8,0.125,0.125,0.125,0.125,,1000.0,80,0.3,adam,False,,half_sum_squared,sum_squared,none,,,,,,,,method,method,method,not_applicable,not_applicable,not_applicable,26.30509972225654,0.7383911798702556,0.2437153086066246,0.0631868988275528,,,,,,25.744277773445766,0.7043333030752865,0.2709390092641115,25.744277773445766,242.1730815479532,30.27163519349415,8,2272,2272,2240,2560,2240,2272,2240,0,0,0,0,2560,0,,,,,,,,,,,,0,0,0,0,0.0,,,,,,,,,,,,,,,,,,,,,,,1.0204,6.6941,5.6737,"jax_device_memory_stats(peak_bytes_in_use)  [LIFETIME high-water mark: it has no reset API, so it can only over-report this job]",,,,unavailable,2,8,0,1.5418,7.99,42,0,seed=42|model=imf|rep=0,6a0500184c85cbcc,a6d7ea78ad4437af,60a6dc5c91c914cc,source_imagenet_class,8.0,ok,,,2026-09-09T16:01:38.521981
stage2_imf,04ee135deaf8,deblurring__mpc_delta_t__c6,deblurring__mpc_delta_t__c6,deblur,prob_c2be85f48d232774,ALL,imf,meanflow,jax,latent,mpc_delta_t,MPC-delta_t,1.0,1.0,0.0,1.0,0.0,meanflow_descending,pure_prior_noise,observed,,,8,0.125,0.125,0.125,0.125,,2500.0,40,0.3,adam,False,,half_sum_squared,sum_squared,none,,,,,,,,method,method,method,not_applicable,not_applicable,not_applicable,26.300817323403074,0.7366904873916248,0.24811902549117804,0.06366723775863647,,,,,,25.744277773445766,0.7043333030752865,0.2709390092641115,25.744277773445766,237.1964725377038,29.649559067212977,8,1152,1152,1120,1280,1120,1152,1120,0,0,0,0,1280,0,,,,,,,,,,,,0,0,0,0,0.0,,,,,,,,,,,,,,,,,,,,,,,1.0204,6.6941,5.6737,"jax_device_memory_stats(peak_bytes_in_use)  [LIFETIME high-water mark: it has no reset API, so it can only over-report this job]",,,,unavailable,2,8,0,1.5418,7.99,42,0,seed=42|model=imf|rep=0,6a0500184c85cbcc,a6d7ea78ad4437af,60a6dc5c91c914cc,source_imagenet_class,8.0,ok,,,2026-09-09T16:05:36.953194
stage2_imf,b265875bbd73,deblurring__mpc_delta_t__c7,deblurring__mpc_delta_t__c7,deblur,prob_c2be85f48d232774,ALL,imf,meanflow,jax,latent,mpc_delta_t,MPC-delta_t,1.0,1.0,0.0,1.0,0.0,meanflow_descending,pure_prior_noise,observed,,,8,0.125,0.125,0.125,0.125,,1000.0,40,0.55,adam,False,,half_sum_squared,sum_squared,none,,,,,,,,method,method,method,not_applicable,not_applicable,not_applicable,26.337684954298997,0.7318499911713838,0.28119880985468626,0.06401771306991577,,,,,,25.744277773445766,0.7043333030752865,0.2709390092641115,25.744277773445766,254.52449481654912,31.81556185206864,8,1152,1152,1120,1280,1120,1152,1120,0,0,0,0,1280,0,,,,,,,,,,,,0,0,0,0,0.0,,,,,,,,,,,,,,,,,,,,,,,1.0204,6.6941,5.6737,"jax_device_memory_stats(peak_bytes_in_use)  [LIFETIME high-water mark: it has no reset API, so it can only over-report this job]",,,,unavailable,2,8,0,1.5418,7.99,42,0,seed=42|model=imf|rep=0,6a0500184c85cbcc,a6d7ea78ad4437af,60a6dc5c91c914cc,source_imagenet_class,8.0,ok,,,2026-09-09T16:09:52.755394
stage2_imf,804531b549c7,deblurring__rhso__c1,deblurring__rhso__c1,deblur,prob_c2be85f48d232774,ALL,imf,meanflow,jax,latent,rhso,RHSO,1.0,1.0,0.0,1.0,0.0,meanflow_descending,pure_prior_noise,observed,,,,,0.125,0.125,0.125,,,,0.03,adam,,,half_mean_squared_per_measurement,,,,,,,80,8,0.0,not_applicable,not_applicable,method,not_applicable,not_applicable,method,25.90238798239195,0.7248992570743431,0.24668407440185547,0.06374496966600418,,,,,,25.744277773445766,0.7043333030752865,0.2709390092641115,25.744277773445766,2129.1353197116405,266.14191496395506,8,2592,2592,2560,2560,2560,2592,2560,2560,2560,2560,0,2560,2560,direct,learned_finite_interval_map,,False,False,False,,,,False,,0,0,0,0,0.0,,,,,,,,,,,,,,,,,,,,,,,1.0153,6.6794,5.664,"jax_device_memory_stats(peak_bytes_in_use)  [LIFETIME high-water mark: it has no reset API, so it can only over-report this job]",,,,unavailable,2,8,0,5.5128,7.2,42,0,seed=42|model=imf|rep=0,6a0500184c85cbcc,a6d7ea78ad4437af,60a6dc5c91c914cc,source_imagenet_class,8.0,ok,,,2026-09-09T14:36:23.218533
stage2_imf,7aad8030ac87,deblurring__rhso__c2,deblurring__rhso__c2,deblur,prob_c2be85f48d232774,ALL,imf,meanflow,jax,latent,rhso,RHSO,1.0,1.0,0.0,1.0,0.0,meanflow_descending,pure_prior_noise,observed,,,,,0.125,0.125,0.125,,,,0.01,adam,,,half_mean_squared_per_measurement,,,,,,,80,8,0.0,not_applicable,not_applicable,method,not_applicable,not_applicable,method,25.090473581812685,0.6830420037734456,0.26462920755147934,0.06604889035224915,,,,,,25.744277773445766,0.7043333030752865,0.2709390092641115,25.744277773445766,2161.339821405709,270.1674776757136,8,2592,2592,2560,2560,2560,2592,2560,2560,2560,2560,0,2560,2560,direct,learned_finite_interval_map,,False,False,False,,,,False,,0,0,0,0,0.0,,,,,,,,,,,,,,,,,,,,,,,1.0153,6.6794,5.664,"jax_device_memory_stats(peak_bytes_in_use)  [LIFETIME high-water mark: it has no reset API, so it can only over-report this job]",,,,unavailable,2,8,0,5.5128,7.2,42,0,seed=42|model=imf|rep=0,6a0500184c85cbcc,a6d7ea78ad4437af,60a6dc5c91c914cc,source_imagenet_class,8.0,ok,,,2026-09-09T15:12:26.868297
stage2_imf,66728adffaef,deblurring__rhso__c3,deblurring__rhso__c3,deblur,prob_c2be85f48d232774,ALL,imf,meanflow,jax,latent,rhso,RHSO,1.0,1.0,0.0,1.0,0.0,meanflow_descending,pure_prior_noise,observed,,,,,0.125,0.125,0.125,,,,0.03,adam,,,half_mean_squared_per_measurement,,,,,,,20,8,0.0,not_applicable,not_applicable,method,not_applicable,not_applicable,method,25.41647088899848,0.688931233253006,0.2894813437014818,0.0692548006772995,,,,,,25.744277773445766,0.7043333030752865,0.2709390092641115,25.744277773445766,460.5407267101109,57.56759083876386,8,672,672,640,640,640,672,640,640,640,640,0,640,640,direct,learned_finite_interval_map,,False,False,False,,,,False,,0,0,0,0,0.0,,,,,,,,,,,,,,,,,,,,,,,1.0153,6.6794,5.664,"jax_device_memory_stats(peak_bytes_in_use)  [LIFETIME high-water mark: it has no reset API, so it can only over-report this job]",,,,unavailable,2,8,0,5.5128,7.2,42,0,seed=42|model=imf|rep=0,6a0500184c85cbcc,a6d7ea78ad4437af,60a6dc5c91c914cc,source_imagenet_class,8.0,ok,,,2026-09-09T15:20:09.401485
stage2_imf,a71146fcaa97,deblurring__rhso__c4,deblurring__rhso__c4,deblur,prob_c2be85f48d232774,ALL,imf,meanflow,jax,latent,rhso,RHSO,1.0,1.0,0.0,1.0,0.0,meanflow_descending,pure_prior_noise,observed,,,,,0.0625,0.0625,0.0625,,,,0.03,adam,,,half_mean_squared_per_measurement,,,,,,,80,16,0.0,not_applicable,not_applicable,method,not_applicable,not_applicable,method,26.163699254116246,0.7426350931026031,0.2279065465554595,0.06262147426605225,,,,,,25.744277773445766,0.7043333030752865,0.2709390092641115,25.744277773445766,769.3761068778113,96.1720133597264,16,5184,5184,5120,5120,5120,5184,5120,5120,5120,5120,0,5120,5120,direct,learned_finite_interval_map,,False,False,False,,,,False,,0,0,0,0,0.0,,,,,,,,,,,,,,,,,,,,,,,1.0153,6.6794,5.664,"jax_device_memory_stats(peak_bytes_in_use)  [LIFETIME high-water mark: it has no reset API, so it can only over-report this job]",,,,unavailable,2,8,0,9.0448,7.2,42,0,seed=42|model=imf|rep=0,6a0500184c85cbcc,a6d7ea78ad4437af,60a6dc5c91c914cc,source_imagenet_class,8.0,ok,,,2026-09-09T15:33:08.963752
stage2_imf,07fd7390d6ba,deblurring__rhso__c5,deblurring__rhso__c5,deblur,prob_c2be85f48d232774,ALL,imf,meanflow,jax,latent,rhso,RHSO,1.0,1.0,0.0,1.0,0.0,meanflow_descending,pure_prior_noise,observed,,,,,0.125,0.125,0.125,,,,0.03,adam,,,half_mean_squared_per_measurement,,,,,,,160,8,0.0,not_applicable,not_applicable,method,not_applicable,not_applicable,method,25.953363737671204,0.7328101284679822,0.22925763856619596,0.06265286356210709,,,,,,25.744277773445766,0.7043333030752865,0.2709390092641115,25.744277773445766,557.1567718004808,69.6445964750601,8,5152,5152,5120,5120,5120,5152,5120,5120,5120,5120,0,5120,5120,direct,learned_finite_interval_map,,False,False,False,,,,False,,0,0,0,0,0.0,,,,,,,,,,,,,,,,,,,,,,,1.0153,6.6794,5.664,"jax_device_memory_stats(peak_bytes_in_use)  [LIFETIME high-water mark: it has no reset API, so it can only over-report this job]",,,,unavailable,2,8,0,5.5128,7.2,42,0,seed=42|model=imf|rep=0,6a0500184c85cbcc,a6d7ea78ad4437af,60a6dc5c91c914cc,source_imagenet_class,8.0,ok,,,2026-09-09T15:42:27.231427
stage2_imf,c9546901a153,super_resolution__sdedit__c1,super_resolution__sdedit__c1,super_resolution,prob_0f6cb8346c07d449,ALL,imf,meanflow,jax,latent,sdedit,SDEdit,1.0,1.0,0.0,1.0,0.0,meanflow_descending,pure_prior_noise,upsample_bicubic,8,,,,0.125,0.125,0.125,,,,,,,,,,,,,,,,,,not_applicable,not_applicable,not_applicable,not_applicable,not_applicable,not_applicable,9.750253536192531,0.04979322374989789,0.7558332458138466,0.6716814041137695,,,,,,22.72518401401371,0.6367004835325139,0.2324478104710579,24.165853270405385,0.926485356874764,0.1158106696093455,8,32,32,0,0,0,32,0,0,0,0,0,0,0,,,,,,,,,,,,0,0,0,0,0.0,,,,,,,,,,,,,,,,,,,,,,,1.0064,6.6345,5.6281,"jax_device_memory_stats(peak_bytes_in_use)  [LIFETIME high-water mark: it has no reset API, so it can only over-report this job]",,,,unavailable,2,8,0,0.4371,8.19,42,0,seed=42|model=imf|rep=0,5ea4a50404d5d00f,f1de5afd71310f5c,60a6dc5c91c914cc,source_imagenet_class,8.0,ok,,,2026-09-09T15:20:44.470240
stage2_imf,227952d02ccb,super_resolution__sdedit__c2,super_resolution__sdedit__c2,super_resolution,prob_0f6cb8346c07d449,ALL,imf,meanflow,jax,latent,sdedit,SDEdit,1.0,1.0,0.0,1.0,0.0,meanflow_descending,pure_prior_noise,upsample_bicubic,4,,,,0.25,0.25,0.25,,,,,,,,,,,,,,,,,,not_applicable,not_applicable,not_applicable,not_applicable,not_applicable,not_applicable,9.75361928019246,0.05472756356149325,0.7592291161417961,0.6701706051826477,,,,,,22.72518401401371,0.6367004835325139,0.2324478104710579,24.165853270405385,0.43497265689074993,0.05437158211134374,4,16,16,0,0,0,16,0,0,0,0,0,0,0,,,,,,,,,,,,0,0,0,0,0.0,,,,,,,,,,,,,,,,,,,,,,,1.0064,6.6345,5.6281,"jax_device_memory_stats(peak_bytes_in_use)  [LIFETIME high-water mark: it has no reset API, so it can only over-report this job]",,,,unavailable,2,8,0,0.3273,8.19,42,0,seed=42|model=imf|rep=0,5ea4a50404d5d00f,f1de5afd71310f5c,60a6dc5c91c914cc,source_imagenet_class,8.0,ok,,,2026-09-09T15:20:46.688344
stage2_imf,5f423a0013cc,super_resolution__sdedit__c3,super_resolution__sdedit__c3,super_resolution,prob_0f6cb8346c07d449,ALL,imf,meanflow,jax,latent,sdedit,SDEdit,1.0,1.0,0.0,1.0,0.0,meanflow_descending,pure_prior_noise,upsample_bicubic,2,,,,0.5,0.5,0.5,,,,,,,,,,,,,,,,,,not_applicable,not_applicable,not_applicable,not_applicable,not_applicable,not_applicable,9.750576288299758,0.05576412028528532,0.765074335038662,0.6704502701759338,,,,,,22.72518401401371,0.6367004835325139,0.2324478104710579,24.165853270405385,0.2842134786769748,0.03552668483462185,2,8,8,0,0,0,8,0,0,0,0,0,0,0,,,,,,,,,,,,0,0,0,0,0.0,,,,,,,,,,,,,,,,,,,,,,,1.0064,6.6345,5.6281,"jax_device_memory_stats(peak_bytes_in_use)  [LIFETIME high-water mark: it has no reset API, so it can only over-report this job]",,,,unavailable,2,8,0,0.2609,8.19,42,0,seed=42|model=imf|rep=0,5ea4a50404d5d00f,f1de5afd71310f5c,60a6dc5c91c914cc,source_imagenet_class,8.0,ok,,,2026-09-09T15:20:48.823652
stage2_imf,e41f558fc175,super_resolution__sdedit__c4,super_resolution__sdedit__c4,super_resolution,prob_0f6cb8346c07d449,ALL,imf,meanflow,jax,latent,sdedit,SDEdit,1.0,1.0,0.0,1.0,0.0,meanflow_descending,pure_prior_noise,upsample_bicubic,16,,,,0.0625,0.0625,0.0625,,,,,,,,,,,,,,,,,,not_applicable,not_applicable,not_applicable,not_applicable,not_applicable,not_applicable,9.67180334666852,0.048923860385560326,0.7560528442263603,0.6787655353546143,,,,,,22.72518401401371,0.6367004835325139,0.2324478104710579,24.165853270405385,1.8953080466017127,0.2369135058252141,16,64,64,0,0,0,64,0,0,0,0,0,0,0,,,,,,,,,,,,0,0,0,0,0.0,,,,,,,,,,,,,,,,,,,,,,,1.0064,6.6345,5.6281,"jax_device_memory_stats(peak_bytes_in_use)  [LIFETIME high-water mark: it has no reset API, so it can only over-report this job]",,,,unavailable,2,8,0,0.6969,8.19,42,0,seed=42|model=imf|rep=0,5ea4a50404d5d00f,f1de5afd71310f5c,60a6dc5c91c914cc,source_imagenet_class,8.0,ok,,,2026-09-09T15:20:53.034023
stage2_imf,f4dc7df45d98,super_resolution__pnp__c1,super_resolution__pnp__c1,super_resolution,prob_0f6cb8346c07d449,ALL,imf,meanflow,jax,latent,pnp,PnP-Flow,1.0,1.0,0.0,1.0,0.0,meanflow_descending,pure_prior_noise,upsample_bicubic,,,,,0.004975124378109453,0.00497512437810943,0.004975124378109541,,,,,,,,half_mean_squared_per_measurement,,,200,100000.0,1.0,1,,,,not_applicable,not_applicable,not_applicable,method,method,not_applicable,24.932506722525687,0.638200367106188,0.3570065703243017,0.12258478254079819,,,,,,22.72518401401371,0.6367004835325139,0.2324478104710579,24.165853270405385,283.41179353557527,35.42647419194691,200,804,804,0,0,0,804,0,800,800,0,804,800,800,,,,,,,,,,,,0,0,0,0,0.0,,,,,,,,,,,,,,,,,,,,,,,1.0064,6.6082,5.6018,"jax_device_memory_stats(peak_bytes_in_use)  [LIFETIME high-water mark: it has no reset API, so it can only over-report this job]",,,,unavailable,2,8,0,71.5123,8.19,42,0,seed=42|model=imf|rep=0,5ea4a50404d5d00f,f1de5afd71310f5c,60a6dc5c91c914cc,source_imagenet_class,8.0,ok,,,2026-09-09T13:04:40.446329
stage2_imf,25ce3eebea89,super_resolution__pnp__c2,super_resolution__pnp__c2,super_resolution,prob_0f6cb8346c07d449,ALL,imf,meanflow,jax,latent,pnp,PnP-Flow,1.0,1.0,0.0,1.0,0.0,meanflow_descending,pure_prior_noise,upsample_bicubic,,,,,0.004975124378109453,0.00497512437810943,0.004975124378109541,,,,,,,,half_mean_squared_per_measurement,,,200,100000.0,0.75,1,,,,not_applicable,not_applicable,not_applicable,method,method,not_applicable,24.99413567486122,0.6503800271347069,0.3734218701720238,0.12218201905488968,,,,,,22.72518401401371,0.6367004835325139,0.2324478104710579,24.165853270405385,284.5298158079386,35.56622697599232,200,804,804,0,0,0,804,0,800,800,0,804,800,800,,,,,,,,,,,,0,0,0,0,0.0,,,,,,,,,,,,,,,,,,,,,,,1.0064,6.6082,5.6018,"jax_device_memory_stats(peak_bytes_in_use)  [LIFETIME high-water mark: it has no reset API, so it can only over-report this job]",,,,unavailable,2,8,0,71.5123,8.19,42,0,seed=42|model=imf|rep=0,5ea4a50404d5d00f,f1de5afd71310f5c,60a6dc5c91c914cc,source_imagenet_class,8.0,ok,,,2026-09-09T13:09:26.879178
stage2_imf,8085999e236b,super_resolution__pnp__c3,super_resolution__pnp__c3,super_resolution,prob_0f6cb8346c07d449,ALL,imf,meanflow,jax,latent,pnp,PnP-Flow,1.0,1.0,0.0,1.0,0.0,meanflow_descending,pure_prior_noise,upsample_bicubic,,,,,0.004975124378109453,0.00497512437810943,0.004975124378109541,,,,,,,,half_mean_squared_per_measurement,,,200,25000.0,0.25,1,,,,not_applicable,not_applicable,not_applicable,method,method,not_applicable,25.05210017383132,0.6555957621479532,0.3736194632947445,0.12274878472089767,,,,,,22.72518401401371,0.6367004835325139,0.2324478104710579,24.165853270405385,285.349979609251,35.66874745115638,200,804,804,0,0,0,804,0,800,800,0,804,800,800,,,,,,,,,,,,0,0,0,0,0.0,,,,,,,,,,,,,,,,,,,,,,,1.0064,6.6082,5.6018,"jax_device_memory_stats(peak_bytes_in_use)  [LIFETIME high-water mark: it has no reset API, so it can only over-report this job]",,,,unavailable,2,8,0,71.5123,8.19,42,0,seed=42|model=imf|rep=0,5ea4a50404d5d00f,f1de5afd71310f5c,60a6dc5c91c914cc,source_imagenet_class,8.0,ok,,,2026-09-09T13:14:14.123585
stage2_imf,17d30ab41331,super_resolution__pnp__c4,super_resolution__pnp__c4,super_resolution,prob_0f6cb8346c07d449,ALL,imf,meanflow,jax,latent,pnp,PnP-Flow,1.0,1.0,0.0,1.0,0.0,meanflow_descending,pure_prior_noise,upsample_bicubic,,,,,0.0023584905660377358,0.002358490566037652,0.002358490566037763,,,,,,,,half_mean_squared_per_measurement,,,423,100000.0,1.0,1,,,,not_applicable,not_applicable,not_applicable,method,method,not_applicable,25.294593452075,0.6646224463796206,0.3033362478017807,0.11419297754764557,,,,,,22.72518401401371,0.6367004835325139,0.2324478104710579,24.165853270405385,594.2246260419488,74.2780782552436,423,1696,1696,0,0,0,1696,0,1692,1692,0,1696,1692,1692,,,,,,,,,,,,0,0,0,0,0.0,,,,,,,,,,,,,,,,,,,,,,,1.0064,6.6082,5.6018,"jax_device_memory_stats(peak_bytes_in_use)  [LIFETIME high-water mark: it has no reset API, so it can only over-report this job]",,,,unavailable,2,8,0,151.6993,8.19,42,0,seed=42|model=imf|rep=0,5ea4a50404d5d00f,f1de5afd71310f5c,60a6dc5c91c914cc,source_imagenet_class,8.0,ok,,,2026-09-09T13:26:41.944375
stage2_imf,453458d595cc,super_resolution__dflow__c1,super_resolution__dflow__c1,super_resolution,prob_0f6cb8346c07d449,ALL,imf,meanflow,jax,latent,dflow,D-Flow,1.0,1.0,0.0,1.0,0.0,meanflow_descending,pure_prior_noise,upsample_bicubic,1,,,,1.0,1.0,1.0,,,,0.3,adam,,,half_mean_squared_per_measurement,,,,,,,640,,,not_applicable,not_applicable,method,not_applicable,not_applicable,not_applicable,24.027397111471284,0.6113942253837609,0.35939012467861176,0.13253271579742432,,,,,,22.72518401401371,0.6367004835325139,0.2324478104710579,24.165853270405385,821.5674542877823,102.69593178597279,1,2564,2564,2560,2560,2560,2564,2560,2560,2560,2560,0,2564,2560,,,,,,,,,,,,0,0,0,0,0.0,,,,,,,,,,,,,,,,,,,,,,,1.0235,6.5855,5.5621,"jax_device_memory_stats(peak_bytes_in_use)  [LIFETIME high-water mark: it has no reset API, so it can only over-report this job]",,,,unavailable,2,8,0,0.5599,8.09,42,0,seed=42|model=imf|rep=0,5ea4a50404d5d00f,f1de5afd71310f5c,60a6dc5c91c914cc,source_imagenet_class,8.0,ok,,,2026-09-09T13:04:27.582228
stage2_imf,49d3a3359152,super_resolution__dflow__c2,super_resolution__dflow__c2,super_resolution,prob_0f6cb8346c07d449,ALL,imf,meanflow,jax,latent,dflow,D-Flow,1.0,1.0,0.0,1.0,0.0,meanflow_descending,pure_prior_noise,upsample_bicubic,1,,,,1.0,1.0,1.0,,,,0.1,adam,,,half_mean_squared_per_measurement,,,,,,,640,,,not_applicable,not_applicable,method,not_applicable,not_applicable,not_applicable,23.362294913294345,0.5622101625058847,0.4212729036808014,0.14276376366615295,,,,,,22.72518401401371,0.6367004835325139,0.2324478104710579,24.165853270405385,820.2602970032021,102.53253712540027,1,2564,2564,2560,2560,2560,2564,2560,2560,2560,2560,0,2564,2560,,,,,,,,,,,,0,0,0,0,0.0,,,,,,,,,,,,,,,,,,,,,,,1.0235,6.5855,5.5621,"jax_device_memory_stats(peak_bytes_in_use)  [LIFETIME high-water mark: it has no reset API, so it can only over-report this job]",,,,unavailable,2,8,0,0.5599,8.09,42,0,seed=42|model=imf|rep=0,5ea4a50404d5d00f,f1de5afd71310f5c,60a6dc5c91c914cc,source_imagenet_class,8.0,ok,,,2026-09-09T13:18:09.474440
stage2_imf,f81fc9aa63eb,super_resolution__dflow__c3,super_resolution__dflow__c3,super_resolution,prob_0f6cb8346c07d449,ALL,imf,meanflow,jax,latent,dflow,D-Flow,1.0,1.0,0.0,1.0,0.0,meanflow_descending,pure_prior_noise,upsample_bicubic,1,,,,1.0,1.0,1.0,,,,0.3,adam,,,half_mean_squared_per_measurement,,,,,,,320,,,not_applicable,not_applicable,method,not_applicable,not_applicable,not_applicable,22.971901922660628,0.5584302584380647,0.46525608748197556,0.1534544974565506,,,,,,22.72518401401371,0.6367004835325139,0.2324478104710579,24.165853270405385,411.4099334459752,51.4262416807469,1,1284,1284,1280,1280,1280,1284,1280,1280,1280,1280,0,1284,1280,,,,,,,,,,,,0,0,0,0,0.0,,,,,,,,,,,,,,,,,,,,,,,1.0235,6.5855,5.5621,"jax_device_memory_stats(peak_bytes_in_use)  [LIFETIME high-water mark: it has no reset API, so it can only over-report this job]",,,,unavailable,2,8,0,0.5599,8.09,42,0,seed=42|model=imf|rep=0,5ea4a50404d5d00f,f1de5afd71310f5c,60a6dc5c91c914cc,source_imagenet_class,8.0,ok,,,2026-09-09T13:25:02.573929
stage2_imf,4c6363c51524,super_resolution__dflow__c4,super_resolution__dflow__c4,super_resolution,prob_0f6cb8346c07d449,ALL,imf,meanflow,jax,latent,dflow,D-Flow,1.0,1.0,0.0,1.0,0.0,meanflow_descending,pure_prior_noise,upsample_bicubic,1,,,,1.0,1.0,1.0,,,,0.3,adam,,,half_mean_squared_per_measurement,,,,,,,1280,,,not_applicable,not_applicable,method,not_applicable,not_applicable,not_applicable,24.44592575648901,0.6438452148670095,0.2894444391131401,0.11057603359222412,,,,,,22.72518401401371,0.6367004835325139,0.2324478104710579,24.165853270405385,1644.3792945221066,205.54741181526333,1,5124,5124,5120,5120,5120,5124,5120,5120,5120,5120,0,5124,5120,,,,,,,,,,,,0,0,0,0,0.0,,,,,,,,,,,,,,,,,,,,,,,1.0235,6.5855,5.5621,"jax_device_memory_stats(peak_bytes_in_use)  [LIFETIME high-water mark: it has no reset API, so it can only over-report this job]",,,,unavailable,2,8,0,0.5599,8.09,42,0,seed=42|model=imf|rep=0,5ea4a50404d5d00f,f1de5afd71310f5c,60a6dc5c91c914cc,source_imagenet_class,8.0,ok,,,2026-09-09T13:52:28.720912
stage2_imf,460914483bab,super_resolution__dflow__c5,super_resolution__dflow__c5,super_resolution,prob_0f6cb8346c07d449,ALL,imf,meanflow,jax,latent,dflow,D-Flow,1.0,1.0,0.0,1.0,0.0,meanflow_descending,pure_prior_noise,upsample_bicubic,1,,,,1.0,1.0,1.0,,,,0.95,adam,,,half_mean_squared_per_measurement,,,,,,,640,,,not_applicable,not_applicable,method,not_applicable,not_applicable,not_applicable,24.09257581260193,0.6251759024115804,0.3654819577932358,0.12586385011672974,,,,,,22.72518401401371,0.6367004835325139,0.2324478104710579,24.165853270405385,805.6388624999672,100.7048578124959,1,2564,2564,2560,2560,2560,2564,2560,2560,2560,2560,0,2564,2560,,,,,,,,,,,,0,0,0,0,0.0,,,,,,,,,,,,,,,,,,,,,,,1.0235,6.5855,5.5621,"jax_device_memory_stats(peak_bytes_in_use)  [LIFETIME high-water mark: it has no reset API, so it can only over-report this job]",,,,unavailable,2,8,0,0.5599,8.09,42,0,seed=42|model=imf|rep=0,5ea4a50404d5d00f,f1de5afd71310f5c,60a6dc5c91c914cc,source_imagenet_class,8.0,ok,,,2026-09-09T14:05:56.035751
stage2_imf,11843719b56b,super_resolution__mpc_rhc__c1,super_resolution__mpc_rhc__c1,super_resolution,prob_0f6cb8346c07d449,ALL,imf,meanflow,jax,latent,mpc_rhc,MPC-RHC (K=1),1.0,1.0,0.0,1.0,0.0,meanflow_descending,pure_prior_noise,upsample_bicubic,,,4,0.25,0.25,0.25,0.25,1,240.0,40,0.2,adam,False,,half_sum_squared,sum_squared,,,,,,,,,method,method,method,not_applicable,not_applicable,not_applicable,25.600125374287686,0.7028590872814071,0.24121488444507122,0.10819751769304276,,,,,,22.72518401401371,0.6367004835325139,0.2324478104710579,24.165853270405385,208.12823540065438,26.016029425081797,4,32,32,0,640,0,32,0,0,0,0,0,640,0,,,,,,,,,,,,0,0,0,0,0.0,,,,,,,,,,,,,,,,,,,,,,,1.0235,6.5855,5.5621,"jax_device_memory_stats(peak_bytes_in_use)  [LIFETIME high-water mark: it has no reset API, so it can only over-report this job]",,,,unavailable,2,8,0,2.6991,8.09,42,0,seed=42|model=imf|rep=0,5ea4a50404d5d00f,f1de5afd71310f5c,60a6dc5c91c914cc,source_imagenet_class,8.0,ok,,,2026-09-09T15:41:56.339702
stage2_imf,99f42f6c3591,super_resolution__mpc_rhc__c2,super_resolution__mpc_rhc__c2,super_resolution,prob_0f6cb8346c07d449,ALL,imf,meanflow,jax,latent,mpc_rhc,MPC-RHC (K=1),1.0,1.0,0.0,1.0,0.0,meanflow_descending,pure_prior_noise,upsample_bicubic,,,4,0.25,0.25,0.25,0.25,1,180.0,40,0.2,adam,False,,half_sum_squared,sum_squared,,,,,,,,,method,method,method,not_applicable,not_applicable,not_applicable,25.61644083066695,0.7025030735268643,0.24182440619915724,0.10816965252161026,,,,,,22.72518401401371,0.6367004835325139,0.2324478104710579,24.165853270405385,134.13825298752636,16.767281623440795,4,32,32,0,640,0,32,0,0,0,0,0,640,0,,,,,,,,,,,,0,0,0,0,0.0,,,,,,,,,,,,,,,,,,,,,,,1.0235,6.5855,5.5621,"jax_device_memory_stats(peak_bytes_in_use)  [LIFETIME high-water mark: it has no reset API, so it can only over-report this job]",,,,unavailable,2,8,0,2.6991,8.09,42,0,seed=42|model=imf|rep=0,5ea4a50404d5d00f,f1de5afd71310f5c,60a6dc5c91c914cc,source_imagenet_class,8.0,ok,,,2026-09-09T15:44:11.832765
stage2_imf,466b07cc24e1,super_resolution__mpc_rhc__c3,super_resolution__mpc_rhc__c3,super_resolution,prob_0f6cb8346c07d449,ALL,imf,meanflow,jax,latent,mpc_rhc,MPC-RHC (K=1),1.0,1.0,0.0,1.0,0.0,meanflow_descending,pure_prior_noise,upsample_bicubic,,,4,0.25,0.25,0.25,0.25,1,60.0,40,0.2,adam,False,,half_sum_squared,sum_squared,,,,,,,,,method,method,method,not_applicable,not_applicable,not_applicable,25.48342352789301,0.692881815766923,0.24352044612169266,0.10868774354457855,,,,,,22.72518401401371,0.6367004835325139,0.2324478104710579,24.165853270405385,225.63078860752285,28.203848575940356,4,32,32,0,640,0,32,0,0,0,0,0,640,0,,,,,,,,,,,,0,0,0,0,0.0,,,,,,,,,,,,,,,,,,,,,,,1.0064,6.6082,5.6018,"jax_device_memory_stats(peak_bytes_in_use)  [LIFETIME high-water mark: it has no reset API, so it can only over-report this job]",,,,unavailable,2,8,0,2.5344,8.19,42,0,seed=42|model=imf|rep=0,5ea4a50404d5d00f,f1de5afd71310f5c,60a6dc5c91c914cc,source_imagenet_class,8.0,ok,,,2026-09-09T12:54:49.854597
stage2_imf,ac1fd492d9dc,super_resolution__mpc_rhc__c4,super_resolution__mpc_rhc__c4,super_resolution,prob_0f6cb8346c07d449,ALL,imf,meanflow,jax,latent,mpc_rhc,MPC-RHC (K=1),1.0,1.0,0.0,1.0,0.0,meanflow_descending,pure_prior_noise,upsample_bicubic,,,4,0.25,0.25,0.25,0.25,1,240.0,40,0.43,adam,False,,half_sum_squared,sum_squared,,,,,,,,,method,method,method,not_applicable,not_applicable,not_applicable,25.786033024079167,0.7167586511587452,0.27107406686991453,0.1056755855679512,,,,,,22.72518401401371,0.6367004835325139,0.2324478104710579,24.165853270405385,231.5477587999776,28.9434698499972,4,32,32,0,640,0,32,0,0,0,0,0,640,0,,,,,,,,,,,,0,0,0,0,0.0,,,,,,,,,,,,,,,,,,,,,,,1.0064,6.6082,5.6018,"jax_device_memory_stats(peak_bytes_in_use)  [LIFETIME high-water mark: it has no reset API, so it can only over-report this job]",,,,unavailable,2,8,0,2.5344,8.19,42,0,seed=42|model=imf|rep=0,5ea4a50404d5d00f,f1de5afd71310f5c,60a6dc5c91c914cc,source_imagenet_class,8.0,ok,,,2026-09-09T12:58:43.398462
stage2_imf,d0a032a02785,super_resolution__mpc_delta_t__c1,super_resolution__mpc_delta_t__c1,super_resolution,prob_0f6cb8346c07d449,ALL,imf,meanflow,jax,latent,mpc_delta_t,MPC-delta_t,1.0,1.0,0.0,1.0,0.0,meanflow_descending,pure_prior_noise,upsample_bicubic,,,8,0.125,0.125,0.125,0.125,,1000.0,40,0.3,adam,False,,half_sum_squared,sum_squared,none,,,,,,,,method,method,method,not_applicable,not_applicable,not_applicable,25.179070418758542,0.6982779285190391,0.23761410173028708,0.1018526628613472,,,,,,22.72518401401371,0.6367004835325139,0.2324478104710579,24.165853270405385,541.1292638890445,67.64115798613057,8,1152,1152,1120,1280,1120,1152,1120,0,0,0,0,1280,0,,,,,,,,,,,,0,0,0,0,0.0,,,,,,,,,,,,,,,,,,,,,,,1.0235,6.5855,5.5621,"jax_device_memory_stats(peak_bytes_in_use)  [LIFETIME high-water mark: it has no reset API, so it can only over-report this job]",,,,unavailable,2,8,0,3.9444,8.09,42,0,seed=42|model=imf|rep=0,5ea4a50404d5d00f,f1de5afd71310f5c,60a6dc5c91c914cc,source_imagenet_class,8.0,ok,,,2026-09-09T14:15:02.986596
stage2_imf,0f93e114cb51,super_resolution__mpc_delta_t__c2,super_resolution__mpc_delta_t__c2,super_resolution,prob_0f6cb8346c07d449,ALL,imf,meanflow,jax,latent,mpc_delta_t,MPC-delta_t,1.0,1.0,0.0,1.0,0.0,meanflow_descending,pure_prior_noise,upsample_bicubic,,,4,0.25,0.25,0.25,0.25,,1000.0,40,0.3,adam,False,,half_sum_squared,sum_squared,none,,,,,,,,method,method,method,not_applicable,not_applicable,not_applicable,25.32936634641914,0.7026943511479647,0.24354111403226852,0.10413134098052979,,,,,,22.72518401401371,0.6367004835325139,0.2324478104710579,24.165853270405385,255.47912834770977,31.934891043463722,4,496,496,480,640,480,496,480,0,0,0,0,640,0,,,,,,,,,,,,0,0,0,0,0.0,,,,,,,,,,,,,,,,,,,,,,,1.0235,6.5855,5.5621,"jax_device_memory_stats(peak_bytes_in_use)  [LIFETIME high-water mark: it has no reset API, so it can only over-report this job]",,,,unavailable,2,8,0,2.2251,8.09,42,0,seed=42|model=imf|rep=0,5ea4a50404d5d00f,f1de5afd71310f5c,60a6dc5c91c914cc,source_imagenet_class,8.0,ok,,,2026-09-09T14:19:22.600756
stage2_imf,610ebad2afec,super_resolution__mpc_delta_t__c3,super_resolution__mpc_delta_t__c3,super_resolution,prob_0f6cb8346c07d449,ALL,imf,meanflow,jax,latent,mpc_delta_t,MPC-delta_t,1.0,1.0,0.0,1.0,0.0,meanflow_descending,pure_prior_noise,upsample_bicubic,,,8,0.125,0.125,0.125,0.125,,540.0,40,0.3,adam,False,,half_sum_squared,sum_squared,none,,,,,,,,method,method,method,not_applicable,not_applicable,not_applicable,25.10732727676858,0.6896889627268099,0.24218290112912655,0.10442989319562912,,,,,,22.72518401401371,0.6367004835325139,0.2324478104710579,24.165853270405385,527.058167568408,65.882270946051,8,1152,1152,1120,1280,1120,1152,1120,0,0,0,0,1280,0,,,,,,,,,,,,0,0,0,0,0.0,,,,,,,,,,,,,,,,,,,,,,,1.0235,6.5855,5.5621,"jax_device_memory_stats(peak_bytes_in_use)  [LIFETIME high-water mark: it has no reset API, so it can only over-report this job]",,,,unavailable,2,8,0,3.9444,8.09,42,0,seed=42|model=imf|rep=0,5ea4a50404d5d00f,f1de5afd71310f5c,60a6dc5c91c914cc,source_imagenet_class,8.0,ok,,,2026-09-09T14:28:11.477566
stage2_imf,94257a8a2f81,super_resolution__mpc_delta_t__c4,super_resolution__mpc_delta_t__c4,super_resolution,prob_0f6cb8346c07d449,ALL,imf,meanflow,jax,latent,mpc_delta_t,MPC-delta_t,1.0,1.0,0.0,1.0,0.0,meanflow_descending,pure_prior_noise,upsample_bicubic,,,16,0.0625,0.0625,0.0625,0.0625,,1000.0,40,0.3,adam,False,,half_sum_squared,sum_squared,none,,,,,,,,method,method,method,not_applicable,not_applicable,not_applicable,24.451484943505452,0.6602457264996147,0.26773553527891636,0.10766077041625977,,,,,,22.72518401401371,0.6367004835325139,0.2324478104710579,24.165853270405385,1308.0472097070888,163.5059012133861,16,2464,2464,2400,2560,2400,2464,2400,0,0,0,0,2560,0,,,,,,,,,,,,0,0,0,0,0.0,,,,,,,,,,,,,,,,,,,,,,,1.0235,6.5855,5.5621,"jax_device_memory_stats(peak_bytes_in_use)  [LIFETIME high-water mark: it has no reset API, so it can only over-report this job]",,,,unavailable,2,8,0,9.5986,8.09,42,0,seed=42|model=imf|rep=0,5ea4a50404d5d00f,f1de5afd71310f5c,60a6dc5c91c914cc,source_imagenet_class,8.0,ok,,,2026-09-09T14:50:11.221143
stage2_imf,c296af8627a4,super_resolution__mpc_delta_t__c5,super_resolution__mpc_delta_t__c5,super_resolution,prob_0f6cb8346c07d449,ALL,imf,meanflow,jax,latent,mpc_delta_t,MPC-delta_t,1.0,1.0,0.0,1.0,0.0,meanflow_descending,pure_prior_noise,upsample_bicubic,,,8,0.125,0.125,0.125,0.125,,1000.0,80,0.3,adam,False,,half_sum_squared,sum_squared,none,,,,,,,,method,method,method,not_applicable,not_applicable,not_applicable,24.720285939274135,0.6889713830196922,0.22389739751815796,0.09885288029909134,,,,,,22.72518401401371,0.6367004835325139,0.2324478104710579,24.165853270405385,1456.751278085634,182.09390976070426,8,2272,2272,2240,2560,2240,2272,2240,0,0,0,0,2560,0,,,,,,,,,,,,0,0,0,0,0.0,,,,,,,,,,,,,,,,,,,,,,,1.0235,6.5855,5.5621,"jax_device_memory_stats(peak_bytes_in_use)  [LIFETIME high-water mark: it has no reset API, so it can only over-report this job]",,,,unavailable,2,8,0,3.9444,8.09,42,0,seed=42|model=imf|rep=0,5ea4a50404d5d00f,f1de5afd71310f5c,60a6dc5c91c914cc,source_imagenet_class,8.0,ok,,,2026-09-09T15:14:30.146869
stage2_imf,f31971d4cda2,super_resolution__mpc_delta_t__c6,super_resolution__mpc_delta_t__c6,super_resolution,prob_0f6cb8346c07d449,ALL,imf,meanflow,jax,latent,mpc_delta_t,MPC-delta_t,1.0,1.0,0.0,1.0,0.0,meanflow_descending,pure_prior_noise,upsample_bicubic,,,8,0.125,0.125,0.125,0.125,,2500.0,40,0.3,adam,False,,half_sum_squared,sum_squared,none,,,,,,,,method,method,method,not_applicable,not_applicable,not_applicable,25.110443740668348,0.6991106574320967,0.22063779272139072,0.10138209164142609,,,,,,22.72518401401371,0.6367004835325139,0.2324478104710579,24.165853270405385,732.8659863816574,91.60824829770718,8,1152,1152,1120,1280,1120,1152,1120,0,0,0,0,1280,0,,,,,,,,,,,,0,0,0,0,0.0,,,,,,,,,,,,,,,,,,,,,,,1.0235,6.5855,5.5621,"jax_device_memory_stats(peak_bytes_in_use)  [LIFETIME high-water mark: it has no reset API, so it can only over-report this job]",,,,unavailable,2,8,0,3.9444,8.09,42,0,seed=42|model=imf|rep=0,5ea4a50404d5d00f,f1de5afd71310f5c,60a6dc5c91c914cc,source_imagenet_class,8.0,ok,,,2026-09-09T15:26:45.183625
stage2_imf,08dcc90a88d3,super_resolution__mpc_delta_t__c7,super_resolution__mpc_delta_t__c7,super_resolution,prob_0f6cb8346c07d449,ALL,imf,meanflow,jax,latent,mpc_delta_t,MPC-delta_t,1.0,1.0,0.0,1.0,0.0,meanflow_descending,pure_prior_noise,upsample_bicubic,,,8,0.125,0.125,0.125,0.125,,1000.0,40,0.55,adam,False,,half_sum_squared,sum_squared,none,,,,,,,,method,method,method,not_applicable,not_applicable,not_applicable,25.342870551827417,0.7046618620417063,0.22894209437072277,0.0995514988899231,,,,,,22.72518401401371,0.6367004835325139,0.2324478104710579,24.165853270405385,696.4282950907946,87.05353688634932,8,1152,1152,1120,1280,1120,1152,1120,0,0,0,0,1280,0,,,,,,,,,,,,0,0,0,0,0.0,,,,,,,,,,,,,,,,,,,,,,,1.0235,6.5855,5.5621,"jax_device_memory_stats(peak_bytes_in_use)  [LIFETIME high-water mark: it has no reset API, so it can only over-report this job]",,,,unavailable,2,8,0,3.9444,8.09,42,0,seed=42|model=imf|rep=0,5ea4a50404d5d00f,f1de5afd71310f5c,60a6dc5c91c914cc,source_imagenet_class,8.0,ok,,,2026-09-09T15:38:23.824470
stage2_imf,dc7e340acc34,super_resolution__rhso__c1,super_resolution__rhso__c1,super_resolution,prob_0f6cb8346c07d449,ALL,imf,meanflow,jax,latent,rhso,RHSO,1.0,1.0,0.0,1.0,0.0,meanflow_descending,pure_prior_noise,upsample_bicubic,,,,,0.125,0.125,0.125,,,,0.03,adam,,,half_mean_squared_per_measurement,,,,,,,80,8,0.0,not_applicable,not_applicable,method,not_applicable,not_applicable,method,24.585111946646023,0.6748059958717307,0.23595308884978294,0.10129649937152863,,,,,,22.72518401401371,0.6367004835325139,0.2324478104710579,24.165853270405385,1057.7563555436209,132.2195444429526,8,2592,2592,2560,2560,2560,2592,2560,2560,2560,2560,0,2560,2560,direct,learned_finite_interval_map,,False,False,False,,,,False,,0,0,0,0,0.0,,,,,,,,,,,,,,,,,,,,,,,1.0064,6.6345,5.6281,"jax_device_memory_stats(peak_bytes_in_use)  [LIFETIME high-water mark: it has no reset API, so it can only over-report this job]",,,,unavailable,2,8,0,4.117,8.19,42,0,seed=42|model=imf|rep=0,5ea4a50404d5d00f,f1de5afd71310f5c,60a6dc5c91c914cc,source_imagenet_class,8.0,ok,,,2026-09-09T13:44:25.595352
stage2_imf,eea5e21212a4,super_resolution__rhso__c2,super_resolution__rhso__c2,super_resolution,prob_0f6cb8346c07d449,ALL,imf,meanflow,jax,latent,rhso,RHSO,1.0,1.0,0.0,1.0,0.0,meanflow_descending,pure_prior_noise,upsample_bicubic,,,,,0.25,0.25,0.25,,,,0.1,adam,,,half_mean_squared_per_measurement,,,,,,,40,4,0.0,not_applicable,not_applicable,method,not_applicable,not_applicable,method,25.504236783264297,0.701351346042032,0.27535227686166763,0.10951075702905655,,,,,,22.72518401401371,0.6367004835325139,0.2324478104710579,24.165853270405385,265.3312023114413,33.16640028893016,4,656,656,640,640,640,656,640,640,640,640,0,640,640,direct,learned_finite_interval_map,,False,False,False,,,,False,,0,0,0,0,0.0,,,,,,,,,,,,,,,,,,,,,,,1.0064,6.6345,5.6281,"jax_device_memory_stats(peak_bytes_in_use)  [LIFETIME high-water mark: it has no reset API, so it can only over-report this job]",,,,unavailable,2,8,0,2.0979,8.19,42,0,seed=42|model=imf|rep=0,5ea4a50404d5d00f,f1de5afd71310f5c,60a6dc5c91c914cc,source_imagenet_class,8.0,ok,,,2026-09-09T13:48:54.914674
stage2_imf,282a393ad75e,super_resolution__rhso__c3,super_resolution__rhso__c3,super_resolution,prob_0f6cb8346c07d449,ALL,imf,meanflow,jax,latent,rhso,RHSO,1.0,1.0,0.0,1.0,0.0,meanflow_descending,pure_prior_noise,upsample_bicubic,,,,,0.125,0.125,0.125,,,,0.01,adam,,,half_mean_squared_per_measurement,,,,,,,80,8,0.0,not_applicable,not_applicable,method,not_applicable,not_applicable,method,24.21886223339837,0.6455868051887499,0.2781548034399748,0.10949475318193436,,,,,,22.72518401401371,0.6367004835325139,0.2324478104710579,24.165853270405385,910.6817237194628,113.83521546493284,8,2592,2592,2560,2560,2560,2592,2560,2560,2560,2560,0,2560,2560,direct,learned_finite_interval_map,,False,False,False,,,,False,,0,0,0,0,0.0,,,,,,,,,,,,,,,,,,,,,,,1.0064,6.6345,5.6281,"jax_device_memory_stats(peak_bytes_in_use)  [LIFETIME high-water mark: it has no reset API, so it can only over-report this job]",,,,unavailable,2,8,0,4.117,8.19,42,0,seed=42|model=imf|rep=0,5ea4a50404d5d00f,f1de5afd71310f5c,60a6dc5c91c914cc,source_imagenet_class,8.0,ok,,,2026-09-09T14:04:07.355128
stage2_imf,f229537aed1b,super_resolution__rhso__c4,super_resolution__rhso__c4,super_resolution,prob_0f6cb8346c07d449,ALL,imf,meanflow,jax,latent,rhso,RHSO,1.0,1.0,0.0,1.0,0.0,meanflow_descending,pure_prior_noise,upsample_bicubic,,,,,0.0625,0.0625,0.0625,,,,0.03,adam,,,half_mean_squared_per_measurement,,,,,,,80,16,0.0,not_applicable,not_applicable,method,not_applicable,not_applicable,method,24.36874176767956,0.6700427079052766,0.23506367672234774,0.09812614321708679,,,,,,22.72518401401371,0.6367004835325139,0.2324478104710579,24.165853270405385,2265.4448392596096,283.1806049074512,16,5184,5184,5120,5120,5120,5184,5120,5120,5120,5120,0,5120,5120,direct,learned_finite_interval_map,,False,False,False,,,,False,,0,0,0,0,0.0,,,,,,,,,,,,,,,,,,,,,,,1.0064,6.6345,5.6281,"jax_device_memory_stats(peak_bytes_in_use)  [LIFETIME high-water mark: it has no reset API, so it can only over-report this job]",,,,unavailable,2,8,0,6.1492,8.19,42,0,seed=42|model=imf|rep=0,5ea4a50404d5d00f,f1de5afd71310f5c,60a6dc5c91c914cc,source_imagenet_class,8.0,ok,,,2026-09-09T14:42:00.903470
stage2_imf,fe677325916a,super_resolution__rhso__c5,super_resolution__rhso__c5,super_resolution,prob_0f6cb8346c07d449,ALL,imf,meanflow,jax,latent,rhso,RHSO,1.0,1.0,0.0,1.0,0.0,meanflow_descending,pure_prior_noise,upsample_bicubic,,,,,0.125,0.125,0.125,,,,0.03,adam,,,half_mean_squared_per_measurement,,,,,,,160,8,0.0,not_applicable,not_applicable,method,not_applicable,not_applicable,method,24.09780069166038,0.6591024917009997,0.2413459662348032,0.09940571337938309,,,,,,22.72518401401371,0.6367004835325139,0.2324478104710579,24.165853270405385,2318.8388159247115,289.85485199058894,8,5152,5152,5120,5120,5120,5152,5120,5120,5120,5120,0,5120,5120,direct,learned_finite_interval_map,,False,False,False,,,,False,,0,0,0,0,0.0,,,,,,,,,,,,,,,,,,,,,,,1.0064,6.6345,5.6281,"jax_device_memory_stats(peak_bytes_in_use)  [LIFETIME high-water mark: it has no reset API, so it can only over-report this job]",,,,unavailable,2,8,0,4.117,8.19,42,0,seed=42|model=imf|rep=0,5ea4a50404d5d00f,f1de5afd71310f5c,60a6dc5c91c914cc,source_imagenet_class,8.0,ok,,,2026-09-09T15:20:41.540207
stage2_imf,3f0fd5591aa5,random_inpainting__sdedit__c1,random_inpainting__sdedit__c1,random_inpaint,prob_afb9ac8da51f5e92,ALL,imf,meanflow,jax,latent,sdedit,SDEdit,1.0,1.0,0.0,1.0,0.0,meanflow_descending,pure_prior_noise,zero_fill,8,,,,0.125,0.125,0.125,,,,,,,,,,,,,,,,,,not_applicable,not_applicable,not_applicable,not_applicable,not_applicable,not_applicable,9.750253536192531,0.04979322374989789,0.7558332458138466,0.36721834540367126,0.6693846109655006,9.507085437624532,,0.6696077378154132,9.504190641080948,12.719088983386953,0.152621716640785,1.0188368633389473,12.719088983386953,1.532040299847722,0.19150503748096526,8,32,32,0,0,0,32,0,0,0,0,0,0,0,,,,,,,,,,,,0,0,0,0,0.0,,,,,,,,,,,,,,,,,,,,,,,1.0118,6.6899,5.6781,"jax_device_memory_stats(peak_bytes_in_use)  [LIFETIME high-water mark: it has no reset API, so it can only over-report this job]",,,,unavailable,2,8,0,0.53,8.74,42,0,seed=42|model=imf|rep=0,0f6770a3fd505440,161f0ec2d4e64414,60a6dc5c91c914cc,source_imagenet_class,8.0,ok,,,2026-09-09T15:18:42.997691
stage2_imf,5b7b3a941722,random_inpainting__sdedit__c2,random_inpainting__sdedit__c2,random_inpaint,prob_afb9ac8da51f5e92,ALL,imf,meanflow,jax,latent,sdedit,SDEdit,1.0,1.0,0.0,1.0,0.0,meanflow_descending,pure_prior_noise,zero_fill,4,,,,0.25,0.25,0.25,,,,,,,,,,,,,,,,,,not_applicable,not_applicable,not_applicable,not_applicable,not_applicable,not_applicable,9.75361928019246,0.05472756356149325,0.7592291161417961,0.36623451113700867,0.6679057654399148,9.526296066056094,,0.66781291172979,9.527503681242905,12.719088983386953,0.152621716640785,1.0188368633389473,12.719088983386953,0.6987153077498078,0.08733941346872598,4,16,16,0,0,0,16,0,0,0,0,0,0,0,,,,,,,,,,,,0,0,0,0,0.0,,,,,,,,,,,,,,,,,,,,,,,1.0118,6.6899,5.6781,"jax_device_memory_stats(peak_bytes_in_use)  [LIFETIME high-water mark: it has no reset API, so it can only over-report this job]",,,,unavailable,2,8,0,0.4324,8.74,42,0,seed=42|model=imf|rep=0,0f6770a3fd505440,161f0ec2d4e64414,60a6dc5c91c914cc,source_imagenet_class,8.0,ok,,,2026-09-09T15:18:46.030745
stage2_imf,a2ffe8d79ca8,random_inpainting__sdedit__c3,random_inpainting__sdedit__c3,random_inpaint,prob_afb9ac8da51f5e92,ALL,imf,meanflow,jax,latent,sdedit,SDEdit,1.0,1.0,0.0,1.0,0.0,meanflow_descending,pure_prior_noise,zero_fill,2,,,,0.5,0.5,0.5,,,,,,,,,,,,,,,,,,not_applicable,not_applicable,not_applicable,not_applicable,not_applicable,not_applicable,9.750576288299758,0.05576412028528532,0.765074335038662,0.36631715297698975,0.6684111425708952,9.519726291823261,,0.6679607925478956,9.52558048651795,12.719088983386953,0.152621716640785,1.0188368633389473,12.719088983386953,0.4320139968767762,0.05400174960959703,2,8,8,0,0,0,8,0,0,0,0,0,0,0,,,,,,,,,,,,0,0,0,0,0.0,,,,,,,,,,,,,,,,,,,,,,,1.0118,6.6899,5.6781,"jax_device_memory_stats(peak_bytes_in_use)  [LIFETIME high-water mark: it has no reset API, so it can only over-report this job]",,,,unavailable,2,8,0,0.342,8.74,42,0,seed=42|model=imf|rep=0,0f6770a3fd505440,161f0ec2d4e64414,60a6dc5c91c914cc,source_imagenet_class,8.0,ok,,,2026-09-09T15:18:48.563041
stage2_imf,c7cae7ac66ef,random_inpainting__sdedit__c4,random_inpainting__sdedit__c4,random_inpaint,prob_afb9ac8da51f5e92,ALL,imf,meanflow,jax,latent,sdedit,SDEdit,1.0,1.0,0.0,1.0,0.0,meanflow_descending,pure_prior_noise,zero_fill,16,,,,0.0625,0.0625,0.0625,,,,,,,,,,,,,,,,,,not_applicable,not_applicable,not_applicable,not_applicable,not_applicable,not_applicable,9.67180334666852,0.048923860385560326,0.7560528442263603,0.37110111117362976,0.6765868441735308,9.414128934526758,,0.6766895021160151,9.412811131901975,12.719088983386953,0.152621716640785,1.0188368633389473,12.719088983386953,2.7971252044662833,0.3496406505582854,16,64,64,0,0,0,64,0,0,0,0,0,0,0,,,,,,,,,,,,0,0,0,0,0.0,,,,,,,,,,,,,,,,,,,,,,,1.0118,6.6899,5.6781,"jax_device_memory_stats(peak_bytes_in_use)  [LIFETIME high-water mark: it has no reset API, so it can only over-report this job]",,,,unavailable,2,8,0,0.8843,8.74,42,0,seed=42|model=imf|rep=0,0f6770a3fd505440,161f0ec2d4e64414,60a6dc5c91c914cc,source_imagenet_class,8.0,ok,,,2026-09-09T15:18:54.198686
stage2_imf,b280cd17de96,random_inpainting__pnp__c1,random_inpainting__pnp__c1,random_inpaint,prob_afb9ac8da51f5e92,ALL,imf,meanflow,jax,latent,pnp,PnP-Flow,1.0,1.0,0.0,1.0,0.0,meanflow_descending,pure_prior_noise,zero_fill,,,,,0.004975124378109453,0.00497512437810943,0.004975124378109541,,,,,,,,half_mean_squared_per_measurement,,,200,100000.0,1.0,1,,,,not_applicable,not_applicable,not_applicable,method,method,not_applicable,24.570576999248,0.6255682143929541,0.37221261858940125,0.06155871972441673,0.136854537149745,23.29541590956846,,0.11182776443543968,25.049607054415247,12.719088983386953,0.152621716640785,1.0188368633389473,12.719088983386953,276.9791982974857,34.622399787185714,200,804,804,0,0,0,804,0,800,800,0,804,800,800,,,,,,,,,,,,0,0,0,0,0.0,,,,,,,,,,,,,,,,,,,,,,,1.0118,6.6899,5.6781,"jax_device_memory_stats(peak_bytes_in_use)  [LIFETIME high-water mark: it has no reset API, so it can only over-report this job]",,,,unavailable,2,8,0,69.0399,8.74,42,0,seed=42|model=imf|rep=0,0f6770a3fd505440,161f0ec2d4e64414,60a6dc5c91c914cc,source_imagenet_class,8.0,ok,,,2026-09-09T13:04:24.079832
stage2_imf,3722e2297efe,random_inpainting__pnp__c2,random_inpainting__pnp__c2,random_inpaint,prob_afb9ac8da51f5e92,ALL,imf,meanflow,jax,latent,pnp,PnP-Flow,1.0,1.0,0.0,1.0,0.0,meanflow_descending,pure_prior_noise,zero_fill,,,,,0.004975124378109453,0.00497512437810943,0.004975124378109541,,,,,,,,half_mean_squared_per_measurement,,,200,100000.0,0.75,1,,,,not_applicable,not_applicable,not_applicable,method,method,not_applicable,24.624828810818034,0.6382270752306738,0.39143383502960205,0.06134358048439026,0.13703139235744485,23.284198502144378,,0.11143729281128904,25.079988852032482,12.719088983386953,0.152621716640785,1.0188368633389473,12.719088983386953,277.257727204822,34.65721590060275,200,804,804,0,0,0,804,0,800,800,0,804,800,800,,,,,,,,,,,,0,0,0,0,0.0,,,,,,,,,,,,,,,,,,,,,,,1.0118,6.6899,5.6781,"jax_device_memory_stats(peak_bytes_in_use)  [LIFETIME high-water mark: it has no reset API, so it can only over-report this job]",,,,unavailable,2,8,0,69.0399,8.74,42,0,seed=42|model=imf|rep=0,0f6770a3fd505440,161f0ec2d4e64414,60a6dc5c91c914cc,source_imagenet_class,8.0,ok,,,2026-09-09T13:09:03.397946
stage2_imf,1a09759cbf74,random_inpainting__pnp__c3,random_inpainting__pnp__c3,random_inpaint,prob_afb9ac8da51f5e92,ALL,imf,meanflow,jax,latent,pnp,PnP-Flow,1.0,1.0,0.0,1.0,0.0,meanflow_descending,pure_prior_noise,zero_fill,,,,,0.004975124378109453,0.00497512437810943,0.004975124378109541,,,,,,,,half_mean_squared_per_measurement,,,200,25000.0,0.25,1,,,,not_applicable,not_applicable,not_applicable,method,method,not_applicable,24.655545673788918,0.641707446025656,0.3914542905986309,0.06137361377477646,0.13749178047272412,23.255065193886992,,0.11149733379096477,25.075310266711014,12.719088983386953,0.152621716640785,1.0188368633389473,12.719088983386953,278.63053007703274,34.82881625962909,200,804,804,0,0,0,804,0,800,800,0,804,800,800,,,,,,,,,,,,0,0,0,0,0.0,,,,,,,,,,,,,,,,,,,,,,,1.0118,6.6899,5.6781,"jax_device_memory_stats(peak_bytes_in_use)  [LIFETIME high-water mark: it has no reset API, so it can only over-report this job]",,,,unavailable,2,8,0,69.0399,8.74,42,0,seed=42|model=imf|rep=0,0f6770a3fd505440,161f0ec2d4e64414,60a6dc5c91c914cc,source_imagenet_class,8.0,ok,,,2026-09-09T13:13:44.002998
stage2_imf,6e5a5d30de01,random_inpainting__pnp__c4,random_inpainting__pnp__c4,random_inpaint,prob_afb9ac8da51f5e92,ALL,imf,meanflow,jax,latent,pnp,PnP-Flow,1.0,1.0,0.0,1.0,0.0,meanflow_descending,pure_prior_noise,zero_fill,,,,,0.0023584905660377358,0.002358490566037652,0.002358490566037763,,,,,,,,half_mean_squared_per_measurement,,,423,100000.0,1.0,1,,,,not_applicable,not_applicable,not_applicable,method,method,not_applicable,24.97575648646843,0.6544984468110702,0.3149237893521786,0.056698620319366455,0.13350004872247956,23.51097142924525,,0.10293485061774031,25.76935114135702,12.719088983386953,0.152621716640785,1.0188368633389473,12.719088983386953,582.8493340322748,72.85616675403435,423,1696,1696,0,0,0,1696,0,1692,1692,0,1696,1692,1692,,,,,,,,,,,,0,0,0,0,0.0,,,,,,,,,,,,,,,,,,,,,,,1.0118,6.6899,5.6781,"jax_device_memory_stats(peak_bytes_in_use)  [LIFETIME high-water mark: it has no reset API, so it can only over-report this job]",,,,unavailable,2,8,0,147.2193,8.74,42,0,seed=42|model=imf|rep=0,0f6770a3fd505440,161f0ec2d4e64414,60a6dc5c91c914cc,source_imagenet_class,8.0,ok,,,2026-09-09T13:25:56.112511
stage2_imf,f9dbf90efc56,random_inpainting__dflow__c1,random_inpainting__dflow__c1,random_inpaint,prob_afb9ac8da51f5e92,ALL,imf,meanflow,jax,latent,dflow,D-Flow,1.0,1.0,0.0,1.0,0.0,meanflow_descending,pure_prior_noise,zero_fill,1,,,,1.0,1.0,1.0,,,,0.3,adam,,,half_mean_squared_per_measurement,,,,,,,640,,,not_applicable,not_applicable,method,not_applicable,not_applicable,not_applicable,23.72460469722194,0.6052040762256459,0.3719778936356306,0.0642581656575203,0.15004588182653925,22.4961183085391,,0.11676800743290784,24.674122526685217,12.719088983386953,0.152621716640785,1.0188368633389473,12.719088983386953,608.0166507549584,76.0020813443698,1,2564,2564,2560,2560,2560,2564,2560,2560,2560,2560,0,2564,2560,,,,,,,,,,,,0,0,0,0,0.0,,,,,,,,,,,,,,,,,,,,,,,1.0064,6.6145,5.6081,"jax_device_memory_stats(peak_bytes_in_use)  [LIFETIME high-water mark: it has no reset API, so it can only over-report this job]",,,,unavailable,2,8,0,0.7293,7.0,42,0,seed=42|model=imf|rep=0,0f6770a3fd505440,161f0ec2d4e64414,60a6dc5c91c914cc,source_imagenet_class,8.0,ok,,,2026-09-09T15:25:02.876963
stage2_imf,8e4a5e1d46fb,random_inpainting__dflow__c2,random_inpainting__dflow__c2,random_inpaint,prob_afb9ac8da51f5e92,ALL,imf,meanflow,jax,latent,dflow,D-Flow,1.0,1.0,0.0,1.0,0.0,meanflow_descending,pure_prior_noise,zero_fill,1,,,,1.0,1.0,1.0,,,,0.1,adam,,,half_mean_squared_per_measurement,,,,,,,640,,,not_applicable,not_applicable,method,not_applicable,not_applicable,not_applicable,23.25600813606288,0.5579877300567165,0.4412214979529381,0.07284314930438995,0.15578683659551948,22.169984740700954,,0.1324506697134569,23.579516741834187,12.719088983386953,0.152621716640785,1.0188368633389473,12.719088983386953,804.4677936220542,100.55847420275677,1,2564,2564,2560,2560,2560,2564,2560,2560,2560,2560,0,2564,2560,,,,,,,,,,,,0,0,0,0,0.0,,,,,,,,,,,,,,,,,,,,,,,1.0111,6.6791,5.668,"jax_device_memory_stats(peak_bytes_in_use)  [LIFETIME high-water mark: it has no reset API, so it can only over-report this job]",,,,unavailable,2,8,0,0.1713,6.75,42,0,seed=42|model=imf|rep=0,0f6770a3fd505440,161f0ec2d4e64414,60a6dc5c91c914cc,source_imagenet_class,8.0,ok,,,2026-09-09T13:04:06.944502
stage2_imf,695356edae67,random_inpainting__dflow__c3,random_inpainting__dflow__c3,random_inpaint,prob_afb9ac8da51f5e92,ALL,imf,meanflow,jax,latent,dflow,D-Flow,1.0,1.0,0.0,1.0,0.0,meanflow_descending,pure_prior_noise,zero_fill,1,,,,1.0,1.0,1.0,,,,0.3,adam,,,half_mean_squared_per_measurement,,,,,,,320,,,not_applicable,not_applicable,method,not_applicable,not_applicable,not_applicable,22.657142071464097,0.5457534290548911,0.48658695816993713,0.07893067598342896,0.1619638512894619,21.83223800975229,,0.1435953861050047,22.877790198904453,12.719088983386953,0.152621716640785,1.0188368633389473,12.719088983386953,402.1882729502395,50.273534118779935,1,1284,1284,1280,1280,1280,1284,1280,1280,1280,1280,0,1284,1280,,,,,,,,,,,,0,0,0,0,0.0,,,,,,,,,,,,,,,,,,,,,,,1.0111,6.6791,5.668,"jax_device_memory_stats(peak_bytes_in_use)  [LIFETIME high-water mark: it has no reset API, so it can only over-report this job]",,,,unavailable,2,8,0,0.1713,6.75,42,0,seed=42|model=imf|rep=0,0f6770a3fd505440,161f0ec2d4e64414,60a6dc5c91c914cc,source_imagenet_class,8.0,ok,,,2026-09-09T13:10:50.844055
stage2_imf,ef9fd53e10ca,random_inpainting__dflow__c4,random_inpainting__dflow__c4,random_inpaint,prob_afb9ac8da51f5e92,ALL,imf,meanflow,jax,latent,dflow,D-Flow,1.0,1.0,0.0,1.0,0.0,meanflow_descending,pure_prior_noise,zero_fill,1,,,,1.0,1.0,1.0,,,,0.3,adam,,,half_mean_squared_per_measurement,,,,,,,1280,,,not_applicable,not_applicable,method,not_applicable,not_applicable,not_applicable,24.2597845014078,0.6443621038192037,0.2961689829826355,0.05570916831493378,0.14767899565132836,22.634225311225933,,0.10114911589260271,25.921358090993294,12.719088983386953,0.152621716640785,1.0188368633389473,12.719088983386953,1608.7662284104154,201.09577855130192,1,5124,5124,5120,5120,5120,5124,5120,5120,5120,5120,0,5124,5120,,,,,,,,,,,,0,0,0,0,0.0,,,,,,,,,,,,,,,,,,,,,,,1.0111,6.6791,5.668,"jax_device_memory_stats(peak_bytes_in_use)  [LIFETIME high-water mark: it has no reset API, so it can only over-report this job]",,,,unavailable,2,8,0,0.1713,6.75,42,0,seed=42|model=imf|rep=0,0f6770a3fd505440,161f0ec2d4e64414,60a6dc5c91c914cc,source_imagenet_class,8.0,ok,,,2026-09-09T13:37:41.398407
stage2_imf,94ca315ed038,random_inpainting__dflow__c5,random_inpainting__dflow__c5,random_inpaint,prob_afb9ac8da51f5e92,ALL,imf,meanflow,jax,latent,dflow,D-Flow,1.0,1.0,0.0,1.0,0.0,meanflow_descending,pure_prior_noise,zero_fill,1,,,,1.0,1.0,1.0,,,,0.95,adam,,,half_mean_squared_per_measurement,,,,,,,640,,,not_applicable,not_applicable,method,not_applicable,not_applicable,not_applicable,23.846837526896987,0.6184630019906605,0.39009881019592285,0.06265511363744736,0.14828510359577374,22.598649414774982,,0.11384012612901842,24.894692548229706,12.719088983386953,0.152621716640785,1.0188368633389473,12.719088983386953,808.1584892952815,101.01981116191018,1,2564,2564,2560,2560,2560,2564,2560,2560,2560,2560,0,2564,2560,,,,,,,,,,,,0,0,0,0,0.0,,,,,,,,,,,,,,,,,,,,,,,1.0111,6.6791,5.668,"jax_device_memory_stats(peak_bytes_in_use)  [LIFETIME high-water mark: it has no reset API, so it can only over-report this job]",,,,unavailable,2,8,0,0.1713,6.75,42,0,seed=42|model=imf|rep=0,0f6770a3fd505440,161f0ec2d4e64414,60a6dc5c91c914cc,source_imagenet_class,8.0,ok,,,2026-09-09T13:51:11.434271
stage2_imf,a0ed7efe8207,random_inpainting__mpc_rhc__c1,random_inpainting__mpc_rhc__c1,random_inpaint,prob_afb9ac8da51f5e92,ALL,imf,meanflow,jax,latent,mpc_rhc,MPC-RHC (K=1),1.0,1.0,0.0,1.0,0.0,meanflow_descending,pure_prior_noise,zero_fill,,,4,0.25,0.25,0.25,0.25,1,720.0,40,0.2,adam,False,,half_sum_squared,sum_squared,,,,,,,,,method,method,method,not_applicable,not_applicable,not_applicable,25.287529661249224,0.6961843413403381,0.259945634752512,0.052966780960559845,0.13504407534641422,23.411089201795935,,0.09613012221323516,26.363410024387562,12.719088983386953,0.152621716640785,1.0188368633389473,12.719088983386953,306.7633882453665,38.345423530670814,4,32,32,0,640,0,32,0,0,0,0,0,640,0,,,,,,,,,,,,0,0,0,0,0.0,,,,,,,,,,,,,,,,,,,,,,,1.0111,6.6914,5.6803,"jax_device_memory_stats(peak_bytes_in_use)  [LIFETIME high-water mark: it has no reset API, so it can only over-report this job]",,,,unavailable,2,8,0,3.0635,6.75,42,0,seed=42|model=imf|rep=0,0f6770a3fd505440,161f0ec2d4e64414,60a6dc5c91c914cc,source_imagenet_class,8.0,ok,,,2026-09-09T15:23:23.146831
stage2_imf,972965b3a6ff,random_inpainting__mpc_rhc__c2,random_inpainting__mpc_rhc__c2,random_inpaint,prob_afb9ac8da51f5e92,ALL,imf,meanflow,jax,latent,mpc_rhc,MPC-RHC (K=1),1.0,1.0,0.0,1.0,0.0,meanflow_descending,pure_prior_noise,zero_fill,,,4,0.25,0.25,0.25,0.25,1,60.0,40,0.2,adam,False,,half_sum_squared,sum_squared,,,,,,,,,method,method,method,not_applicable,not_applicable,not_applicable,25.1997157373783,0.6870846230620715,0.263522170484066,0.052787814289331436,0.1357981614131729,23.362722112846356,,0.09580833806405774,26.392533778131995,12.719088983386953,0.152621716640785,1.0188368633389473,12.719088983386953,306.80140476487577,38.35017559560947,4,32,32,0,640,0,32,0,0,0,0,0,640,0,,,,,,,,,,,,0,0,0,0,0.0,,,,,,,,,,,,,,,,,,,,,,,1.0111,6.6914,5.6803,"jax_device_memory_stats(peak_bytes_in_use)  [LIFETIME high-water mark: it has no reset API, so it can only over-report this job]",,,,unavailable,2,8,0,3.0635,6.75,42,0,seed=42|model=imf|rep=0,0f6770a3fd505440,161f0ec2d4e64414,60a6dc5c91c914cc,source_imagenet_class,8.0,ok,,,2026-09-09T15:28:32.365733
stage2_imf,ac84ec43f024,random_inpainting__mpc_rhc__c3,random_inpainting__mpc_rhc__c3,random_inpaint,prob_afb9ac8da51f5e92,ALL,imf,meanflow,jax,latent,mpc_rhc,MPC-RHC (K=1),1.0,1.0,0.0,1.0,0.0,meanflow_descending,pure_prior_noise,zero_fill,,,4,0.25,0.25,0.25,0.25,1,180.0,40,0.2,adam,False,,half_sum_squared,sum_squared,,,,,,,,,method,method,method,not_applicable,not_applicable,not_applicable,25.269934368535658,0.6953255001101175,0.2587456898763776,0.05294092372059822,0.13491119447263344,23.419640164321397,,0.09608238873993628,26.367724079571406,12.719088983386953,0.152621716640785,1.0188368633389473,12.719088983386953,307.770962074399,38.471370259299874,4,32,32,0,640,0,32,0,0,0,0,0,640,0,,,,,,,,,,,,0,0,0,0,0.0,,,,,,,,,,,,,,,,,,,,,,,1.0111,6.6914,5.6803,"jax_device_memory_stats(peak_bytes_in_use)  [LIFETIME high-water mark: it has no reset API, so it can only over-report this job]",,,,unavailable,2,8,0,3.0635,6.75,42,0,seed=42|model=imf|rep=0,0f6770a3fd505440,161f0ec2d4e64414,60a6dc5c91c914cc,source_imagenet_class,8.0,ok,,,2026-09-09T15:33:42.692510
stage2_imf,7f277f88e809,random_inpainting__mpc_rhc__c4,random_inpainting__mpc_rhc__c4,random_inpaint,prob_afb9ac8da51f5e92,ALL,imf,meanflow,jax,latent,mpc_rhc,MPC-RHC (K=1),1.0,1.0,0.0,1.0,0.0,meanflow_descending,pure_prior_noise,zero_fill,,,4,0.25,0.25,0.25,0.25,1,1600.0,40,0.2,adam,False,,half_sum_squared,sum_squared,,,,,,,,,method,method,method,not_applicable,not_applicable,not_applicable,25.261691009027167,0.696014297210942,0.2627911176532507,0.05290638655424118,0.13548474950742148,23.382791658889758,,0.09601940608570111,26.373419605778203,12.719088983386953,0.152621716640785,1.0188368633389473,12.719088983386953,220.14827734604478,27.518534668255597,4,32,32,0,640,0,32,0,0,0,0,0,640,0,,,,,,,,,,,,0,0,0,0,0.0,,,,,,,,,,,,,,,,,,,,,,,1.0137,6.6899,5.6762,"jax_device_memory_stats(peak_bytes_in_use)  [LIFETIME high-water mark: it has no reset API, so it can only over-report this job]",,,,unavailable,2,8,0,2.5976,8.74,42,0,seed=42|model=imf|rep=0,0f6770a3fd505440,161f0ec2d4e64414,60a6dc5c91c914cc,source_imagenet_class,8.0,ok,,,2026-09-09T12:54:48.790835
stage2_imf,230547a58536,random_inpainting__mpc_rhc__c5,random_inpainting__mpc_rhc__c5,random_inpaint,prob_afb9ac8da51f5e92,ALL,imf,meanflow,jax,latent,mpc_rhc,MPC-RHC (K=1),1.0,1.0,0.0,1.0,0.0,meanflow_descending,pure_prior_noise,zero_fill,,,4,0.25,0.25,0.25,0.25,1,720.0,40,0.43,adam,False,,half_sum_squared,sum_squared,,,,,,,,,method,method,method,not_applicable,not_applicable,not_applicable,25.289864253224593,0.7053811845945632,0.30710091069340706,0.0526297502219677,0.1358197811280052,23.361339387863765,,0.09552462726878508,26.41829287781122,12.719088983386953,0.152621716640785,1.0188368633389473,12.719088983386953,225.23827889747918,28.154784862184897,4,32,32,0,640,0,32,0,0,0,0,0,640,0,,,,,,,,,,,,0,0,0,0,0.0,,,,,,,,,,,,,,,,,,,,,,,1.0118,6.6899,5.6781,"jax_device_memory_stats(peak_bytes_in_use)  [LIFETIME high-water mark: it has no reset API, so it can only over-report this job]",,,,unavailable,2,8,0,2.5976,8.74,42,0,seed=42|model=imf|rep=0,0f6770a3fd505440,161f0ec2d4e64414,60a6dc5c91c914cc,source_imagenet_class,8.0,ok,,,2026-09-09T12:58:36.021290
stage2_imf,0614f5cabf37,random_inpainting__mpc_delta_t__c1,random_inpainting__mpc_delta_t__c1,random_inpaint,prob_afb9ac8da51f5e92,ALL,imf,meanflow,jax,latent,mpc_delta_t,MPC-delta_t,1.0,1.0,0.0,1.0,0.0,meanflow_descending,pure_prior_noise,zero_fill,,,8,0.125,0.125,0.125,0.125,,1000.0,40,0.3,adam,False,,half_sum_squared,sum_squared,none,,,,,,,,method,method,method,not_applicable,not_applicable,not_applicable,25.100929463853305,0.697610900540174,0.23473966866731644,0.04999889060854912,0.14056030482938595,23.06334610665712,,0.0906970619166042,26.86873554232546,12.719088983386953,0.152621716640785,1.0188368633389473,12.719088983386953,411.82540272083133,51.47817534010392,8,1152,1152,1120,1280,1120,1152,1120,0,0,0,0,1280,0,,,,,,,,,,,,0,0,0,0,0.0,,,,,,,,,,,,,,,,,,,,,,,1.0111,6.6791,5.668,"jax_device_memory_stats(peak_bytes_in_use)  [LIFETIME high-water mark: it has no reset API, so it can only over-report this job]",,,,unavailable,2,8,0,3.8064,6.75,42,0,seed=42|model=imf|rep=0,0f6770a3fd505440,161f0ec2d4e64414,60a6dc5c91c914cc,source_imagenet_class,8.0,ok,,,2026-09-09T13:58:08.729973
stage2_imf,af4152c7f64a,random_inpainting__mpc_delta_t__c2,random_inpainting__mpc_delta_t__c2,random_inpaint,prob_afb9ac8da51f5e92,ALL,imf,meanflow,jax,latent,mpc_delta_t,MPC-delta_t,1.0,1.0,0.0,1.0,0.0,meanflow_descending,pure_prior_noise,zero_fill,,,8,0.125,0.125,0.125,0.125,,540.0,40,0.3,adam,False,,half_sum_squared,sum_squared,none,,,,,,,,method,method,method,not_applicable,not_applicable,not_applicable,25.056920979420564,0.694738830937712,0.24087553657591343,0.05021478235721588,0.14104888033761775,23.033207052778288,,0.09109369660511092,26.8308333890402,12.719088983386953,0.152621716640785,1.0188368633389473,12.719088983386953,414.96310399565846,51.87038799945731,8,1152,1152,1120,1280,1120,1152,1120,0,0,0,0,1280,0,,,,,,,,,,,,0,0,0,0,0.0,,,,,,,,,,,,,,,,,,,,,,,1.0111,6.6914,5.6803,"jax_device_memory_stats(peak_bytes_in_use)  [LIFETIME high-water mark: it has no reset API, so it can only over-report this job]",,,,unavailable,2,8,0,3.8064,6.75,42,0,seed=42|model=imf|rep=0,0f6770a3fd505440,161f0ec2d4e64414,60a6dc5c91c914cc,source_imagenet_class,8.0,ok,,,2026-09-09T14:05:05.656411
stage2_imf,75c756e74998,random_inpainting__mpc_delta_t__c3,random_inpainting__mpc_delta_t__c3,random_inpaint,prob_afb9ac8da51f5e92,ALL,imf,meanflow,jax,latent,mpc_delta_t,MPC-delta_t,1.0,1.0,0.0,1.0,0.0,meanflow_descending,pure_prior_noise,zero_fill,,,8,0.125,0.125,0.125,0.125,,360.0,40,0.3,adam,False,,half_sum_squared,sum_squared,none,,,,,,,,method,method,method,not_applicable,not_applicable,not_applicable,25.129736389275756,0.6905585949814941,0.2604226619005203,0.05108474940061569,0.13881045204603348,23.17215654262977,,0.09268736971548927,26.680188755002987,12.719088983386953,0.152621716640785,1.0188368633389473,12.719088983386953,521.4689785409719,65.18362231762148,8,1152,1152,1120,1280,1120,1152,1120,0,0,0,0,1280,0,,,,,,,,,,,,0,0,0,0,0.0,,,,,,,,,,,,,,,,,,,,,,,1.0111,6.6914,5.6803,"jax_device_memory_stats(peak_bytes_in_use)  [LIFETIME high-water mark: it has no reset API, so it can only over-report this job]",,,,unavailable,2,8,0,3.8064,6.75,42,0,seed=42|model=imf|rep=0,0f6770a3fd505440,161f0ec2d4e64414,60a6dc5c91c914cc,source_imagenet_class,8.0,ok,,,2026-09-09T14:13:49.279971
stage2_imf,a223443d04c3,random_inpainting__mpc_delta_t__c4,random_inpainting__mpc_delta_t__c4,random_inpaint,prob_afb9ac8da51f5e92,ALL,imf,meanflow,jax,latent,mpc_delta_t,MPC-delta_t,1.0,1.0,0.0,1.0,0.0,meanflow_descending,pure_prior_noise,zero_fill,,,16,0.0625,0.0625,0.0625,0.0625,,1000.0,40,0.3,adam,False,,half_sum_squared,sum_squared,none,,,,,,,,method,method,method,not_applicable,not_applicable,not_applicable,24.595006922128096,0.6721179968728813,0.25151688139885664,0.05123021453619003,0.14713917587050723,22.666033528856886,,0.09297131237805334,26.6536206836836,12.719088983386953,0.152621716640785,1.0188368633389473,12.719088983386953,1090.9115492571145,136.36394365713932,16,2464,2464,2400,2560,2400,2464,2400,0,0,0,0,2560,0,,,,,,,,,,,,0,0,0,0,0.0,,,,,,,,,,,,,,,,,,,,,,,1.0111,6.6914,5.6803,"jax_device_memory_stats(peak_bytes_in_use)  [LIFETIME high-water mark: it has no reset API, so it can only over-report this job]",,,,unavailable,2,8,0,8.1023,6.75,42,0,seed=42|model=imf|rep=0,0f6770a3fd505440,161f0ec2d4e64414,60a6dc5c91c914cc,source_imagenet_class,8.0,ok,,,2026-09-09T14:32:10.396211
stage2_imf,7d3a2da10954,random_inpainting__mpc_delta_t__c5,random_inpainting__mpc_delta_t__c5,random_inpaint,prob_afb9ac8da51f5e92,ALL,imf,meanflow,jax,latent,mpc_delta_t,MPC-delta_t,1.0,1.0,0.0,1.0,0.0,meanflow_descending,pure_prior_noise,zero_fill,,,8,0.125,0.125,0.125,0.125,,1000.0,80,0.3,adam,False,,half_sum_squared,sum_squared,none,,,,,,,,method,method,method,not_applicable,not_applicable,not_applicable,24.929590118808928,0.7002221565819078,0.2148061292245984,0.048267871141433716,0.1437001154435159,22.871457572660276,,0.08754277043615397,27.17619418400559,12.719088983386953,0.152621716640785,1.0188368633389473,12.719088983386953,1312.7583706816658,164.09479633520823,8,2272,2272,2240,2560,2240,2272,2240,0,0,0,0,2560,0,,,,,,,,,,,,0,0,0,0,0.0,,,,,,,,,,,,,,,,,,,,,,,1.0111,6.6914,5.6803,"jax_device_memory_stats(peak_bytes_in_use)  [LIFETIME high-water mark: it has no reset API, so it can only over-report this job]",,,,unavailable,2,8,0,3.8064,6.75,42,0,seed=42|model=imf|rep=0,0f6770a3fd505440,161f0ec2d4e64414,60a6dc5c91c914cc,source_imagenet_class,8.0,ok,,,2026-09-09T14:54:05.552834
stage2_imf,1e951278f514,random_inpainting__mpc_delta_t__c6,random_inpainting__mpc_delta_t__c6,random_inpaint,prob_afb9ac8da51f5e92,ALL,imf,meanflow,jax,latent,mpc_delta_t,MPC-delta_t,1.0,1.0,0.0,1.0,0.0,meanflow_descending,pure_prior_noise,zero_fill,,,8,0.125,0.125,0.125,0.125,,2500.0,40,0.3,adam,False,,half_sum_squared,sum_squared,none,,,,,,,,method,method,method,not_applicable,not_applicable,not_applicable,25.043378803631533,0.6985545529060888,0.231784975156188,0.05021281540393829,0.14237754302647038,22.95177003018439,,0.0911121453926602,26.82907445385569,12.719088983386953,0.152621716640785,1.0188368633389473,12.719088983386953,720.6008181935176,90.0751022741897,8,1152,1152,1120,1280,1120,1152,1120,0,0,0,0,1280,0,,,,,,,,,,,,0,0,0,0,0.0,,,,,,,,,,,,,,,,,,,,,,,1.0111,6.6914,5.6803,"jax_device_memory_stats(peak_bytes_in_use)  [LIFETIME high-water mark: it has no reset API, so it can only over-report this job]",,,,unavailable,2,8,0,3.8064,6.75,42,0,seed=42|model=imf|rep=0,0f6770a3fd505440,161f0ec2d4e64414,60a6dc5c91c914cc,source_imagenet_class,8.0,ok,,,2026-09-09T15:06:08.472261
stage2_imf,1f23f9c69521,random_inpainting__mpc_delta_t__c7,random_inpainting__mpc_delta_t__c7,random_inpaint,prob_afb9ac8da51f5e92,ALL,imf,meanflow,jax,latent,mpc_delta_t,MPC-delta_t,1.0,1.0,0.0,1.0,0.0,meanflow_descending,pure_prior_noise,zero_fill,,,8,0.125,0.125,0.125,0.125,,1000.0,40,0.55,adam,False,,half_sum_squared,sum_squared,none,,,,,,,,method,method,method,not_applicable,not_applicable,not_applicable,25.326983736680873,0.7093195797734548,0.24562571104615927,0.048826444894075394,0.1375474919303198,23.251546397646422,,0.08855963556168847,27.075883499740133,12.719088983386953,0.152621716640785,1.0188368633389473,12.719088983386953,719.7476534824818,89.96845668531023,8,1152,1152,1120,1280,1120,1152,1120,0,0,0,0,1280,0,,,,,,,,,,,,0,0,0,0,0.0,,,,,,,,,,,,,,,,,,,,,,,1.0111,6.6914,5.6803,"jax_device_memory_stats(peak_bytes_in_use)  [LIFETIME high-water mark: it has no reset API, so it can only over-report this job]",,,,unavailable,2,8,0,3.8064,6.75,42,0,seed=42|model=imf|rep=0,0f6770a3fd505440,161f0ec2d4e64414,60a6dc5c91c914cc,source_imagenet_class,8.0,ok,,,2026-09-09T15:18:10.815058
stage2_imf,9cabdfdd0071,random_inpainting__rhso__c1,random_inpainting__rhso__c1,random_inpaint,prob_afb9ac8da51f5e92,ALL,imf,meanflow,jax,latent,rhso,RHSO,1.0,1.0,0.0,1.0,0.0,meanflow_descending,pure_prior_noise,zero_fill,,,,,0.125,0.125,0.125,,,,0.03,adam,,,half_mean_squared_per_measurement,,,,,,,80,8,0.0,not_applicable,not_applicable,method,not_applicable,not_applicable,method,25.033669042899568,0.7012617795464806,0.23008127696812153,0.04870285838842392,0.1417150192960191,22.99228230822877,,0.08835001090628883,27.096467764201947,12.719088983386953,0.152621716640785,1.0188368633389473,12.719088983386953,1037.7264780411497,129.7158097551437,8,2592,2592,2560,2560,2560,2592,2560,2560,2560,2560,0,2560,2560,direct,learned_finite_interval_map,,False,False,False,,,,False,,0,0,0,0,0.0,,,,,,,,,,,,,,,,,,,,,,,1.0118,6.6899,5.6781,"jax_device_memory_stats(peak_bytes_in_use)  [LIFETIME high-water mark: it has no reset API, so it can only over-report this job]",,,,unavailable,2,8,0,4.0959,8.74,42,0,seed=42|model=imf|rep=0,0f6770a3fd505440,161f0ec2d4e64414,60a6dc5c91c914cc,source_imagenet_class,8.0,ok,,,2026-09-09T13:43:19.806001
stage2_imf,e11a04daa914,random_inpainting__rhso__c2,random_inpainting__rhso__c2,random_inpaint,prob_afb9ac8da51f5e92,ALL,imf,meanflow,jax,latent,rhso,RHSO,1.0,1.0,0.0,1.0,0.0,meanflow_descending,pure_prior_noise,zero_fill,,,,,0.125,0.125,0.125,,,,0.01,adam,,,half_mean_squared_per_measurement,,,,,,,80,8,0.0,not_applicable,not_applicable,method,not_applicable,not_applicable,method,24.421130153864468,0.6643857459501267,0.2634401675313711,0.05392259359359741,0.14916201823413525,22.547434894418032,,0.09788787484309099,26.206021912735025,12.719088983386953,0.152621716640785,1.0188368633389473,12.719088983386953,969.1628526262939,121.14535657828674,8,2592,2592,2560,2560,2560,2592,2560,2560,2560,2560,0,2560,2560,direct,learned_finite_interval_map,,False,False,False,,,,False,,0,0,0,0,0.0,,,,,,,,,,,,,,,,,,,,,,,1.0118,6.6899,5.6781,"jax_device_memory_stats(peak_bytes_in_use)  [LIFETIME high-water mark: it has no reset API, so it can only over-report this job]",,,,unavailable,2,8,0,4.0959,8.74,42,0,seed=42|model=imf|rep=0,0f6770a3fd505440,161f0ec2d4e64414,60a6dc5c91c914cc,source_imagenet_class,8.0,ok,,,2026-09-09T13:59:30.771564
stage2_imf,eeb5f97de62f,random_inpainting__rhso__c3,random_inpainting__rhso__c3,random_inpaint,prob_afb9ac8da51f5e92,ALL,imf,meanflow,jax,latent,rhso,RHSO,1.0,1.0,0.0,1.0,0.0,meanflow_descending,pure_prior_noise,zero_fill,,,,,0.25,0.25,0.25,,,,0.1,adam,,,half_mean_squared_per_measurement,,,,,,,40,4,0.0,not_applicable,not_applicable,method,not_applicable,not_applicable,method,25.13024190273167,0.6921544771725643,0.2999028693884611,0.05391570180654526,0.1366839613067942,23.30624877695055,,0.09786828637005063,26.207760231616234,12.719088983386953,0.152621716640785,1.0188368633389473,12.719088983386953,204.34545110166073,25.54318138770759,4,656,656,640,640,640,656,640,640,640,640,0,640,640,direct,learned_finite_interval_map,,False,False,False,,,,False,,0,0,0,0,0.0,,,,,,,,,,,,,,,,,,,,,,,1.0118,6.6899,5.6781,"jax_device_memory_stats(peak_bytes_in_use)  [LIFETIME high-water mark: it has no reset API, so it can only over-report this job]",,,,unavailable,2,8,0,1.689,8.74,42,0,seed=42|model=imf|rep=0,0f6770a3fd505440,161f0ec2d4e64414,60a6dc5c91c914cc,source_imagenet_class,8.0,ok,,,2026-09-09T14:02:58.383156
stage2_imf,63627317285f,random_inpainting__rhso__c4,random_inpainting__rhso__c4,random_inpaint,prob_afb9ac8da51f5e92,ALL,imf,meanflow,jax,latent,rhso,RHSO,1.0,1.0,0.0,1.0,0.0,meanflow_descending,pure_prior_noise,zero_fill,,,,,0.0625,0.0625,0.0625,,,,0.03,adam,,,half_mean_squared_per_measurement,,,,,,,80,16,0.0,not_applicable,not_applicable,method,not_applicable,not_applicable,method,24.788010718994617,0.693682133323491,0.21277757454663515,0.048387560993433,0.1464135195653553,22.708976302118707,,0.08776709275556444,27.15396565746767,12.719088983386953,0.152621716640785,1.0188368633389473,12.719088983386953,2208.3450793018565,276.04313491273206,16,5184,5184,5120,5120,5120,5184,5120,5120,5120,5120,0,5120,5120,direct,learned_finite_interval_map,,False,False,False,,,,False,,0,0,0,0,0.0,,,,,,,,,,,,,,,,,,,,,,,1.0118,6.6899,5.6781,"jax_device_memory_stats(peak_bytes_in_use)  [LIFETIME high-water mark: it has no reset API, so it can only over-report this job]",,,,unavailable,2,8,0,6.2237,8.74,42,0,seed=42|model=imf|rep=0,0f6770a3fd505440,161f0ec2d4e64414,60a6dc5c91c914cc,source_imagenet_class,8.0,ok,,,2026-09-09T14:39:55.017832
stage2_imf,171b092d4d5e,random_inpainting__rhso__c5,random_inpainting__rhso__c5,random_inpaint,prob_afb9ac8da51f5e92,ALL,imf,meanflow,jax,latent,rhso,RHSO,1.0,1.0,0.0,1.0,0.0,meanflow_descending,pure_prior_noise,zero_fill,,,,,0.125,0.125,0.125,,,,0.03,adam,,,half_mean_squared_per_measurement,,,,,,,160,8,0.0,not_applicable,not_applicable,method,not_applicable,not_applicable,method,24.867195804682108,0.7014853725505925,0.2112978920340538,0.047075387090444565,0.14615533101712236,22.724306695723264,,0.08537211363312863,27.39427923791133,12.719088983386953,0.152621716640785,1.0188368633389473,12.719088983386953,2322.1603844342753,290.2700480542844,8,5152,5152,5120,5120,5120,5152,5120,5120,5120,5120,0,5120,5120,direct,learned_finite_interval_map,,False,False,False,,,,False,,0,0,0,0,0.0,,,,,,,,,,,,,,,,,,,,,,,1.0118,6.6899,5.6781,"jax_device_memory_stats(peak_bytes_in_use)  [LIFETIME high-water mark: it has no reset API, so it can only over-report this job]",,,,unavailable,2,8,0,4.0959,8.74,42,0,seed=42|model=imf|rep=0,0f6770a3fd505440,161f0ec2d4e64414,60a6dc5c91c914cc,source_imagenet_class,8.0,ok,,,2026-09-09T15:18:39.151712
stage2_imf,165fdf9aa712,box_inpainting__sdedit__c1,box_inpainting__sdedit__c1,box_inpaint,prob_4459e49fb12d0091,ALL,imf,meanflow,jax,latent,sdedit,SDEdit,1.0,1.0,0.0,1.0,0.0,meanflow_descending,pure_prior_noise,zero_fill,8,,,,0.125,0.125,0.125,,,,,,,,,,,,,,,,,,not_applicable,not_applicable,not_applicable,not_applicable,not_applicable,not_applicable,9.750253536192531,0.04979322374989789,0.7558332458138466,0.6625591516494751,0.6905157197041971,9.237128517026283,-0.01946060919193856,0.6689160753040214,9.51316725354995,27.503961494217513,0.827546941632692,0.10103151760995388,27.503961494217513,1.4801058322191238,0.18501322902739048,8,32,32,0,0,0,32,0,0,0,0,0,0,0,,,,,,,,,,,,0,0,0,0,0.0,,,,,,,,,,,,,,,,,,,,,,,1.0065,6.6575,5.651,"jax_device_memory_stats(peak_bytes_in_use)  [LIFETIME high-water mark: it has no reset API, so it can only over-report this job]",,,,unavailable,2,8,0,0.6595,6.97,42,0,seed=42|model=imf|rep=0,c136b139bc17dfba,3bf57218b76797cc,60a6dc5c91c914cc,source_imagenet_class,8.0,ok,,,2026-09-09T15:18:43.854829
stage2_imf,4dea77deb800,box_inpainting__sdedit__c2,box_inpainting__sdedit__c2,box_inpaint,prob_4459e49fb12d0091,ALL,imf,meanflow,jax,latent,sdedit,SDEdit,1.0,1.0,0.0,1.0,0.0,meanflow_descending,pure_prior_noise,zero_fill,4,,,,0.25,0.25,0.25,,,,,,,,,,,,,,,,,,not_applicable,not_applicable,not_applicable,not_applicable,not_applicable,not_applicable,9.75361928019246,0.05472756356149325,0.7592291161417961,0.6608799695968628,0.6938228697864863,9.195627694182772,-0.030856203645674714,0.6672156326770285,9.535275650319194,27.503961494217513,0.827546941632692,0.10103151760995388,27.503961494217513,0.6538119968026876,0.08172649960033596,4,16,16,0,0,0,16,0,0,0,0,0,0,0,,,,,,,,,,,,0,0,0,0,0.0,,,,,,,,,,,,,,,,,,,,,,,1.0065,6.6575,5.651,"jax_device_memory_stats(peak_bytes_in_use)  [LIFETIME high-water mark: it has no reset API, so it can only over-report this job]",,,,unavailable,2,8,0,0.4824,6.97,42,0,seed=42|model=imf|rep=0,c136b139bc17dfba,3bf57218b76797cc,60a6dc5c91c914cc,source_imagenet_class,8.0,ok,,,2026-09-09T15:18:46.834944
stage2_imf,29a02cfa01e9,box_inpainting__sdedit__c3,box_inpainting__sdedit__c3,box_inpaint,prob_4459e49fb12d0091,ALL,imf,meanflow,jax,latent,sdedit,SDEdit,1.0,1.0,0.0,1.0,0.0,meanflow_descending,pure_prior_noise,zero_fill,2,,,,0.5,0.5,0.5,,,,,,,,,,,,,,,,,,not_applicable,not_applicable,not_applicable,not_applicable,not_applicable,not_applicable,9.750576288299758,0.05576412028528532,0.765074335038662,0.6613601446151733,0.6906425197605519,9.23553366530369,-0.032424090603631495,0.6677064224730169,9.528888841173192,27.503961494217513,0.827546941632692,0.10103151760995388,27.503961494217513,0.3906975071877241,0.048837188398465514,2,8,8,0,0,0,8,0,0,0,0,0,0,0,,,,,,,,,,,,0,0,0,0,0.0,,,,,,,,,,,,,,,,,,,,,,,1.0065,6.6575,5.651,"jax_device_memory_stats(peak_bytes_in_use)  [LIFETIME high-water mark: it has no reset API, so it can only over-report this job]",,,,unavailable,2,8,0,0.4073,6.97,42,0,seed=42|model=imf|rep=0,c136b139bc17dfba,3bf57218b76797cc,60a6dc5c91c914cc,source_imagenet_class,8.0,ok,,,2026-09-09T15:18:49.378059
stage2_imf,725963bed831,box_inpainting__sdedit__c4,box_inpainting__sdedit__c4,box_inpaint,prob_4459e49fb12d0091,ALL,imf,meanflow,jax,latent,sdedit,SDEdit,1.0,1.0,0.0,1.0,0.0,meanflow_descending,pure_prior_noise,zero_fill,16,,,,0.0625,0.0625,0.0625,,,,,,,,,,,,,,,,,,not_applicable,not_applicable,not_applicable,not_applicable,not_applicable,not_applicable,9.67180334666852,0.048923860385560326,0.7560528442263603,0.6699069738388062,0.6864668501746326,9.288208517624334,-0.0076531423009388744,0.6763693992542124,9.41692089856402,27.503961494217513,0.827546941632692,0.10103151760995388,27.503961494217513,2.7360453391447663,0.3420056673930958,16,64,64,0,0,0,64,0,0,0,0,0,0,0,,,,,,,,,,,,0,0,0,0,0.0,,,,,,,,,,,,,,,,,,,,,,,1.0065,6.6575,5.651,"jax_device_memory_stats(peak_bytes_in_use)  [LIFETIME high-water mark: it has no reset API, so it can only over-report this job]",,,,unavailable,2,8,0,1.0068,6.97,42,0,seed=42|model=imf|rep=0,c136b139bc17dfba,3bf57218b76797cc,60a6dc5c91c914cc,source_imagenet_class,8.0,ok,,,2026-09-09T15:18:55.193734
stage2_imf,af531e29c96a,box_inpainting__pnp__c1,box_inpainting__pnp__c1,box_inpaint,prob_4459e49fb12d0091,ALL,imf,meanflow,jax,latent,pnp,PnP-Flow,1.0,1.0,0.0,1.0,0.0,meanflow_descending,pure_prior_noise,zero_fill,,,,,0.004975124378109453,0.00497512437810943,0.004975124378109541,,,,,,,,half_mean_squared_per_measurement,,,200,100000.0,1.0,1,,,,not_applicable,not_applicable,not_applicable,method,method,not_applicable,24.872203896062498,0.6391391795465199,0.36321933940052986,0.1267147809267044,0.2606124871782868,17.70069549367625,0.19366005313422502,0.11844062388263729,24.550586186135824,27.503961494217513,0.827546941632692,0.10103151760995388,27.503961494217513,277.4081792179495,34.67602240224369,200,804,804,0,0,0,804,0,800,800,0,804,800,800,,,,,,,,,,,,0,0,0,0,0.0,,,,,,,,,,,,,,,,,,,,,,,1.0065,6.6575,5.651,"jax_device_memory_stats(peak_bytes_in_use)  [LIFETIME high-water mark: it has no reset API, so it can only over-report this job]",,,,unavailable,2,8,0,68.4673,6.97,42,0,seed=42|model=imf|rep=0,c136b139bc17dfba,3bf57218b76797cc,60a6dc5c91c914cc,source_imagenet_class,8.0,ok,,,2026-09-09T13:04:10.191888
stage2_imf,5777f816aee0,box_inpainting__pnp__c2,box_inpainting__pnp__c2,box_inpaint,prob_4459e49fb12d0091,ALL,imf,meanflow,jax,latent,pnp,PnP-Flow,1.0,1.0,0.0,1.0,0.0,meanflow_descending,pure_prior_noise,zero_fill,,,,,0.004975124378109453,0.00497512437810943,0.004975124378109541,,,,,,,,half_mean_squared_per_measurement,,,200,100000.0,0.75,1,,,,not_applicable,not_applicable,not_applicable,method,method,not_applicable,24.962569559420643,0.6524608298514416,0.38090749830007553,0.1268247663974762,0.25405638825001864,17.92199751883939,0.20017889115376292,0.11861792509209347,24.537593454746485,27.503961494217513,0.827546941632692,0.10103151760995388,27.503961494217513,277.2695602159947,34.65869502699934,200,804,804,0,0,0,804,0,800,800,0,804,800,800,,,,,,,,,,,,0,0,0,0,0.0,,,,,,,,,,,,,,,,,,,,,,,1.0065,6.6575,5.651,"jax_device_memory_stats(peak_bytes_in_use)  [LIFETIME high-water mark: it has no reset API, so it can only over-report this job]",,,,unavailable,2,8,0,68.4673,6.97,42,0,seed=42|model=imf|rep=0,c136b139bc17dfba,3bf57218b76797cc,60a6dc5c91c914cc,source_imagenet_class,8.0,ok,,,2026-09-09T13:08:49.479087
stage2_imf,103851c34614,box_inpainting__pnp__c3,box_inpainting__pnp__c3,box_inpaint,prob_4459e49fb12d0091,ALL,imf,meanflow,jax,latent,pnp,PnP-Flow,1.0,1.0,0.0,1.0,0.0,meanflow_descending,pure_prior_noise,zero_fill,,,,,0.004975124378109453,0.00497512437810943,0.004975124378109541,,,,,,,,half_mean_squared_per_measurement,,,200,25000.0,0.25,1,,,,not_applicable,not_applicable,not_applicable,method,method,not_applicable,24.78351356863424,0.6598627510942764,0.37703071534633636,0.12602822482585907,0.2962286063670874,16.588060005302356,0.18984235959946816,0.11776131417800077,24.600547041164322,27.503961494217513,0.827546941632692,0.10103151760995388,27.503961494217513,278.59936605766416,34.82492075720802,200,804,804,0,0,0,804,0,800,800,0,804,800,800,,,,,,,,,,,,0,0,0,0,0.0,,,,,,,,,,,,,,,,,,,,,,,1.0065,6.6575,5.651,"jax_device_memory_stats(peak_bytes_in_use)  [LIFETIME high-water mark: it has no reset API, so it can only over-report this job]",,,,unavailable,2,8,0,68.4673,6.97,42,0,seed=42|model=imf|rep=0,c136b139bc17dfba,3bf57218b76797cc,60a6dc5c91c914cc,source_imagenet_class,8.0,ok,,,2026-09-09T13:13:30.021571
stage2_imf,69b5cd53465a,box_inpainting__pnp__c4,box_inpainting__pnp__c4,box_inpaint,prob_4459e49fb12d0091,ALL,imf,meanflow,jax,latent,pnp,PnP-Flow,1.0,1.0,0.0,1.0,0.0,meanflow_descending,pure_prior_noise,zero_fill,,,,,0.0023584905660377358,0.002358490566037652,0.002358490566037763,,,,,,,,half_mean_squared_per_measurement,,,423,100000.0,1.0,1,,,,not_applicable,not_applicable,not_applicable,method,method,not_applicable,25.421181805734214,0.6704822634062587,0.3111155889928341,0.12027928978204727,0.2592914990825382,17.74483434164608,0.1909461564068191,0.11137177242570608,25.085097287400817,27.503961494217513,0.827546941632692,0.10103151760995388,27.503961494217513,584.1776091605425,73.02220114506781,423,1696,1696,0,0,0,1696,0,1692,1692,0,1696,1692,1692,,,,,,,,,,,,0,0,0,0,0.0,,,,,,,,,,,,,,,,,,,,,,,1.0065,6.6575,5.651,"jax_device_memory_stats(peak_bytes_in_use)  [LIFETIME high-water mark: it has no reset API, so it can only over-report this job]",,,,unavailable,2,8,0,147.1279,6.97,42,0,seed=42|model=imf|rep=0,c136b139bc17dfba,3bf57218b76797cc,60a6dc5c91c914cc,source_imagenet_class,8.0,ok,,,2026-09-09T13:25:43.358845
stage2_imf,c0064ea41580,box_inpainting__dflow__c1,box_inpainting__dflow__c1,box_inpaint,prob_4459e49fb12d0091,ALL,imf,meanflow,jax,latent,dflow,D-Flow,1.0,1.0,0.0,1.0,0.0,meanflow_descending,pure_prior_noise,zero_fill,1,,,,1.0,1.0,1.0,,,,0.3,adam,,,half_mean_squared_per_measurement,,,,,,,640,,,not_applicable,not_applicable,method,not_applicable,not_applicable,not_applicable,24.20574189111671,0.6358258119151439,0.36892775259912014,0.12964874505996704,0.34378909561007753,15.294757963145244,0.15070478735790982,0.12173391804565566,24.312367910264683,27.503961494217513,0.827546941632692,0.10103151760995388,27.503961494217513,807.2390717165545,100.90488396456931,1,2564,2564,2560,2560,2560,2564,2560,2560,2560,2560,0,2564,2560,,,,,,,,,,,,0,0,0,0,0.0,,,,,,,,,,,,,,,,,,,,,,,1.0204,6.679,5.6586,"jax_device_memory_stats(peak_bytes_in_use)  [LIFETIME high-water mark: it has no reset API, so it can only over-report this job]",,,,unavailable,2,8,0,0.5317,8.14,42,0,seed=42|model=imf|rep=0,c136b139bc17dfba,3bf57218b76797cc,60a6dc5c91c914cc,source_imagenet_class,8.0,ok,,,2026-09-09T13:04:13.306115
stage2_imf,f772e914c667,box_inpainting__dflow__c2,box_inpainting__dflow__c2,box_inpaint,prob_4459e49fb12d0091,ALL,imf,meanflow,jax,latent,dflow,D-Flow,1.0,1.0,0.0,1.0,0.0,meanflow_descending,pure_prior_noise,zero_fill,1,,,,1.0,1.0,1.0,,,,0.1,adam,,,half_mean_squared_per_measurement,,,,,,,640,,,not_applicable,not_applicable,method,not_applicable,not_applicable,not_applicable,23.458102979570185,0.5648968646442878,0.44144028425216675,0.14614011347293854,0.2633966187785874,17.608396000781543,0.22735234424446576,0.13938701952857332,23.136153277293047,27.503961494217513,0.827546941632692,0.10103151760995388,27.503961494217513,806.7095002876595,100.83868753595743,1,2564,2564,2560,2560,2560,2564,2560,2560,2560,2560,0,2564,2560,,,,,,,,,,,,0,0,0,0,0.0,,,,,,,,,,,,,,,,,,,,,,,1.0204,6.679,5.6586,"jax_device_memory_stats(peak_bytes_in_use)  [LIFETIME high-water mark: it has no reset API, so it can only over-report this job]",,,,unavailable,2,8,0,0.5317,8.14,42,0,seed=42|model=imf|rep=0,c136b139bc17dfba,3bf57218b76797cc,60a6dc5c91c914cc,source_imagenet_class,8.0,ok,,,2026-09-09T13:17:41.784446
stage2_imf,c7f506ec96b7,box_inpainting__dflow__c3,box_inpainting__dflow__c3,box_inpaint,prob_4459e49fb12d0091,ALL,imf,meanflow,jax,latent,dflow,D-Flow,1.0,1.0,0.0,1.0,0.0,meanflow_descending,pure_prior_noise,zero_fill,1,,,,1.0,1.0,1.0,,,,0.3,adam,,,half_mean_squared_per_measurement,,,,,,,320,,,not_applicable,not_applicable,method,not_applicable,not_applicable,not_applicable,22.74149940903508,0.5625371218059266,0.469028290361166,0.1519584208726883,0.33439379955968196,15.535435593082447,0.1553422423178358,0.14571670041515888,22.75041334150231,27.503961494217513,0.827546941632692,0.10103151760995388,27.503961494217513,401.42816203739494,50.17852025467437,1,1284,1284,1280,1280,1280,1284,1280,1280,1280,1280,0,1284,1280,,,,,,,,,,,,0,0,0,0,0.0,,,,,,,,,,,,,,,,,,,,,,,1.0204,6.679,5.6586,"jax_device_memory_stats(peak_bytes_in_use)  [LIFETIME high-water mark: it has no reset API, so it can only over-report this job]",,,,unavailable,2,8,0,0.5317,8.14,42,0,seed=42|model=imf|rep=0,c136b139bc17dfba,3bf57218b76797cc,60a6dc5c91c914cc,source_imagenet_class,8.0,ok,,,2026-09-09T13:24:24.901127
stage2_imf,a47b1bb466b3,box_inpainting__dflow__c4,box_inpainting__dflow__c4,box_inpaint,prob_4459e49fb12d0091,ALL,imf,meanflow,jax,latent,dflow,D-Flow,1.0,1.0,0.0,1.0,0.0,meanflow_descending,pure_prior_noise,zero_fill,1,,,,1.0,1.0,1.0,,,,0.3,adam,,,half_mean_squared_per_measurement,,,,,,,1280,,,not_applicable,not_applicable,method,not_applicable,not_applicable,not_applicable,25.310459647339478,0.6876593180872528,0.28162136022001505,0.11961685121059418,0.3158873788609883,16.02995442908155,0.1455684284410484,0.11081138208512771,25.1289124810842,27.503961494217513,0.827546941632692,0.10103151760995388,27.503961494217513,1613.582446306944,201.697805788368,1,5124,5124,5120,5120,5120,5124,5120,5120,5120,5120,0,5124,5120,,,,,,,,,,,,0,0,0,0,0.0,,,,,,,,,,,,,,,,,,,,,,,1.0204,6.679,5.6586,"jax_device_memory_stats(peak_bytes_in_use)  [LIFETIME high-water mark: it has no reset API, so it can only over-report this job]",,,,unavailable,2,8,0,0.5317,8.14,42,0,seed=42|model=imf|rep=0,c136b139bc17dfba,3bf57218b76797cc,60a6dc5c91c914cc,source_imagenet_class,8.0,ok,,,2026-09-09T13:51:20.085880
stage2_imf,12eb1aab3143,box_inpainting__dflow__c5,box_inpainting__dflow__c5,box_inpaint,prob_4459e49fb12d0091,ALL,imf,meanflow,jax,latent,dflow,D-Flow,1.0,1.0,0.0,1.0,0.0,meanflow_descending,pure_prior_noise,zero_fill,1,,,,1.0,1.0,1.0,,,,0.95,adam,,,half_mean_squared_per_measurement,,,,,,,640,,,not_applicable,not_applicable,method,not_applicable,not_applicable,not_applicable,24.03659763363091,0.6430972948683948,0.37665282003581524,0.12919996678829193,0.3680524868643638,14.702404782736313,0.11862222713214242,0.12121326809493856,24.3495967006619,27.503961494217513,0.827546941632692,0.10103151760995388,27.503961494217513,794.0011813305318,99.25014766631648,1,2564,2564,2560,2560,2560,2564,2560,2560,2560,2560,0,2564,2560,,,,,,,,,,,,0,0,0,0,0.0,,,,,,,,,,,,,,,,,,,,,,,1.0204,6.679,5.6586,"jax_device_memory_stats(peak_bytes_in_use)  [LIFETIME high-water mark: it has no reset API, so it can only over-report this job]",,,,unavailable,2,8,0,0.5317,8.14,42,0,seed=42|model=imf|rep=0,c136b139bc17dfba,3bf57218b76797cc,60a6dc5c91c914cc,source_imagenet_class,8.0,ok,,,2026-09-09T14:04:35.810360
stage2_imf,5147b7b1f3a1,box_inpainting__mpc_rhc__c1,box_inpainting__mpc_rhc__c1,box_inpaint,prob_4459e49fb12d0091,ALL,imf,meanflow,jax,latent,mpc_rhc,MPC-RHC (K=1),1.0,1.0,0.0,1.0,0.0,meanflow_descending,pure_prior_noise,zero_fill,,,4,0.25,0.25,0.25,0.25,1,30.0,40,0.2,adam,False,,half_sum_squared,sum_squared,,,,,,,,,method,method,method,not_applicable,not_applicable,not_applicable,26.17666492378006,0.7249914456110608,0.25260934699326754,0.11387506872415543,0.26003351315941153,17.7200134429198,0.20513027772873976,0.10445537457178304,25.641984097931115,27.503961494217513,0.827546941632692,0.10103151760995388,27.503961494217513,161.62394028436393,20.20299253554549,4,32,32,0,640,0,32,0,0,0,0,0,640,0,,,,,,,,,,,,0,0,0,0,0.0,,,,,,,,,,,,,,,,,,,,,,,1.0204,6.6914,5.671,"jax_device_memory_stats(peak_bytes_in_use)  [LIFETIME high-water mark: it has no reset API, so it can only over-report this job]",,,,unavailable,2,8,0,2.6774,8.14,42,0,seed=42|model=imf|rep=0,c136b139bc17dfba,3bf57218b76797cc,60a6dc5c91c914cc,source_imagenet_class,8.0,ok,,,2026-09-09T15:42:34.060162
stage2_imf,ce42001268df,box_inpainting__mpc_rhc__c2,box_inpainting__mpc_rhc__c2,box_inpaint,prob_4459e49fb12d0091,ALL,imf,meanflow,jax,latent,mpc_rhc,MPC-RHC (K=1),1.0,1.0,0.0,1.0,0.0,meanflow_descending,pure_prior_noise,zero_fill,,,4,0.25,0.25,0.25,0.25,1,60.0,40,0.2,adam,False,,half_sum_squared,sum_squared,,,,,,,,,method,method,method,not_applicable,not_applicable,not_applicable,26.25003845786238,0.7285227748656138,0.2498346995562315,0.1135481595993042,0.2509243007209777,18.029745462756544,0.22846829138301183,0.10410533826143867,25.67113992094701,27.503961494217513,0.827546941632692,0.10103151760995388,27.503961494217513,120.1454741647467,15.018184270593338,4,32,32,0,640,0,32,0,0,0,0,0,640,0,,,,,,,,,,,,0,0,0,0,0.0,,,,,,,,,,,,,,,,,,,,,,,1.0204,6.6914,5.671,"jax_device_memory_stats(peak_bytes_in_use)  [LIFETIME high-water mark: it has no reset API, so it can only over-report this job]",,,,unavailable,2,8,0,2.6774,8.14,42,0,seed=42|model=imf|rep=0,c136b139bc17dfba,3bf57218b76797cc,60a6dc5c91c914cc,source_imagenet_class,8.0,ok,,,2026-09-09T15:44:35.657265
stage2_imf,c348deffc2b5,box_inpainting__mpc_rhc__c3,box_inpainting__mpc_rhc__c3,box_inpaint,prob_4459e49fb12d0091,ALL,imf,meanflow,jax,latent,mpc_rhc,MPC-RHC (K=1),1.0,1.0,0.0,1.0,0.0,meanflow_descending,pure_prior_noise,zero_fill,,,4,0.25,0.25,0.25,0.25,1,15.0,40,0.2,adam,False,,half_sum_squared,sum_squared,,,,,,,,,method,method,method,not_applicable,not_applicable,not_applicable,25.990008382402635,0.7183715413676788,0.25654095131903887,0.11444246768951416,0.2729856621324459,17.297803164426625,0.20620394458065722,0.10508679078838433,25.58963732406498,27.503961494217513,0.827546941632692,0.10103151760995388,27.503961494217513,219.11529534310102,27.389411917887628,4,32,32,0,640,0,32,0,0,0,0,0,640,0,,,,,,,,,,,,0,0,0,0,0.0,,,,,,,,,,,,,,,,,,,,,,,1.0085,6.6575,5.6491,"jax_device_memory_stats(peak_bytes_in_use)  [LIFETIME high-water mark: it has no reset API, so it can only over-report this job]",,,,unavailable,2,8,0,2.1894,6.97,42,0,seed=42|model=imf|rep=0,c136b139bc17dfba,3bf57218b76797cc,60a6dc5c91c914cc,source_imagenet_class,8.0,ok,,,2026-09-09T12:54:34.837493
stage2_imf,0a7a6a291bd2,box_inpainting__mpc_rhc__c4,box_inpainting__mpc_rhc__c4,box_inpaint,prob_4459e49fb12d0091,ALL,imf,meanflow,jax,latent,mpc_rhc,MPC-RHC (K=1),1.0,1.0,0.0,1.0,0.0,meanflow_descending,pure_prior_noise,zero_fill,,,4,0.25,0.25,0.25,0.25,1,30.0,40,0.43,adam,False,,half_sum_squared,sum_squared,,,,,,,,,method,method,method,not_applicable,not_applicable,not_applicable,26.161847383984686,0.7377739394237681,0.2653333069756627,0.11160162091255188,0.294952777893116,16.62555009826221,0.20154928887748394,0.10188803942990739,25.858135804194053,27.503961494217513,0.827546941632692,0.10103151760995388,27.503961494217513,225.24606057722121,28.155757572152652,4,32,32,0,640,0,32,0,0,0,0,0,640,0,,,,,,,,,,,,0,0,0,0,0.0,,,,,,,,,,,,,,,,,,,,,,,1.0065,6.6575,5.651,"jax_device_memory_stats(peak_bytes_in_use)  [LIFETIME high-water mark: it has no reset API, so it can only over-report this job]",,,,unavailable,2,8,0,2.1894,6.97,42,0,seed=42|model=imf|rep=0,c136b139bc17dfba,3bf57218b76797cc,60a6dc5c91c914cc,source_imagenet_class,8.0,ok,,,2026-09-09T12:58:22.105656
stage2_imf,81ba05dca863,box_inpainting__mpc_delta_t__c1,box_inpainting__mpc_delta_t__c1,box_inpaint,prob_4459e49fb12d0091,ALL,imf,meanflow,jax,latent,mpc_delta_t,MPC-delta_t,1.0,1.0,0.0,1.0,0.0,meanflow_descending,pure_prior_noise,zero_fill,,,8,0.125,0.125,0.125,0.125,,1000.0,40,0.3,adam,False,,half_sum_squared,sum_squared,none,,,,,,,,method,method,method,not_applicable,not_applicable,not_applicable,26.532332787874644,0.7564150728401347,0.22064819559454918,0.1085233986377716,0.29014237023306777,16.768376821902745,0.17539871765239284,0.09853431559769338,26.148849825287805,27.503961494217513,0.827546941632692,0.10103151760995388,27.503961494217513,507.83496125228703,63.47937015653588,8,1152,1152,1120,1280,1120,1152,1120,0,0,0,0,1280,0,,,,,,,,,,,,0,0,0,0,0.0,,,,,,,,,,,,,,,,,,,,,,,1.0204,6.679,5.6586,"jax_device_memory_stats(peak_bytes_in_use)  [LIFETIME high-water mark: it has no reset API, so it can only over-report this job]",,,,unavailable,2,8,0,3.9101,8.14,42,0,seed=42|model=imf|rep=0,c136b139bc17dfba,3bf57218b76797cc,60a6dc5c91c914cc,source_imagenet_class,8.0,ok,,,2026-09-09T14:13:09.449337
stage2_imf,1c34f3d25929,box_inpainting__mpc_delta_t__c2,box_inpainting__mpc_delta_t__c2,box_inpaint,prob_4459e49fb12d0091,ALL,imf,meanflow,jax,latent,mpc_delta_t,MPC-delta_t,1.0,1.0,0.0,1.0,0.0,meanflow_descending,pure_prior_noise,zero_fill,,,8,0.125,0.125,0.125,0.125,,540.0,40,0.3,adam,False,,half_sum_squared,sum_squared,none,,,,,,,,method,method,method,not_applicable,not_applicable,not_applicable,26.462165059756074,0.7529041718580679,0.21926905773580074,0.10879559069871902,0.3001127436983593,16.47491116770369,0.20771002175824574,0.09885499144261603,26.12062785631895,27.503961494217513,0.827546941632692,0.10103151760995388,27.503961494217513,513.6614246852696,64.2076780856587,8,1152,1152,1120,1280,1120,1152,1120,0,0,0,0,1280,0,,,,,,,,,,,,0,0,0,0,0.0,,,,,,,,,,,,,,,,,,,,,,,1.0204,6.679,5.6586,"jax_device_memory_stats(peak_bytes_in_use)  [LIFETIME high-water mark: it has no reset API, so it can only over-report this job]",,,,unavailable,2,8,0,3.9101,8.14,42,0,seed=42|model=imf|rep=0,c136b139bc17dfba,3bf57218b76797cc,60a6dc5c91c914cc,source_imagenet_class,8.0,ok,,,2026-09-09T14:21:44.900325
stage2_imf,1bc5aad94720,box_inpainting__mpc_delta_t__c3,box_inpainting__mpc_delta_t__c3,box_inpaint,prob_4459e49fb12d0091,ALL,imf,meanflow,jax,latent,mpc_delta_t,MPC-delta_t,1.0,1.0,0.0,1.0,0.0,meanflow_descending,pure_prior_noise,zero_fill,,,8,0.125,0.125,0.125,0.125,,1000.0,40,0.15,adam,False,,half_sum_squared,sum_squared,none,,,,,,,,method,method,method,not_applicable,not_applicable,not_applicable,26.07831601851202,0.7403680911059849,0.22694555390626192,0.11192057281732559,0.3188012911836203,15.950198479827876,0.1794037804796233,0.10235839836489327,25.81813027884983,27.503961494217513,0.827546941632692,0.10103151760995388,27.503961494217513,537.931748777628,67.2414685972035,8,1152,1152,1120,1280,1120,1152,1120,0,0,0,0,1280,0,,,,,,,,,,,,0,0,0,0,0.0,,,,,,,,,,,,,,,,,,,,,,,1.0204,6.679,5.6586,"jax_device_memory_stats(peak_bytes_in_use)  [LIFETIME high-water mark: it has no reset API, so it can only over-report this job]",,,,unavailable,2,8,0,3.9101,8.14,42,0,seed=42|model=imf|rep=0,c136b139bc17dfba,3bf57218b76797cc,60a6dc5c91c914cc,source_imagenet_class,8.0,ok,,,2026-09-09T14:30:44.808083
stage2_imf,c7bb3831fd36,box_inpainting__mpc_delta_t__c4,box_inpainting__mpc_delta_t__c4,box_inpaint,prob_4459e49fb12d0091,ALL,imf,meanflow,jax,latent,mpc_delta_t,MPC-delta_t,1.0,1.0,0.0,1.0,0.0,meanflow_descending,pure_prior_noise,zero_fill,,,16,0.0625,0.0625,0.0625,0.0625,,1000.0,40,0.3,adam,False,,half_sum_squared,sum_squared,none,,,,,,,,method,method,method,not_applicable,not_applicable,not_applicable,26.339308772783973,0.753575582697501,0.21996755432337523,0.1088922768831253,0.32247315944851507,15.850728460272588,0.18377593242519014,0.09896598384337592,26.110880984497747,27.503961494217513,0.827546941632692,0.10103151760995388,27.503961494217513,1309.04260350205,163.63032543775626,16,2464,2464,2400,2560,2400,2464,2400,0,0,0,0,2560,0,,,,,,,,,,,,0,0,0,0,0.0,,,,,,,,,,,,,,,,,,,,,,,1.0204,6.6914,5.671,"jax_device_memory_stats(peak_bytes_in_use)  [LIFETIME high-water mark: it has no reset API, so it can only over-report this job]",,,,unavailable,2,8,0,9.5129,8.14,42,0,seed=42|model=imf|rep=0,c136b139bc17dfba,3bf57218b76797cc,60a6dc5c91c914cc,source_imagenet_class,8.0,ok,,,2026-09-09T14:52:45.451238
stage2_imf,c7103827ae28,box_inpainting__mpc_delta_t__c5,box_inpainting__mpc_delta_t__c5,box_inpaint,prob_4459e49fb12d0091,ALL,imf,meanflow,jax,latent,mpc_delta_t,MPC-delta_t,1.0,1.0,0.0,1.0,0.0,meanflow_descending,pure_prior_noise,zero_fill,,,8,0.125,0.125,0.125,0.125,,1000.0,80,0.3,adam,False,,half_sum_squared,sum_squared,none,,,,,,,,method,method,method,not_applicable,not_applicable,not_applicable,26.41750083719092,0.7658158133821764,0.2077263779938221,0.10604746639728546,0.32099814413014327,15.890549483024417,0.17238629549827852,0.09583793328632322,26.38985111872366,27.503961494217513,0.827546941632692,0.10103151760995388,27.503961494217513,1427.1936707608402,178.39920884510502,8,2272,2272,2240,2560,2240,2272,2240,0,0,0,0,2560,0,,,,,,,,,,,,0,0,0,0,0.0,,,,,,,,,,,,,,,,,,,,,,,1.0204,6.6914,5.671,"jax_device_memory_stats(peak_bytes_in_use)  [LIFETIME high-water mark: it has no reset API, so it can only over-report this job]",,,,unavailable,2,8,0,3.9101,8.14,42,0,seed=42|model=imf|rep=0,c136b139bc17dfba,3bf57218b76797cc,60a6dc5c91c914cc,source_imagenet_class,8.0,ok,,,2026-09-09T15:16:34.974238
stage2_imf,ec06288105be,box_inpainting__mpc_delta_t__c6,box_inpainting__mpc_delta_t__c6,box_inpaint,prob_4459e49fb12d0091,ALL,imf,meanflow,jax,latent,mpc_delta_t,MPC-delta_t,1.0,1.0,0.0,1.0,0.0,meanflow_descending,pure_prior_noise,zero_fill,,,8,0.125,0.125,0.125,0.125,,2500.0,40,0.3,adam,False,,half_sum_squared,sum_squared,none,,,,,,,,method,method,method,not_applicable,not_applicable,not_applicable,26.173800885272662,0.7566073048646256,0.2213599095121026,0.10798169672489166,0.3243003585975801,15.801651335326541,0.16906642128248373,0.097969235023409,26.198805574371757,27.503961494217513,0.827546941632692,0.10103151760995388,27.503961494217513,718.0819808449596,89.76024760561995,8,1152,1152,1120,1280,1120,1152,1120,0,0,0,0,1280,0,,,,,,,,,,,,0,0,0,0,0.0,,,,,,,,,,,,,,,,,,,,,,,1.0204,6.6914,5.671,"jax_device_memory_stats(peak_bytes_in_use)  [LIFETIME high-water mark: it has no reset API, so it can only over-report this job]",,,,unavailable,2,8,0,3.9101,8.14,42,0,seed=42|model=imf|rep=0,c136b139bc17dfba,3bf57218b76797cc,60a6dc5c91c914cc,source_imagenet_class,8.0,ok,,,2026-09-09T15:28:35.349345
stage2_imf,abe3bb0326f5,box_inpainting__mpc_delta_t__c7,box_inpainting__mpc_delta_t__c7,box_inpaint,prob_4459e49fb12d0091,ALL,imf,meanflow,jax,latent,mpc_delta_t,MPC-delta_t,1.0,1.0,0.0,1.0,0.0,meanflow_descending,pure_prior_noise,zero_fill,,,8,0.125,0.125,0.125,0.125,,1000.0,40,0.55,adam,False,,half_sum_squared,sum_squared,none,,,,,,,,method,method,method,not_applicable,not_applicable,not_applicable,26.67741385334702,0.7620395836571533,0.2178346123546362,0.10693413019180298,0.27493841746918035,17.23589134200885,0.207972159170824,0.09672042577785647,26.31023591954902,27.503961494217513,0.827546941632692,0.10103151760995388,27.503961494217513,670.5780023746192,83.8222502968274,8,1152,1152,1120,1280,1120,1152,1120,0,0,0,0,1280,0,,,,,,,,,,,,0,0,0,0,0.0,,,,,,,,,,,,,,,,,,,,,,,1.0204,6.6914,5.671,"jax_device_memory_stats(peak_bytes_in_use)  [LIFETIME high-water mark: it has no reset API, so it can only over-report this job]",,,,unavailable,2,8,0,3.9101,8.14,42,0,seed=42|model=imf|rep=0,c136b139bc17dfba,3bf57218b76797cc,60a6dc5c91c914cc,source_imagenet_class,8.0,ok,,,2026-09-09T15:39:48.088618
stage2_imf,c6b3b1a32436,box_inpainting__rhso__c1,box_inpainting__rhso__c1,box_inpaint,prob_4459e49fb12d0091,ALL,imf,meanflow,jax,latent,rhso,RHSO,1.0,1.0,0.0,1.0,0.0,meanflow_descending,pure_prior_noise,zero_fill,,,,,0.125,0.125,0.125,,,,0.03,adam,,,half_mean_squared_per_measurement,,,,,,,80,8,0.0,not_applicable,not_applicable,method,not_applicable,not_applicable,method,26.38385618307583,0.7602533973162099,0.21209947299212217,0.10776397585868835,0.2967025570828075,16.574174128690842,0.1377625541121395,0.09773481975112205,26.219613586353585,27.503961494217513,0.827546941632692,0.10103151760995388,27.503961494217513,1040.658194671385,130.08227433392312,8,2592,2592,2560,2560,2560,2592,2560,2560,2560,2560,0,2560,2560,direct,learned_finite_interval_map,,False,False,False,,,,False,,0,0,0,0,0.0,,,,,,,,,,,,,,,,,,,,,,,1.0065,6.6575,5.651,"jax_device_memory_stats(peak_bytes_in_use)  [LIFETIME high-water mark: it has no reset API, so it can only over-report this job]",,,,unavailable,2,8,0,4.293,6.97,42,0,seed=42|model=imf|rep=0,c136b139bc17dfba,3bf57218b76797cc,60a6dc5c91c914cc,source_imagenet_class,8.0,ok,,,2026-09-09T13:43:10.366044
stage2_imf,51399e56810d,box_inpainting__rhso__c2,box_inpainting__rhso__c2,box_inpaint,prob_4459e49fb12d0091,ALL,imf,meanflow,jax,latent,rhso,RHSO,1.0,1.0,0.0,1.0,0.0,meanflow_descending,pure_prior_noise,zero_fill,,,,,0.125,0.125,0.125,,,,0.01,adam,,,half_mean_squared_per_measurement,,,,,,,80,8,0.0,not_applicable,not_applicable,method,not_applicable,not_applicable,method,25.920289049649583,0.7416394984933332,0.23167396895587444,0.11110891401767731,0.3339618320515229,15.546663216365841,0.16212221633697801,0.10150512855943884,25.890840201537152,27.503961494217513,0.827546941632692,0.10103151760995388,27.503961494217513,972.3149359766394,121.53936699707992,8,2592,2592,2560,2560,2560,2592,2560,2560,2560,2560,0,2560,2560,direct,learned_finite_interval_map,,False,False,False,,,,False,,0,0,0,0,0.0,,,,,,,,,,,,,,,,,,,,,,,1.0065,6.6575,5.651,"jax_device_memory_stats(peak_bytes_in_use)  [LIFETIME high-water mark: it has no reset API, so it can only over-report this job]",,,,unavailable,2,8,0,4.293,6.97,42,0,seed=42|model=imf|rep=0,c136b139bc17dfba,3bf57218b76797cc,60a6dc5c91c914cc,source_imagenet_class,8.0,ok,,,2026-09-09T13:59:24.586270
stage2_imf,b9890e3e9b6a,box_inpainting__rhso__c3,box_inpainting__rhso__c3,box_inpaint,prob_4459e49fb12d0091,ALL,imf,meanflow,jax,latent,rhso,RHSO,1.0,1.0,0.0,1.0,0.0,meanflow_descending,pure_prior_noise,zero_fill,,,,,0.25,0.25,0.25,,,,0.1,adam,,,half_mean_squared_per_measurement,,,,,,,40,4,0.0,not_applicable,not_applicable,method,not_applicable,not_applicable,method,25.889724571318887,0.7212448369271504,0.27569014579057693,0.11412588506937027,0.29546428360958027,16.610500115449433,0.16709880928353307,0.1046631228178361,25.624726141759094,27.503961494217513,0.827546941632692,0.10103151760995388,27.503961494217513,204.7344329142943,25.591804114286788,4,656,656,640,640,640,656,640,640,640,640,0,640,640,direct,learned_finite_interval_map,,False,False,False,,,,False,,0,0,0,0,0.0,,,,,,,,,,,,,,,,,,,,,,,1.0065,6.6575,5.651,"jax_device_memory_stats(peak_bytes_in_use)  [LIFETIME high-water mark: it has no reset API, so it can only over-report this job]",,,,unavailable,2,8,0,1.7992,6.97,42,0,seed=42|model=imf|rep=0,c136b139bc17dfba,3bf57218b76797cc,60a6dc5c91c914cc,source_imagenet_class,8.0,ok,,,2026-09-09T14:02:52.719270
stage2_imf,8fb47a0242d7,box_inpainting__rhso__c4,box_inpainting__rhso__c4,box_inpaint,prob_4459e49fb12d0091,ALL,imf,meanflow,jax,latent,rhso,RHSO,1.0,1.0,0.0,1.0,0.0,meanflow_descending,pure_prior_noise,zero_fill,,,,,0.0625,0.0625,0.0625,,,,0.03,adam,,,half_mean_squared_per_measurement,,,,,,,80,16,0.0,not_applicable,not_applicable,method,not_applicable,not_applicable,method,25.780597426973337,0.7680576185307402,0.19690187834203243,0.10584790259599686,0.36990658335584103,14.65875869980377,0.10308384823865545,0.09560749955349343,26.410760710654326,27.503961494217513,0.827546941632692,0.10103151760995388,27.503961494217513,2211.0747318957,276.3843414869625,16,5184,5184,5120,5120,5120,5184,5120,5120,5120,5120,0,5120,5120,direct,learned_finite_interval_map,,False,False,False,,,,False,,0,0,0,0,0.0,,,,,,,,,,,,,,,,,,,,,,,1.0065,6.6575,5.651,"jax_device_memory_stats(peak_bytes_in_use)  [LIFETIME high-water mark: it has no reset API, so it can only over-report this job]",,,,unavailable,2,8,0,5.8837,6.97,42,0,seed=42|model=imf|rep=0,c136b139bc17dfba,3bf57218b76797cc,60a6dc5c91c914cc,source_imagenet_class,8.0,ok,,,2026-09-09T14:39:51.716374
stage2_imf,33324212eac9,box_inpainting__rhso__c5,box_inpainting__rhso__c5,box_inpaint,prob_4459e49fb12d0091,ALL,imf,meanflow,jax,latent,rhso,RHSO,1.0,1.0,0.0,1.0,0.0,meanflow_descending,pure_prior_noise,zero_fill,,,,,0.125,0.125,0.125,,,,0.03,adam,,,half_mean_squared_per_measurement,,,,,,,160,8,0.0,not_applicable,not_applicable,method,not_applicable,not_applicable,method,26.06272532482523,0.7677442326442292,0.1969315316528082,0.10572037845849991,0.36352813565932823,14.809839329393839,0.133120196828226,0.09550839074900863,26.419769362040885,27.503961494217513,0.827546941632692,0.10103151760995388,27.503961494217513,2325.982420648448,290.747802581056,8,5152,5152,5120,5120,5120,5152,5120,5120,5120,5120,0,5120,5120,direct,learned_finite_interval_map,,False,False,False,,,,False,,0,0,0,0,0.0,,,,,,,,,,,,,,,,,,,,,,,1.0065,6.6575,5.651,"jax_device_memory_stats(peak_bytes_in_use)  [LIFETIME high-water mark: it has no reset API, so it can only over-report this job]",,,,unavailable,2,8,0,4.293,6.97,42,0,seed=42|model=imf|rep=0,c136b139bc17dfba,3bf57218b76797cc,60a6dc5c91c914cc,source_imagenet_class,8.0,ok,,,2026-09-09T15:18:39.875415
