run_id,job_id,task,experiment,problem,problem_key,image_id,model,model_family,framework,state_space,method,method_title,t0,beta,canonical_start_time,native_start_time,native_end_time,native_time_mapping,initialization_kind,initialization_guide_mode,steps,solver,num_mpc_steps,delta,delta_nominal_uniform,delta_min,delta_max,K,lam,n_ctrl,lr,optimizer,warm_start,grad_clip,phi_normalization,control_cost_normalization,delta_t_lambda_scaling,num_pnp_steps,gamma0,alpha,noise_samples,num_opt_steps,num_rhso_steps,mu,hyperparameter_source_lam,hyperparameter_source_n_ctrl,hyperparameter_source_lr,hyperparameter_source_gamma0,hyperparameter_source_alpha,hyperparameter_source_mu,psnr,ssim,lpips,measurement_rmse,missing_rmse,missing_psnr,missing_ssim,observed_rmse,observed_psnr,degraded_psnr,degraded_ssim,degraded_lpips,guide_psnr,runtime,runtime_per_image,reconstruction_steps,network_forwards,model_evaluations,planning_model_evaluations,control_iterations,backprops_through_model,expected_model_evaluations,expected_backprops,objective_evaluations,data_gradient_evaluations,optimizer_iterations,denoiser_samples,expected_objective_evaluations,expected_data_gradients,rhso_terminal_mode,rhso_terminal_planner,rhso_consistency_kind,rhso_stage_diagnostics,rhso_consistency_diagnostics,rhso_jacobian_diagnostics,rhso_jacobian_probes,rhso_jacobian_power_iters,rhso_jacobian_seed,rhso_gradient_authority_diagnostics,measurement_noise_group,diagnostic_model_evaluations,diagnostic_network_forwards,diagnostic_jvps,diagnostic_vjps,diagnostic_seconds,stage_count,stage_delta_first,stage_delta_last,stage_delta_per_step_first,stage_delta_per_step_last,stage_theta_first,stage_theta_last,stage_v_pre_first,stage_v_post_last,endpoint_shift_native_relative_mean,endpoint_shift_pixel_rmse_mean,fidelity_shift_execution_mean,next_stage_recovery_mean,jacobian_sigma_max_first,jacobian_sigma_max_last,jacobian_log_anisotropy_first,jacobian_log_anisotropy_last,gradient_aligned_authority_first,gradient_aligned_authority_last,gradient_aligned_authority_mean,endpoint_fidelity_grad_norm_mean,state_fidelity_grad_norm_mean,gpu_baseline_gib,gpu_peak_gib,gpu_incremental_peak_gib,gpu_memory_source,gpu_process_baseline_gib,gpu_process_peak_gib,gpu_process_incremental_peak_gib,gpu_process_memory_source,batch_size,num_images,padded_items,warmup_seconds,model_load_seconds,seed,replicate,generative_noise_id,measurement_id,guide_id,initial_state_fingerprint,conditioning_label,cfg_scale,status,failure,output_dir,timestamp
stage2_sit,bd02c6c9c897,denoising__sdedit__c1,denoising__sdedit__c1,denoising,prob_114badd1eeb1e559,ALL,sit,standard_flow,torch,latent,sdedit,SDEdit,1.0,1.0,0.0,0.0,1.0,flow_ascending,pure_prior_noise,identity,1,heun,,,1.0,1.0,1.0,,,,,,,,,,,,,,,,,,not_applicable,not_applicable,not_applicable,not_applicable,not_applicable,not_applicable,9.717949209897004,0.020162443666234958,0.714312881231308,0.6952038407325745,,,,,,20.460494989421008,0.40600529352712283,0.4711836613714695,20.460494989421008,0.3973021972924471,0.049662774661555886,1,8,4,0,0,0,4,0,0,0,0,0,0,0,,,,,,,,,,,,0,0,0,0,0.0,,,,,,,,,,,,,,,,,,,,,,,1.506,1.7573,0.2514,torch.cuda.max_memory_allocated,,,,unavailable,4,8,0,0.305,9.46,42,0,seed=42|model=sit|rep=0,a5f596e7c82cd3db,2b589d88aa3382a8,c6cafcd1f5835cb6,source_imagenet_class,4.0,ok,,,2026-09-10T08:34:28.925530
stage2_sit,070c4cd2fe38,denoising__sdedit__c2,denoising__sdedit__c2,denoising,prob_114badd1eeb1e559,ALL,sit,standard_flow,torch,latent,sdedit,SDEdit,1.0,1.0,0.0,0.0,1.0,flow_ascending,pure_prior_noise,identity,4,heun,,,0.25,0.25,0.25,,,,,,,,,,,,,,,,,,not_applicable,not_applicable,not_applicable,not_applicable,not_applicable,not_applicable,10.01937453464163,0.021810015388680618,0.726864255964756,0.6847681999206543,,,,,,20.460494989421008,0.40600529352712283,0.4711836613714695,20.460494989421008,4.4975056471303105,0.5621882058912888,4,32,16,0,0,0,16,0,0,0,0,0,0,0,,,,,,,,,,,,0,0,0,0,0.0,,,,,,,,,,,,,,,,,,,,,,,1.506,1.7573,0.2514,torch.cuda.max_memory_allocated,,,,unavailable,4,8,0,2.4697,13.21,42,0,seed=42|model=sit|rep=0,a5f596e7c82cd3db,2b589d88aa3382a8,c6cafcd1f5835cb6,source_imagenet_class,4.0,ok,,,2026-09-09T16:15:21.138492
stage2_sit,a8257a5e4ae9,denoising__sdedit__c3,denoising__sdedit__c3,denoising,prob_114badd1eeb1e559,ALL,sit,standard_flow,torch,latent,sdedit,SDEdit,1.0,1.0,0.0,0.0,1.0,flow_ascending,pure_prior_noise,identity,8,heun,,,0.125,0.125,0.125,,,,,,,,,,,,,,,,,,not_applicable,not_applicable,not_applicable,not_applicable,not_applicable,not_applicable,9.179453839291345,0.015582983017453964,0.7433713898062706,0.7559294104576111,,,,,,20.460494989421008,0.40600529352712283,0.4711836613714695,20.460494989421008,9.003377665765584,1.125422208220698,8,64,32,0,0,0,32,0,0,0,0,0,0,0,,,,,,,,,,,,0,0,0,0,0.0,,,,,,,,,,,,,,,,,,,,,,,1.506,1.7573,0.2514,torch.cuda.max_memory_allocated,,,,unavailable,4,8,0,4.8027,13.21,42,0,seed=42|model=sit|rep=0,a5f596e7c82cd3db,2b589d88aa3382a8,c6cafcd1f5835cb6,source_imagenet_class,4.0,ok,,,2026-09-09T16:15:36.138704
stage2_sit,7efc9ca37469,denoising__pnp__c1,denoising__pnp__c1,denoising,prob_114badd1eeb1e559,ALL,sit,standard_flow,torch,latent,pnp,PnP-Flow,1.0,1.0,0.0,0.0,1.0,flow_ascending,pure_prior_noise,identity,,,,,0.004975124378109453,0.00497512437810943,0.004975124378109541,,,,,,,,half_mean_squared_per_measurement,,,200,100000.0,0.75,1,,,,not_applicable,not_applicable,not_applicable,method,method,not_applicable,24.640482583437958,0.6323744882164675,0.46315598860383034,0.23549377918243408,,,,,,20.460494989421008,0.40600529352712283,0.4711836613714695,20.460494989421008,253.9451356716454,31.743141958955675,200,804,402,0,0,0,402,0,400,400,0,402,400,400,,,,,,,,,,,,0,0,0,0,0.0,,,,,,,,,,,,,,,,,,,,,,,1.506,4.6308,3.1249,torch.cuda.max_memory_allocated,,,,unavailable,4,8,0,127.1147,10.25,42,0,seed=42|model=sit|rep=0,a5f596e7c82cd3db,2b589d88aa3382a8,c6cafcd1f5835cb6,source_imagenet_class,4.0,ok,,,2026-09-09T13:25:35.363706
stage2_sit,56edf3484d88,denoising__pnp__c2,denoising__pnp__c2,denoising,prob_114badd1eeb1e559,ALL,sit,standard_flow,torch,latent,pnp,PnP-Flow,1.0,1.0,0.0,0.0,1.0,flow_ascending,pure_prior_noise,identity,,,,,0.004975124378109453,0.00497512437810943,0.004975124378109541,,,,,,,,half_mean_squared_per_measurement,,,200,100000.0,0.5,1,,,,not_applicable,not_applicable,not_applicable,method,method,not_applicable,24.41680648486951,0.6368990504352827,0.46212873607873917,0.23742052912712097,,,,,,20.460494989421008,0.40600529352712283,0.4711836613714695,20.460494989421008,253.69696234166622,31.712120292708278,200,804,402,0,0,0,402,0,400,400,0,402,400,400,,,,,,,,,,,,0,0,0,0,0.0,,,,,,,,,,,,,,,,,,,,,,,1.506,4.6308,3.1249,torch.cuda.max_memory_allocated,,,,unavailable,4,8,0,127.1147,10.25,42,0,seed=42|model=sit|rep=0,a5f596e7c82cd3db,2b589d88aa3382a8,c6cafcd1f5835cb6,source_imagenet_class,4.0,ok,,,2026-09-09T13:29:50.265539
stage2_sit,37cde41c4065,denoising__pnp__c3,denoising__pnp__c3,denoising,prob_114badd1eeb1e559,ALL,sit,standard_flow,torch,latent,pnp,PnP-Flow,1.0,1.0,0.0,0.0,1.0,flow_ascending,pure_prior_noise,identity,,,,,0.004975124378109453,0.00497512437810943,0.004975124378109541,,,,,,,,half_mean_squared_per_measurement,,,200,200000.0,0.75,1,,,,not_applicable,not_applicable,not_applicable,method,method,not_applicable,24.415278157227768,0.637569535381105,0.46925389766693115,0.23750349879264832,,,,,,20.460494989421008,0.40600529352712283,0.4711836613714695,20.460494989421008,253.7166244480759,31.714578056009486,200,804,402,0,0,0,402,0,400,400,0,402,400,400,,,,,,,,,,,,0,0,0,0,0.0,,,,,,,,,,,,,,,,,,,,,,,1.506,4.6308,3.1249,torch.cuda.max_memory_allocated,,,,unavailable,4,8,0,127.1147,10.25,42,0,seed=42|model=sit|rep=0,a5f596e7c82cd3db,2b589d88aa3382a8,c6cafcd1f5835cb6,source_imagenet_class,4.0,ok,,,2026-09-09T13:34:05.264855
stage2_sit,4b2268576b41,denoising__pnp__c4,denoising__pnp__c4,denoising,prob_114badd1eeb1e559,ALL,sit,standard_flow,torch,latent,pnp,PnP-Flow,1.0,1.0,0.0,0.0,1.0,flow_ascending,pure_prior_noise,identity,,,,,0.0023584905660377358,0.002358490566037652,0.002358490566037763,,,,,,,,half_mean_squared_per_measurement,,,423,100000.0,0.75,1,,,,not_applicable,not_applicable,not_applicable,method,method,not_applicable,25.13505349291769,0.6589727147554233,0.4175889454782009,0.23156242072582245,,,,,,20.460494989421008,0.40600529352712283,0.4711836613714695,20.460494989421008,537.3307950906456,67.1663493863307,423,1696,848,0,0,0,848,0,846,846,0,848,846,846,,,,,,,,,,,,0,0,0,0,0.0,,,,,,,,,,,,,,,,,,,,,,,1.506,4.6308,3.1249,torch.cuda.max_memory_allocated,,,,unavailable,4,8,0,268.5515,10.25,42,0,seed=42|model=sit|rep=0,a5f596e7c82cd3db,2b589d88aa3382a8,c6cafcd1f5835cb6,source_imagenet_class,4.0,ok,,,2026-09-09T13:47:32.443681
stage2_sit,36fbd6912171,denoising__dflow__c1,denoising__dflow__c1,denoising,prob_114badd1eeb1e559,ALL,sit,standard_flow,torch,latent,dflow,D-Flow,1.0,1.0,0.0,0.0,1.0,flow_ascending,pure_prior_noise,identity,1,euler,,,1.0,1.0,1.0,,,,0.3,adam,,,half_mean_squared_per_measurement,,,,,,,640,,,not_applicable,not_applicable,method,not_applicable,not_applicable,not_applicable,24.427115984076174,0.611087948701299,0.3067856412380934,0.23501898348331451,,,,,,20.460494989421008,0.40600529352712283,0.4711836613714695,20.460494989421008,1121.2564912047237,140.15706140059046,1,2564,1282,1280,1280,1280,1282,1280,1280,1280,1280,0,1282,1280,,,,,,,,,,,,0,0,0,0,0.0,,,,,,,,,,,,,,,,,,,,,,,1.506,7.0109,5.5049,torch.cuda.max_memory_allocated,,,,unavailable,4,8,0,1.3634,11.05,42,0,seed=42|model=sit|rep=0,a5f596e7c82cd3db,2b589d88aa3382a8,c6cafcd1f5835cb6,source_imagenet_class,4.0,ok,,,2026-09-09T13:33:59.167070
stage2_sit,2e99d58dc262,denoising__dflow__c2,denoising__dflow__c2,denoising,prob_114badd1eeb1e559,ALL,sit,standard_flow,torch,latent,dflow,D-Flow,1.0,1.0,0.0,0.0,1.0,flow_ascending,pure_prior_noise,identity,1,euler,,,1.0,1.0,1.0,,,,0.1,adam,,,half_mean_squared_per_measurement,,,,,,,640,,,not_applicable,not_applicable,method,not_applicable,not_applicable,not_applicable,24.252490437264356,0.5970395609108976,0.33198531344532967,0.23607338964939117,,,,,,20.460494989421008,0.40600529352712283,0.4711836613714695,20.460494989421008,1035.3966776551679,129.42458470689598,1,2564,1282,1280,1280,1280,1282,1280,1280,1280,1280,0,1282,1280,,,,,,,,,,,,0,0,0,0,0.0,,,,,,,,,,,,,,,,,,,,,,,1.506,7.0109,5.5049,torch.cuda.max_memory_allocated,,,,unavailable,4,8,0,1.3634,11.05,42,0,seed=42|model=sit|rep=0,a5f596e7c82cd3db,2b589d88aa3382a8,c6cafcd1f5835cb6,source_imagenet_class,4.0,ok,,,2026-09-09T13:51:15.815158
stage2_sit,885aedc3961d,denoising__dflow__c3,denoising__dflow__c3,denoising,prob_114badd1eeb1e559,ALL,sit,standard_flow,torch,latent,dflow,D-Flow,1.0,1.0,0.0,0.0,1.0,flow_ascending,pure_prior_noise,identity,1,euler,,,1.0,1.0,1.0,,,,0.3,adam,,,half_mean_squared_per_measurement,,,,,,,320,,,not_applicable,not_applicable,method,not_applicable,not_applicable,not_applicable,24.010804413487477,0.5828471243971265,0.3429107144474983,0.2392549216747284,,,,,,20.460494989421008,0.40600529352712283,0.4711836613714695,20.460494989421008,466.2844196520746,58.28555245650932,1,1284,642,640,640,640,642,640,640,640,640,0,642,640,,,,,,,,,,,,0,0,0,0,0.0,,,,,,,,,,,,,,,,,,,,,,,1.506,7.0109,5.5049,torch.cuda.max_memory_allocated,,,,unavailable,4,8,0,1.3634,11.05,42,0,seed=42|model=sit|rep=0,a5f596e7c82cd3db,2b589d88aa3382a8,c6cafcd1f5835cb6,source_imagenet_class,4.0,ok,,,2026-09-09T13:59:03.253673
stage2_sit,4290da4f8c93,denoising__dflow__c4,denoising__dflow__c4,denoising,prob_114badd1eeb1e559,ALL,sit,standard_flow,torch,latent,dflow,D-Flow,1.0,1.0,0.0,0.0,1.0,flow_ascending,pure_prior_noise,identity,1,euler,,,1.0,1.0,1.0,,,,0.3,adam,,,half_mean_squared_per_measurement,,,,,,,1280,,,not_applicable,not_applicable,method,not_applicable,not_applicable,not_applicable,24.853975470971594,0.6370922925051574,0.27508231811225414,0.23186050355434418,,,,,,20.460494989421008,0.40600529352712283,0.4711836613714695,20.460494989421008,1799.879157285206,224.98489466065075,1,5124,2562,2560,2560,2560,2562,2560,2560,2560,2560,0,2562,2560,,,,,,,,,,,,0,0,0,0,0.0,,,,,,,,,,,,,,,,,,,,,,,1.506,7.0109,5.5049,torch.cuda.max_memory_allocated,,,,unavailable,4,8,0,1.3634,11.05,42,0,seed=42|model=sit|rep=0,a5f596e7c82cd3db,2b589d88aa3382a8,c6cafcd1f5835cb6,source_imagenet_class,4.0,ok,,,2026-09-09T14:29:04.303652
stage2_sit,be3ffb835c77,denoising__dflow__c5,denoising__dflow__c5,denoising,prob_114badd1eeb1e559,ALL,sit,standard_flow,torch,latent,dflow,D-Flow,1.0,1.0,0.0,0.0,1.0,flow_ascending,pure_prior_noise,identity,1,euler,,,1.0,1.0,1.0,,,,0.95,adam,,,half_mean_squared_per_measurement,,,,,,,640,,,not_applicable,not_applicable,method,not_applicable,not_applicable,not_applicable,20.860283876344383,0.41996854950631757,0.6225900948047638,0.28078821301460266,,,,,,20.460494989421008,0.40600529352712283,0.4711836613714695,20.460494989421008,929.6207742160186,116.20259677700233,1,2564,1282,1280,1280,1280,1282,1280,1280,1280,1280,0,1282,1280,,,,,,,,,,,,0,0,0,0,0.0,,,,,,,,,,,,,,,,,,,,,,,1.506,7.0109,5.5049,torch.cuda.max_memory_allocated,,,,unavailable,4,8,0,1.3634,11.05,42,0,seed=42|model=sit|rep=0,a5f596e7c82cd3db,2b589d88aa3382a8,c6cafcd1f5835cb6,source_imagenet_class,4.0,ok,,,2026-09-09T14:44:35.269839
stage2_sit,3a3f8041d7a5,denoising__mpc_rhc__c1,denoising__mpc_rhc__c1,denoising,prob_114badd1eeb1e559,ALL,sit,standard_flow,torch,latent,mpc_rhc,MPC-RHC (K=1),1.0,1.0,0.0,0.0,1.0,flow_ascending,pure_prior_noise,identity,,,4,0.25,0.25,0.25,0.25,1,5.0,40,0.2,adam,False,,half_sum_squared,sum_squared,,,,,,,,,method,method,method,not_applicable,not_applicable,not_applicable,25.742837181324006,0.680184989806178,0.2562602777034044,0.22639678418636322,,,,,,20.460494989421008,0.40600529352712283,0.4711836613714695,20.460494989421008,89.50903519615531,11.188629399519414,4,16,8,0,320,0,8,0,0,0,0,0,320,0,,,,,,,,,,,,0,0,0,0,0.0,,,,,,,,,,,,,,,,,,,,,,,1.506,4.629,3.123,torch.cuda.max_memory_allocated,,,,unavailable,4,8,0,2.1891,11.05,42,0,seed=42|model=sit|rep=0,a5f596e7c82cd3db,2b589d88aa3382a8,c6cafcd1f5835cb6,source_imagenet_class,4.0,ok,,,2026-09-09T15:39:32.543324
stage2_sit,49a4b520e098,denoising__mpc_rhc__c2,denoising__mpc_rhc__c2,denoising,prob_114badd1eeb1e559,ALL,sit,standard_flow,torch,latent,mpc_rhc,MPC-RHC (K=1),1.0,1.0,0.0,0.0,1.0,flow_ascending,pure_prior_noise,identity,,,4,0.25,0.25,0.25,0.25,1,15.0,40,0.2,adam,False,,half_sum_squared,sum_squared,,,,,,,,,method,method,method,not_applicable,not_applicable,not_applicable,26.018426012423753,0.699302471844419,0.25752769876271486,0.22514720261096954,,,,,,20.460494989421008,0.40600529352712283,0.4711836613714695,20.460494989421008,89.60120888706297,11.20015111088287,4,16,8,0,320,0,8,0,0,0,0,0,320,0,,,,,,,,,,,,0,0,0,0,0.0,,,,,,,,,,,,,,,,,,,,,,,1.506,4.629,3.123,torch.cuda.max_memory_allocated,,,,unavailable,4,8,0,2.1891,11.05,42,0,seed=42|model=sit|rep=0,a5f596e7c82cd3db,2b589d88aa3382a8,c6cafcd1f5835cb6,source_imagenet_class,4.0,ok,,,2026-09-09T15:41:03.197789
stage2_sit,d151e9b25533,denoising__mpc_rhc__c3,denoising__mpc_rhc__c3,denoising,prob_114badd1eeb1e559,ALL,sit,standard_flow,torch,latent,mpc_rhc,MPC-RHC (K=1),1.0,1.0,0.0,0.0,1.0,flow_ascending,pure_prior_noise,identity,,,4,0.25,0.25,0.25,0.25,1,240.0,40,0.2,adam,False,,half_sum_squared,sum_squared,,,,,,,,,method,method,method,not_applicable,not_applicable,not_applicable,26.06496029385479,0.7039714007322897,0.26643417961895466,0.22471924126148224,,,,,,20.460494989421008,0.40600529352712283,0.4711836613714695,20.460494989421008,89.56623672042042,11.195779590052553,4,16,8,0,320,0,8,0,0,0,0,0,320,0,,,,,,,,,,,,0,0,0,0,0.0,,,,,,,,,,,,,,,,,,,,,,,1.506,4.629,3.123,torch.cuda.max_memory_allocated,,,,unavailable,4,8,0,2.1891,11.05,42,0,seed=42|model=sit|rep=0,a5f596e7c82cd3db,2b589d88aa3382a8,c6cafcd1f5835cb6,source_imagenet_class,4.0,ok,,,2026-09-09T15:42:34.000841
stage2_sit,c4e61611b705,denoising__mpc_rhc__c4,denoising__mpc_rhc__c4,denoising,prob_114badd1eeb1e559,ALL,sit,standard_flow,torch,latent,mpc_rhc,MPC-RHC (K=1),1.0,1.0,0.0,0.0,1.0,flow_ascending,pure_prior_noise,identity,,,4,0.25,0.25,0.25,0.25,1,2.2,40,0.2,adam,False,,half_sum_squared,sum_squared,,,,,,,,,method,method,method,not_applicable,not_applicable,not_applicable,25.133704341532464,0.6393176253001582,0.2831749450415373,0.2295650988817215,,,,,,20.460494989421008,0.40600529352712283,0.4711836613714695,20.460494989421008,113.90747014060616,14.23843376757577,4,16,8,0,320,0,8,0,0,0,0,0,320,0,,,,,,,,,,,,0,0,0,0,0.0,,,,,,,,,,,,,,,,,,,,,,,1.506,4.6285,3.1225,torch.cuda.max_memory_allocated,,,,unavailable,4,8,0,2.7446,10.25,42,0,seed=42|model=sit|rep=0,a5f596e7c82cd3db,2b589d88aa3382a8,c6cafcd1f5835cb6,source_imagenet_class,4.0,ok,,,2026-09-09T13:17:17.528134
stage2_sit,114fe19abfdc,denoising__mpc_rhc__c5,denoising__mpc_rhc__c5,denoising,prob_114badd1eeb1e559,ALL,sit,standard_flow,torch,latent,mpc_rhc,MPC-RHC (K=1),1.0,1.0,0.0,0.0,1.0,flow_ascending,pure_prior_noise,identity,,,4,0.25,0.25,0.25,0.25,1,5.0,40,0.43,adam,False,,half_sum_squared,sum_squared,,,,,,,,,method,method,method,not_applicable,not_applicable,not_applicable,26.081649724754474,0.69784289052142,0.2515050917863846,0.22426775097846985,,,,,,20.460494989421008,0.40600529352712283,0.4711836613714695,20.460494989421008,114.17833064403385,14.272291330504231,4,16,8,0,320,0,8,0,0,0,0,0,320,0,,,,,,,,,,,,0,0,0,0,0.0,,,,,,,,,,,,,,,,,,,,,,,1.506,4.629,3.123,torch.cuda.max_memory_allocated,,,,unavailable,4,8,0,2.7446,10.25,42,0,seed=42|model=sit|rep=0,a5f596e7c82cd3db,2b589d88aa3382a8,c6cafcd1f5835cb6,source_imagenet_class,4.0,ok,,,2026-09-09T13:19:13.049642
stage2_sit,0f9a7442038e,denoising__mpc_delta_t__c1,denoising__mpc_delta_t__c1,denoising,prob_114badd1eeb1e559,ALL,sit,standard_flow,torch,latent,mpc_delta_t,MPC-delta_t,1.0,1.0,0.0,0.0,1.0,flow_ascending,pure_prior_noise,identity,,,8,0.125,0.125,0.125,0.125,,180.0,40,0.3,adam,False,,half_sum_squared,sum_squared,none,,,,,,,,method,method,method,not_applicable,not_applicable,not_applicable,26.046234158070554,0.6999007375832036,0.21035275608301163,0.2234436571598053,,,,,,20.460494989421008,0.40600529352712283,0.4711836613714695,20.460494989421008,423.74649243894964,52.968311554868706,8,1152,576,560,640,560,576,560,0,0,0,0,640,0,,,,,,,,,,,,0,0,0,0,0.0,,,,,,,,,,,,,,,,,,,,,,,1.506,7.0095,5.5035,torch.cuda.max_memory_allocated,,,,unavailable,4,8,0,7.2046,11.05,42,0,seed=42|model=sit|rep=0,a5f596e7c82cd3db,2b589d88aa3382a8,c6cafcd1f5835cb6,source_imagenet_class,4.0,ok,,,2026-09-09T14:51:47.396116
stage2_sit,5117aa07b766,denoising__mpc_delta_t__c2,denoising__mpc_delta_t__c2,denoising,prob_114badd1eeb1e559,ALL,sit,standard_flow,torch,latent,mpc_delta_t,MPC-delta_t,1.0,1.0,0.0,0.0,1.0,flow_ascending,pure_prior_noise,identity,,,4,0.25,0.25,0.25,0.25,,180.0,40,0.3,adam,False,,half_sum_squared,sum_squared,none,,,,,,,,method,method,method,not_applicable,not_applicable,not_applicable,26.182045007413052,0.7079281292114643,0.22186753153800964,0.2230633795261383,,,,,,20.460494989421008,0.40600529352712283,0.4711836613714695,20.460494989421008,194.6396335233003,24.329954190412536,4,496,248,240,320,240,248,240,0,0,0,0,320,0,,,,,,,,,,,,0,0,0,0,0.0,,,,,,,,,,,,,,,,,,,,,,,1.506,7.0095,5.5035,torch.cuda.max_memory_allocated,,,,unavailable,4,8,0,3.4729,11.05,42,0,seed=42|model=sit|rep=0,a5f596e7c82cd3db,2b589d88aa3382a8,c6cafcd1f5835cb6,source_imagenet_class,4.0,ok,,,2026-09-09T14:55:06.694300
stage2_sit,2eae9508ec5f,denoising__mpc_delta_t__c3,denoising__mpc_delta_t__c3,denoising,prob_114badd1eeb1e559,ALL,sit,standard_flow,torch,latent,mpc_delta_t,MPC-delta_t,1.0,1.0,0.0,0.0,1.0,flow_ascending,pure_prior_noise,identity,,,8,0.125,0.125,0.125,0.125,,540.0,40,0.3,adam,False,,half_sum_squared,sum_squared,none,,,,,,,,method,method,method,not_applicable,not_applicable,not_applicable,26.187808694991467,0.7055569927881263,0.21261316537857056,0.22258350253105164,,,,,,20.460494989421008,0.40600529352712283,0.4711836613714695,20.460494989421008,424.8393988162279,53.10492485202849,8,1152,576,560,640,560,576,560,0,0,0,0,640,0,,,,,,,,,,,,0,0,0,0,0.0,,,,,,,,,,,,,,,,,,,,,,,1.506,7.0095,5.5035,torch.cuda.max_memory_allocated,,,,unavailable,4,8,0,7.2046,11.05,42,0,seed=42|model=sit|rep=0,a5f596e7c82cd3db,2b589d88aa3382a8,c6cafcd1f5835cb6,source_imagenet_class,4.0,ok,,,2026-09-09T15:02:12.678062
stage2_sit,7fbee81f3e4c,denoising__mpc_delta_t__c4,denoising__mpc_delta_t__c4,denoising,prob_114badd1eeb1e559,ALL,sit,standard_flow,torch,latent,mpc_delta_t,MPC-delta_t,1.0,1.0,0.0,0.0,1.0,flow_ascending,pure_prior_noise,identity,,,16,0.0625,0.0625,0.0625,0.0625,,180.0,40,0.3,adam,False,,half_sum_squared,sum_squared,none,,,,,,,,method,method,method,not_applicable,not_applicable,not_applicable,25.800097847401517,0.6836215655916991,0.23080387525260448,0.2250574678182602,,,,,,20.460494989421008,0.40600529352712283,0.4711836613714695,20.460494989421008,873.1632008189335,109.1454001023667,16,2464,1232,1200,1280,1200,1232,1200,0,0,0,0,1280,0,,,,,,,,,,,,0,0,0,0,0.0,,,,,,,,,,,,,,,,,,,,,,,1.506,7.0095,5.5035,torch.cuda.max_memory_allocated,,,,unavailable,4,8,0,14.465,11.05,42,0,seed=42|model=sit|rep=0,a5f596e7c82cd3db,2b589d88aa3382a8,c6cafcd1f5835cb6,source_imagenet_class,4.0,ok,,,2026-09-09T15:17:01.524758
stage2_sit,e16cde043cc4,denoising__mpc_delta_t__c5,denoising__mpc_delta_t__c5,denoising,prob_114badd1eeb1e559,ALL,sit,standard_flow,torch,latent,mpc_delta_t,MPC-delta_t,1.0,1.0,0.0,0.0,1.0,flow_ascending,pure_prior_noise,identity,,,8,0.125,0.125,0.125,0.125,,180.0,80,0.3,adam,False,,half_sum_squared,sum_squared,none,,,,,,,,method,method,method,not_applicable,not_applicable,not_applicable,26.2157360748786,0.7054665455073308,0.20393104758113623,0.22177912294864655,,,,,,20.460494989421008,0.40600529352712283,0.4711836613714695,20.460494989421008,836.3015204844996,104.53769006056245,8,2272,1136,1120,1280,1120,1136,1120,0,0,0,0,1280,0,,,,,,,,,,,,0,0,0,0,0.0,,,,,,,,,,,,,,,,,,,,,,,1.506,7.0095,5.5035,torch.cuda.max_memory_allocated,,,,unavailable,4,8,0,7.2046,11.05,42,0,seed=42|model=sit|rep=0,a5f596e7c82cd3db,2b589d88aa3382a8,c6cafcd1f5835cb6,source_imagenet_class,4.0,ok,,,2026-09-09T15:30:59.107362
stage2_sit,5cd5570a8f6b,denoising__mpc_delta_t__c6,denoising__mpc_delta_t__c6,denoising,prob_114badd1eeb1e559,ALL,sit,standard_flow,torch,latent,mpc_delta_t,MPC-delta_t,1.0,1.0,0.0,0.0,1.0,flow_ascending,pure_prior_noise,identity,,,8,0.125,0.125,0.125,0.125,,180.0,40,0.55,adam,False,,half_sum_squared,sum_squared,none,,,,,,,,method,method,method,not_applicable,not_applicable,not_applicable,26.27682019517765,0.7085758682316929,0.21193161886185408,0.2219182550907135,,,,,,20.460494989421008,0.40600529352712283,0.4711836613714695,20.460494989421008,419.3383246092126,52.41729057615157,8,1152,576,560,640,560,576,560,0,0,0,0,640,0,,,,,,,,,,,,0,0,0,0,0.0,,,,,,,,,,,,,,,,,,,,,,,1.506,7.0095,5.5035,torch.cuda.max_memory_allocated,,,,unavailable,4,8,0,7.2046,11.05,42,0,seed=42|model=sit|rep=0,a5f596e7c82cd3db,2b589d88aa3382a8,c6cafcd1f5835cb6,source_imagenet_class,4.0,ok,,,2026-09-09T15:37:59.645038
stage2_sit,9f3639536339,denoising__rhso__c1,denoising__rhso__c1,denoising,prob_114badd1eeb1e559,ALL,sit,standard_flow,torch,latent,rhso,RHSO,1.0,1.0,0.0,0.0,1.0,flow_ascending,pure_prior_noise,identity,,heun,,,0.125,0.125,0.125,,,,0.03,adam,,,half_mean_squared_per_measurement,,,,,,,80,8,0.0,not_applicable,not_applicable,method,not_applicable,not_applicable,method,26.209093100103374,0.7034243873685199,0.22868538554757833,0.22183522582054138,,,,,,20.460494989421008,0.40600529352712283,0.4711836613714695,20.460494989421008,10974.275527675636,1371.7844409594545,8,92416,46208,46080,5120,46080,46208,46080,5120,5120,5120,0,5120,5120,suffix,suffix_integration,,False,False,False,,,,False,,0,0,0,0,0.0,,,,,,,,,,,,,,,,,,,,,,,1.5059,12.093,10.5871,torch.cuda.max_memory_allocated,,,,unavailable,1,8,0,12.479,9.46,42,0,seed=42|model=sit|rep=0,a5f596e7c82cd3db,2b589d88aa3382a8,43eb9ce8d5118c51,source_imagenet_class,4.0,ok,,,2026-09-09T21:01:06.806452
stage2_sit,f41d7f70e5d3,denoising__rhso__c2,denoising__rhso__c2,denoising,prob_114badd1eeb1e559,ALL,sit,standard_flow,torch,latent,rhso,RHSO,1.0,1.0,0.0,0.0,1.0,flow_ascending,pure_prior_noise,identity,,heun,,,0.125,0.125,0.125,,,,0.01,adam,,,half_mean_squared_per_measurement,,,,,,,80,8,0.0,not_applicable,not_applicable,method,not_applicable,not_applicable,method,25.85787024035653,0.6853237413327891,0.2369747767224908,0.22511613368988037,,,,,,20.460494989421008,0.40600529352712283,0.4711836613714695,20.460494989421008,6588.322253832594,823.5402817290742,8,92416,46208,46080,5120,46080,46208,46080,5120,5120,5120,0,5120,5120,suffix,suffix_integration,,False,False,False,,,,False,,0,0,0,0,0.0,,,,,,,,,,,,,,,,,,,,,,,1.5059,12.0396,10.5337,torch.cuda.max_memory_allocated,,,,unavailable,1,8,0,12.479,9.46,42,0,seed=42|model=sit|rep=0,a5f596e7c82cd3db,2b589d88aa3382a8,43eb9ce8d5118c51,source_imagenet_class,4.0,ok,,,2026-09-09T22:50:56.407793
stage2_sit,050e65164954,denoising__rhso__c3,denoising__rhso__c3,denoising,prob_114badd1eeb1e559,ALL,sit,standard_flow,torch,latent,rhso,RHSO,1.0,1.0,0.0,0.0,1.0,flow_ascending,pure_prior_noise,identity,,heun,,,0.125,0.125,0.125,,,,0.03,adam,,,half_mean_squared_per_measurement,,,,,,,20,8,0.0,not_applicable,not_applicable,method,not_applicable,not_applicable,method,25.596495443070108,0.6858347669604352,0.2662642914801836,0.227874755859375,,,,,,20.460494989421008,0.40600529352712283,0.4711836613714695,20.460494989421008,1283.6251609409228,160.45314511761535,8,23296,11648,11520,1280,11520,11648,11520,1280,1280,1280,0,1280,1280,suffix,suffix_integration,,False,False,False,,,,False,,0,0,0,0,0.0,,,,,,,,,,,,,,,,,,,,,,,1.5059,12.0396,10.5337,torch.cuda.max_memory_allocated,,,,unavailable,1,8,0,12.479,9.46,42,0,seed=42|model=sit|rep=0,a5f596e7c82cd3db,2b589d88aa3382a8,43eb9ce8d5118c51,source_imagenet_class,4.0,ok,,,2026-09-09T23:12:21.143854
stage2_sit,751d7c95bd4d,denoising__rhso__c4,denoising__rhso__c4,denoising,prob_114badd1eeb1e559,ALL,sit,standard_flow,torch,latent,rhso,RHSO,1.0,1.0,0.0,0.0,1.0,flow_ascending,pure_prior_noise,identity,,heun,,,0.0625,0.0625,0.0625,,,,0.03,adam,,,half_mean_squared_per_measurement,,,,,,,80,16,0.0,not_applicable,not_applicable,method,not_applicable,not_applicable,method,26.284207141137838,0.6998152692980776,0.21633040346205235,0.22024986147880554,,,,,,20.460494989421008,0.40600529352712283,0.4711836613714695,20.460494989421008,23159.49786028173,2894.937232535216,16,348672,174336,174080,10240,174080,174336,174080,10240,10240,10240,0,10240,10240,suffix,suffix_integration,,False,False,False,,,,False,,0,0,0,0,0.0,,,,,,,,,,,,,,,,,,,,,,,1.5059,21.8111,20.3051,torch.cuda.max_memory_allocated,,,,unavailable,1,8,0,33.0494,9.46,42,0,seed=42|model=sit|rep=0,a5f596e7c82cd3db,2b589d88aa3382a8,43eb9ce8d5118c51,source_imagenet_class,4.0,ok,,,2026-09-10T05:38:54.970837
stage2_sit,14601e2168e8,denoising__rhso__c5,denoising__rhso__c5,denoising,prob_114badd1eeb1e559,ALL,sit,standard_flow,torch,latent,rhso,RHSO,1.0,1.0,0.0,0.0,1.0,flow_ascending,pure_prior_noise,identity,,heun,,,0.125,0.125,0.125,,,,0.03,adam,,,half_mean_squared_per_measurement,,,,,,,160,8,0.0,not_applicable,not_applicable,method,not_applicable,not_applicable,method,26.29069752286131,0.7029845531876514,0.21256676502525806,0.22058191895484924,,,,,,20.460494989421008,0.40600529352712283,0.4711836613714695,20.460494989421008,10531.015078202821,1316.3768847753527,8,184576,92288,92160,10240,92160,92288,92160,10240,10240,10240,0,10240,10240,suffix,suffix_integration,,False,False,False,,,,False,,0,0,0,0,0.0,,,,,,,,,,,,,,,,,,,,,,,1.5059,12.0396,10.5337,torch.cuda.max_memory_allocated,,,,unavailable,1,8,0,12.479,9.46,42,0,seed=42|model=sit|rep=0,a5f596e7c82cd3db,2b589d88aa3382a8,43eb9ce8d5118c51,source_imagenet_class,4.0,ok,,,2026-09-10T08:34:27.228141
stage2_sit,8689ca9fe463,deblurring__sdedit__c1,deblurring__sdedit__c1,deblur,prob_c2be85f48d232774,ALL,sit,standard_flow,torch,latent,sdedit,SDEdit,1.0,1.0,0.0,0.0,1.0,flow_ascending,pure_prior_noise,observed,1,heun,,,1.0,1.0,1.0,,,,,,,,,,,,,,,,,,not_applicable,not_applicable,not_applicable,not_applicable,not_applicable,not_applicable,9.717949209897004,0.020162443666234958,0.714312881231308,0.6269137263298035,,,,,,25.744277773445766,0.7043333030752865,0.2709390092641115,25.744277773445766,0.8181237438693643,0.10226546798367053,1,8,4,0,0,0,4,0,0,0,0,0,0,0,,,,,,,,,,,,0,0,0,0,0.0,,,,,,,,,,,,,,,,,,,,,,,1.506,1.7573,0.2514,torch.cuda.max_memory_allocated,,,,unavailable,4,8,0,0.5266,11.05,42,0,seed=42|model=sit|rep=0,6a0500184c85cbcc,a6d7ea78ad4437af,c6cafcd1f5835cb6,source_imagenet_class,4.0,ok,,,2026-09-09T13:14:55.185579
stage2_sit,2d9315603e3d,deblurring__sdedit__c2,deblurring__sdedit__c2,deblur,prob_c2be85f48d232774,ALL,sit,standard_flow,torch,latent,sdedit,SDEdit,1.0,1.0,0.0,0.0,1.0,flow_ascending,pure_prior_noise,observed,4,heun,,,0.25,0.25,0.25,,,,,,,,,,,,,,,,,,not_applicable,not_applicable,not_applicable,not_applicable,not_applicable,not_applicable,10.01937453464163,0.021810015388680618,0.726864255964756,0.6294715404510498,,,,,,25.744277773445766,0.7043333030752865,0.2709390092641115,25.744277773445766,3.914441400207579,0.4893051750259474,4,32,16,0,0,0,16,0,0,0,0,0,0,0,,,,,,,,,,,,0,0,0,0,0.0,,,,,,,,,,,,,,,,,,,,,,,1.506,1.7573,0.2514,torch.cuda.max_memory_allocated,,,,unavailable,4,8,0,2.0693,11.05,42,0,seed=42|model=sit|rep=0,6a0500184c85cbcc,a6d7ea78ad4437af,c6cafcd1f5835cb6,source_imagenet_class,4.0,ok,,,2026-09-09T13:15:02.222005
stage2_sit,14c9f0689e91,deblurring__sdedit__c3,deblurring__sdedit__c3,deblur,prob_c2be85f48d232774,ALL,sit,standard_flow,torch,latent,sdedit,SDEdit,1.0,1.0,0.0,0.0,1.0,flow_ascending,pure_prior_noise,observed,8,heun,,,0.125,0.125,0.125,,,,,,,,,,,,,,,,,,not_applicable,not_applicable,not_applicable,not_applicable,not_applicable,not_applicable,9.179453839291345,0.015582983017453964,0.7433713898062706,0.7059620022773743,,,,,,25.744277773445766,0.7043333030752865,0.2709390092641115,25.744277773445766,7.9491881569847465,0.9936485196230933,8,64,32,0,0,0,32,0,0,0,0,0,0,0,,,,,,,,,,,,0,0,0,0,0.0,,,,,,,,,,,,,,,,,,,,,,,1.506,1.7573,0.2514,torch.cuda.max_memory_allocated,,,,unavailable,4,8,0,4.2162,11.05,42,0,seed=42|model=sit|rep=0,6a0500184c85cbcc,a6d7ea78ad4437af,c6cafcd1f5835cb6,source_imagenet_class,4.0,ok,,,2026-09-09T13:15:15.419896
stage2_sit,3e9124cbea4f,deblurring__pnp__c1,deblurring__pnp__c1,deblur,prob_c2be85f48d232774,ALL,sit,standard_flow,torch,latent,pnp,PnP-Flow,1.0,1.0,0.0,0.0,1.0,flow_ascending,pure_prior_noise,observed,,,,,0.004975124378109453,0.00497512437810943,0.004975124378109541,,,,,,,,half_mean_squared_per_measurement,,,200,100000.0,0.5,1,,,,not_applicable,not_applicable,not_applicable,method,method,not_applicable,24.070576905082675,0.6236863185729805,0.49261945113539696,0.08593709021806717,,,,,,25.744277773445766,0.7043333030752865,0.2709390092641115,25.744277773445766,280.27010324783623,35.03376290597953,200,804,402,0,0,0,402,0,400,400,0,402,400,400,,,,,,,,,,,,0,0,0,0,0.0,,,,,,,,,,,,,,,,,,,,,,,1.506,4.6308,3.1249,torch.cuda.max_memory_allocated,,,,unavailable,4,8,0,140.499,11.47,42,0,seed=42|model=sit|rep=0,6a0500184c85cbcc,a6d7ea78ad4437af,c6cafcd1f5835cb6,source_imagenet_class,4.0,ok,,,2026-09-09T14:23:49.440692
stage2_sit,ed5521b6ff9a,deblurring__pnp__c2,deblurring__pnp__c2,deblur,prob_c2be85f48d232774,ALL,sit,standard_flow,torch,latent,pnp,PnP-Flow,1.0,1.0,0.0,0.0,1.0,flow_ascending,pure_prior_noise,observed,,,,,0.004975124378109453,0.00497512437810943,0.004975124378109541,,,,,,,,half_mean_squared_per_measurement,,,200,200000.0,1.0,1,,,,not_applicable,not_applicable,not_applicable,method,method,not_applicable,24.1668680756338,0.6087725086305539,0.49857159703969955,0.08523205667734146,,,,,,25.744277773445766,0.7043333030752865,0.2709390092641115,25.744277773445766,282.44948549289256,35.30618568661157,200,804,402,0,0,0,402,0,400,400,0,402,400,400,,,,,,,,,,,,0,0,0,0,0.0,,,,,,,,,,,,,,,,,,,,,,,1.506,4.6308,3.1249,torch.cuda.max_memory_allocated,,,,unavailable,4,8,0,140.499,11.47,42,0,seed=42|model=sit|rep=0,6a0500184c85cbcc,a6d7ea78ad4437af,c6cafcd1f5835cb6,source_imagenet_class,4.0,ok,,,2026-09-09T14:28:33.213132
stage2_sit,ebfaa44f626d,deblurring__pnp__c3,deblurring__pnp__c3,deblur,prob_c2be85f48d232774,ALL,sit,standard_flow,torch,latent,pnp,PnP-Flow,1.0,1.0,0.0,0.0,1.0,flow_ascending,pure_prior_noise,observed,,,,,0.004975124378109453,0.00497512437810943,0.004975124378109541,,,,,,,,half_mean_squared_per_measurement,,,200,25000.0,0.25,1,,,,not_applicable,not_applicable,not_applicable,method,method,not_applicable,24.299827109107472,0.6168119855116958,0.5072059221565723,0.08362516760826111,,,,,,25.744277773445766,0.7043333030752865,0.2709390092641115,25.744277773445766,310.68256424646825,38.83532053080853,200,804,402,0,0,0,402,0,400,400,0,402,400,400,,,,,,,,,,,,0,0,0,0,0.0,,,,,,,,,,,,,,,,,,,,,,,1.506,4.6308,3.1249,torch.cuda.max_memory_allocated,,,,unavailable,4,8,0,140.499,11.47,42,0,seed=42|model=sit|rep=0,6a0500184c85cbcc,a6d7ea78ad4437af,c6cafcd1f5835cb6,source_imagenet_class,4.0,ok,,,2026-09-09T14:33:45.339269
stage2_sit,8b706740fa4d,deblurring__pnp__c4,deblurring__pnp__c4,deblur,prob_c2be85f48d232774,ALL,sit,standard_flow,torch,latent,pnp,PnP-Flow,1.0,1.0,0.0,0.0,1.0,flow_ascending,pure_prior_noise,observed,,,,,0.0023584905660377358,0.002358490566037652,0.002358490566037763,,,,,,,,half_mean_squared_per_measurement,,,423,100000.0,0.5,1,,,,not_applicable,not_applicable,not_applicable,method,method,not_applicable,24.630548596279482,0.6507173185746806,0.45289165899157524,0.07842200994491577,,,,,,25.744277773445766,0.7043333030752865,0.2709390092641115,25.744277773445766,613.149991848506,76.64374898106325,423,1696,848,0,0,0,848,0,846,846,0,848,846,846,,,,,,,,,,,,0,0,0,0,0.0,,,,,,,,,,,,,,,,,,,,,,,1.506,4.6308,3.1249,torch.cuda.max_memory_allocated,,,,unavailable,4,8,0,316.2596,11.47,42,0,seed=42|model=sit|rep=0,6a0500184c85cbcc,a6d7ea78ad4437af,c6cafcd1f5835cb6,source_imagenet_class,4.0,ok,,,2026-09-09T14:49:16.138679
stage2_sit,772b52e11c5d,deblurring__dflow__c1,deblurring__dflow__c1,deblur,prob_c2be85f48d232774,ALL,sit,standard_flow,torch,latent,dflow,D-Flow,1.0,1.0,0.0,0.0,1.0,flow_ascending,pure_prior_noise,observed,1,euler,,,1.0,1.0,1.0,,,,0.3,adam,,,half_mean_squared_per_measurement,,,,,,,640,,,not_applicable,not_applicable,method,not_applicable,not_applicable,not_applicable,23.161106701710032,0.5467634781024249,0.3685111626982689,0.08691410720348358,,,,,,25.744277773445766,0.7043333030752865,0.2709390092641115,25.744277773445766,714.638371810317,89.32979647628963,1,2564,1282,1280,1280,1280,1282,1280,1280,1280,1280,0,1282,1280,,,,,,,,,,,,0,0,0,0,0.0,,,,,,,,,,,,,,,,,,,,,,,1.506,7.0109,5.5049,torch.cuda.max_memory_allocated,,,,unavailable,4,8,0,0.96,10.44,42,0,seed=42|model=sit|rep=0,6a0500184c85cbcc,a6d7ea78ad4437af,c6cafcd1f5835cb6,source_imagenet_class,4.0,ok,,,2026-09-09T22:21:55.870507
stage2_sit,87b5bb6bd4c3,deblurring__dflow__c2,deblurring__dflow__c2,deblur,prob_c2be85f48d232774,ALL,sit,standard_flow,torch,latent,dflow,D-Flow,1.0,1.0,0.0,0.0,1.0,flow_ascending,pure_prior_noise,observed,1,euler,,,1.0,1.0,1.0,,,,0.3,adam,,,half_mean_squared_per_measurement,,,,,,,320,,,not_applicable,not_applicable,method,not_applicable,not_applicable,not_applicable,22.548226011665065,0.5041334146318543,0.4244980290532112,0.09316926449537277,,,,,,25.744277773445766,0.7043333030752865,0.2709390092641115,25.744277773445766,644.2734147189185,80.53417683986481,1,1284,642,640,640,640,642,640,640,640,640,0,642,640,,,,,,,,,,,,0,0,0,0,0.0,,,,,,,,,,,,,,,,,,,,,,,1.506,6.9992,5.4932,torch.cuda.max_memory_allocated,,,,unavailable,4,8,0,1.6103,16.47,42,0,seed=42|model=sit|rep=0,6a0500184c85cbcc,a6d7ea78ad4437af,c6cafcd1f5835cb6,source_imagenet_class,4.0,ok,,,2026-09-09T16:28:11.428670
stage2_sit,9332c33fc421,deblurring__dflow__c3,deblurring__dflow__c3,deblur,prob_c2be85f48d232774,ALL,sit,standard_flow,torch,latent,dflow,D-Flow,1.0,1.0,0.0,0.0,1.0,flow_ascending,pure_prior_noise,observed,1,euler,,,1.0,1.0,1.0,,,,0.1,adam,,,half_mean_squared_per_measurement,,,,,,,640,,,not_applicable,not_applicable,method,not_applicable,not_applicable,not_applicable,22.49401234085621,0.4986548508165483,0.42746012285351753,0.08851253241300583,,,,,,25.744277773445766,0.7043333030752865,0.2709390092641115,25.744277773445766,1088.2968712905422,136.03710891131777,1,2564,1282,1280,1280,1280,1282,1280,1280,1280,1280,0,1282,1280,,,,,,,,,,,,0,0,0,0,0.0,,,,,,,,,,,,,,,,,,,,,,,1.506,7.0109,5.5049,torch.cuda.max_memory_allocated,,,,unavailable,4,8,0,1.6103,16.47,42,0,seed=42|model=sit|rep=0,6a0500184c85cbcc,a6d7ea78ad4437af,c6cafcd1f5835cb6,source_imagenet_class,4.0,ok,,,2026-09-09T16:46:20.941180
stage2_sit,fb4877c638e9,deblurring__dflow__c4,deblurring__dflow__c4,deblur,prob_c2be85f48d232774,ALL,sit,standard_flow,torch,latent,dflow,D-Flow,1.0,1.0,0.0,0.0,1.0,flow_ascending,pure_prior_noise,observed,1,euler,,,1.0,1.0,1.0,,,,0.3,adam,,,half_mean_squared_per_measurement,,,,,,,1280,,,not_applicable,not_applicable,method,not_applicable,not_applicable,not_applicable,22.782469430295375,0.5427044184817118,0.373282078653574,0.10519839078187943,,,,,,25.744277773445766,0.7043333030752865,0.2709390092641115,25.744277773445766,1821.4712434886023,227.6839054360753,1,5124,2562,2560,2560,2560,2562,2560,2560,2560,2560,0,2562,2560,,,,,,,,,,,,0,0,0,0,0.0,,,,,,,,,,,,,,,,,,,,,,,1.506,7.0109,5.5049,torch.cuda.max_memory_allocated,,,,unavailable,4,8,0,1.6103,16.47,42,0,seed=42|model=sit|rep=0,6a0500184c85cbcc,a6d7ea78ad4437af,c6cafcd1f5835cb6,source_imagenet_class,4.0,ok,,,2026-09-09T17:16:43.714863
stage2_sit,b5b6bd829e26,deblurring__dflow__c5,deblurring__dflow__c5,deblur,prob_c2be85f48d232774,ALL,sit,standard_flow,torch,latent,dflow,D-Flow,1.0,1.0,0.0,0.0,1.0,flow_ascending,pure_prior_noise,observed,1,euler,,,1.0,1.0,1.0,,,,0.95,adam,,,half_mean_squared_per_measurement,,,,,,,640,,,not_applicable,not_applicable,method,not_applicable,not_applicable,not_applicable,21.215571642550213,0.4495196169979855,0.5489737056195736,0.18410789966583252,,,,,,25.744277773445766,0.7043333030752865,0.2709390092641115,25.744277773445766,911.8360622879118,113.97950778598897,1,2564,1282,1280,1280,1280,1282,1280,1280,1280,1280,0,1282,1280,,,,,,,,,,,,0,0,0,0,0.0,,,,,,,,,,,,,,,,,,,,,,,1.506,7.0109,5.5049,torch.cuda.max_memory_allocated,,,,unavailable,4,8,0,1.6103,16.47,42,0,seed=42|model=sit|rep=0,6a0500184c85cbcc,a6d7ea78ad4437af,c6cafcd1f5835cb6,source_imagenet_class,4.0,ok,,,2026-09-09T17:31:56.813336
stage2_sit,16605b875a38,deblurring__mpc_rhc__c1,deblurring__mpc_rhc__c1,deblur,prob_c2be85f48d232774,ALL,sit,standard_flow,torch,latent,mpc_rhc,MPC-RHC (K=1),1.0,1.0,0.0,0.0,1.0,flow_ascending,pure_prior_noise,observed,,,4,0.25,0.25,0.25,0.25,1,60.0,40,0.2,adam,False,,half_sum_squared,sum_squared,,,,,,,,,method,method,method,not_applicable,not_applicable,not_applicable,25.700083601603723,0.7007804066127087,0.2893114071339369,0.0695432499051094,,,,,,25.744277773445766,0.7043333030752865,0.2709390092641115,25.744277773445766,125.67340812645853,15.709176015807316,4,16,8,0,320,0,8,0,0,0,0,0,320,0,,,,,,,,,,,,0,0,0,0,0.0,,,,,,,,,,,,,,,,,,,,,,,1.506,4.6308,3.1249,torch.cuda.max_memory_allocated,,,,unavailable,4,8,0,3.0329,11.47,42,0,seed=42|model=sit|rep=0,6a0500184c85cbcc,a6d7ea78ad4437af,c6cafcd1f5835cb6,source_imagenet_class,4.0,ok,,,2026-09-09T14:10:26.436124
stage2_sit,d0d88b92fd2d,deblurring__mpc_rhc__c2,deblurring__mpc_rhc__c2,deblur,prob_c2be85f48d232774,ALL,sit,standard_flow,torch,latent,mpc_rhc,MPC-RHC (K=1),1.0,1.0,0.0,0.0,1.0,flow_ascending,pure_prior_noise,observed,,,4,0.25,0.25,0.25,0.25,1,15.0,40,0.2,adam,False,,half_sum_squared,sum_squared,,,,,,,,,method,method,method,not_applicable,not_applicable,not_applicable,25.53396914327748,0.6881562200094368,0.29282546043395996,0.07038939744234085,,,,,,25.744277773445766,0.7043333030752865,0.2709390092641115,25.744277773445766,125.82198486104608,15.72774810763076,4,16,8,0,320,0,8,0,0,0,0,0,320,0,,,,,,,,,,,,0,0,0,0,0.0,,,,,,,,,,,,,,,,,,,,,,,1.506,4.6308,3.1249,torch.cuda.max_memory_allocated,,,,unavailable,4,8,0,3.0329,11.47,42,0,seed=42|model=sit|rep=0,6a0500184c85cbcc,a6d7ea78ad4437af,c6cafcd1f5835cb6,source_imagenet_class,4.0,ok,,,2026-09-09T14:12:33.485815
stage2_sit,c255a845c482,deblurring__mpc_rhc__c3,deblurring__mpc_rhc__c3,deblur,prob_c2be85f48d232774,ALL,sit,standard_flow,torch,latent,mpc_rhc,MPC-RHC (K=1),1.0,1.0,0.0,0.0,1.0,flow_ascending,pure_prior_noise,observed,,,4,0.25,0.25,0.25,0.25,1,720.0,40,0.2,adam,False,,half_sum_squared,sum_squared,,,,,,,,,method,method,method,not_applicable,not_applicable,not_applicable,25.750503313754017,0.7035201871180853,0.2889698427170515,0.06903675943613052,,,,,,25.744277773445766,0.7043333030752865,0.2709390092641115,25.744277773445766,125.61135993991047,15.701419992488809,4,16,8,0,320,0,8,0,0,0,0,0,320,0,,,,,,,,,,,,0,0,0,0,0.0,,,,,,,,,,,,,,,,,,,,,,,1.506,4.6308,3.1249,torch.cuda.max_memory_allocated,,,,unavailable,4,8,0,3.0329,11.47,42,0,seed=42|model=sit|rep=0,6a0500184c85cbcc,a6d7ea78ad4437af,c6cafcd1f5835cb6,source_imagenet_class,4.0,ok,,,2026-09-09T14:14:40.320453
stage2_sit,6e1a6e30a7e2,deblurring__mpc_rhc__c4,deblurring__mpc_rhc__c4,deblur,prob_c2be85f48d232774,ALL,sit,standard_flow,torch,latent,mpc_rhc,MPC-RHC (K=1),1.0,1.0,0.0,0.0,1.0,flow_ascending,pure_prior_noise,observed,,,4,0.25,0.25,0.25,0.25,1,60.0,40,0.43,adam,False,,half_sum_squared,sum_squared,,,,,,,,,method,method,method,not_applicable,not_applicable,not_applicable,25.947897322711494,0.7180428620408907,0.3455111924558878,0.0669642761349678,,,,,,25.744277773445766,0.7043333030752865,0.2709390092641115,25.744277773445766,125.83609426114708,15.729511782643385,4,16,8,0,320,0,8,0,0,0,0,0,320,0,,,,,,,,,,,,0,0,0,0,0.0,,,,,,,,,,,,,,,,,,,,,,,1.506,4.6308,3.1249,torch.cuda.max_memory_allocated,,,,unavailable,4,8,0,3.0329,11.47,42,0,seed=42|model=sit|rep=0,6a0500184c85cbcc,a6d7ea78ad4437af,c6cafcd1f5835cb6,source_imagenet_class,4.0,ok,,,2026-09-09T14:16:47.376194
stage2_sit,8f3605e9960c,deblurring__mpc_delta_t__c1,deblurring__mpc_delta_t__c1,deblur,prob_c2be85f48d232774,ALL,sit,standard_flow,torch,latent,mpc_delta_t,MPC-delta_t,1.0,1.0,0.0,0.0,1.0,flow_ascending,pure_prior_noise,observed,,,8,0.125,0.125,0.125,0.125,,1000.0,40,0.3,adam,False,,half_sum_squared,sum_squared,none,,,,,,,,method,method,method,not_applicable,not_applicable,not_applicable,25.562396658779335,0.70190018988432,0.22878129966557026,0.06586811691522598,,,,,,25.744277773445766,0.7043333030752865,0.2709390092641115,25.744277773445766,420.27260805107653,52.534076006384566,8,1152,576,560,640,560,576,560,0,0,0,0,640,0,,,,,,,,,,,,0,0,0,0,0.0,,,,,,,,,,,,,,,,,,,,,,,1.506,7.0112,5.5052,torch.cuda.max_memory_allocated,,,,unavailable,4,8,0,7.1546,16.47,42,0,seed=42|model=sit|rep=0,6a0500184c85cbcc,a6d7ea78ad4437af,c6cafcd1f5835cb6,source_imagenet_class,4.0,ok,,,2026-09-09T17:39:05.481939
stage2_sit,503da896a5f5,deblurring__mpc_delta_t__c2,deblurring__mpc_delta_t__c2,deblur,prob_c2be85f48d232774,ALL,sit,standard_flow,torch,latent,mpc_delta_t,MPC-delta_t,1.0,1.0,0.0,0.0,1.0,flow_ascending,pure_prior_noise,observed,,,8,0.125,0.125,0.125,0.125,,360.0,40,0.3,adam,False,,half_sum_squared,sum_squared,none,,,,,,,,method,method,method,not_applicable,not_applicable,not_applicable,25.72136188156027,0.6995892547801907,0.2275072205811739,0.06564654409885406,,,,,,25.744277773445766,0.7043333030752865,0.2709390092641115,25.744277773445766,420.2875014208257,52.535937677603215,8,1152,576,560,640,560,576,560,0,0,0,0,640,0,,,,,,,,,,,,0,0,0,0,0.0,,,,,,,,,,,,,,,,,,,,,,,1.506,7.0112,5.5052,torch.cuda.max_memory_allocated,,,,unavailable,4,8,0,7.1546,16.47,42,0,seed=42|model=sit|rep=0,6a0500184c85cbcc,a6d7ea78ad4437af,c6cafcd1f5835cb6,source_imagenet_class,4.0,ok,,,2026-09-09T17:46:06.942739
stage2_sit,6cf4d8c0224e,deblurring__mpc_delta_t__c3,deblurring__mpc_delta_t__c3,deblur,prob_c2be85f48d232774,ALL,sit,standard_flow,torch,latent,mpc_delta_t,MPC-delta_t,1.0,1.0,0.0,0.0,1.0,flow_ascending,pure_prior_noise,observed,,,4,0.25,0.25,0.25,0.25,,180.0,40,0.3,adam,False,,half_sum_squared,sum_squared,none,,,,,,,,method,method,method,not_applicable,not_applicable,not_applicable,25.74389478459443,0.7023742858649951,0.24961183033883572,0.06661772727966309,,,,,,25.744277773445766,0.7043333030752865,0.2709390092641115,25.744277773445766,248.56562520843,31.07070315105375,4,496,248,240,320,240,248,240,0,0,0,0,320,0,,,,,,,,,,,,0,0,0,0,0.0,,,,,,,,,,,,,,,,,,,,,,,1.506,6.9939,5.4879,torch.cuda.max_memory_allocated,,,,unavailable,4,8,0,4.2622,11.47,42,0,seed=42|model=sit|rep=0,6a0500184c85cbcc,a6d7ea78ad4437af,c6cafcd1f5835cb6,source_imagenet_class,4.0,ok,,,2026-09-09T13:19:31.452414
stage2_sit,38cb34521162,deblurring__mpc_delta_t__c4,deblurring__mpc_delta_t__c4,deblur,prob_c2be85f48d232774,ALL,sit,standard_flow,torch,latent,mpc_delta_t,MPC-delta_t,1.0,1.0,0.0,0.0,1.0,flow_ascending,pure_prior_noise,observed,,,16,0.0625,0.0625,0.0625,0.0625,,1000.0,40,0.3,adam,False,,half_sum_squared,sum_squared,none,,,,,,,,method,method,method,not_applicable,not_applicable,not_applicable,24.87818705006009,0.66828453995406,0.24951201491057873,0.06663235276937485,,,,,,25.744277773445766,0.7043333030752865,0.2709390092641115,25.744277773445766,1111.606013734825,138.95075171685312,16,2464,1232,1200,1280,1200,1232,1200,0,0,0,0,1280,0,,,,,,,,,,,,0,0,0,0,0.0,,,,,,,,,,,,,,,,,,,,,,,1.506,7.0112,5.5052,torch.cuda.max_memory_allocated,,,,unavailable,4,8,0,18.2941,11.47,42,0,seed=42|model=sit|rep=0,6a0500184c85cbcc,a6d7ea78ad4437af,c6cafcd1f5835cb6,source_imagenet_class,4.0,ok,,,2026-09-09T13:38:22.713262
stage2_sit,2554ae528b4b,deblurring__mpc_delta_t__c5,deblurring__mpc_delta_t__c5,deblur,prob_c2be85f48d232774,ALL,sit,standard_flow,torch,latent,mpc_delta_t,MPC-delta_t,1.0,1.0,0.0,0.0,1.0,flow_ascending,pure_prior_noise,observed,,,8,0.125,0.125,0.125,0.125,,1000.0,80,0.3,adam,False,,half_sum_squared,sum_squared,none,,,,,,,,method,method,method,not_applicable,not_applicable,not_applicable,25.695100518970435,0.7102985777256905,0.2183907888829708,0.06403318047523499,,,,,,25.744277773445766,0.7043333030752865,0.2709390092641115,25.744277773445766,960.5250413957983,120.06563017447479,8,2272,1136,1120,1280,1120,1136,1120,0,0,0,0,1280,0,,,,,,,,,,,,0,0,0,0,0.0,,,,,,,,,,,,,,,,,,,,,,,1.506,7.0112,5.5052,torch.cuda.max_memory_allocated,,,,unavailable,4,8,0,8.9793,11.47,42,0,seed=42|model=sit|rep=0,6a0500184c85cbcc,a6d7ea78ad4437af,c6cafcd1f5835cb6,source_imagenet_class,4.0,ok,,,2026-09-09T13:54:33.424884
stage2_sit,d51313b8d10d,deblurring__mpc_delta_t__c6,deblurring__mpc_delta_t__c6,deblur,prob_c2be85f48d232774,ALL,sit,standard_flow,torch,latent,mpc_delta_t,MPC-delta_t,1.0,1.0,0.0,0.0,1.0,flow_ascending,pure_prior_noise,observed,,,8,0.125,0.125,0.125,0.125,,2500.0,40,0.3,adam,False,,half_sum_squared,sum_squared,none,,,,,,,,method,method,method,not_applicable,not_applicable,not_applicable,25.66760115802301,0.7040739879387408,0.219167934730649,0.06562440097332001,,,,,,25.744277773445766,0.7043333030752865,0.2709390092641115,25.744277773445766,393.9638373767957,49.245479672099464,8,1152,576,560,640,560,576,560,0,0,0,0,640,0,,,,,,,,,,,,0,0,0,0,0.0,,,,,,,,,,,,,,,,,,,,,,,1.506,7.0112,5.5052,torch.cuda.max_memory_allocated,,,,unavailable,4,8,0,8.9793,11.47,42,0,seed=42|model=sit|rep=0,6a0500184c85cbcc,a6d7ea78ad4437af,c6cafcd1f5835cb6,source_imagenet_class,4.0,ok,,,2026-09-09T14:01:08.464059
stage2_sit,e00631da6441,deblurring__mpc_delta_t__c7,deblurring__mpc_delta_t__c7,deblur,prob_c2be85f48d232774,ALL,sit,standard_flow,torch,latent,mpc_delta_t,MPC-delta_t,1.0,1.0,0.0,0.0,1.0,flow_ascending,pure_prior_noise,observed,,,8,0.125,0.125,0.125,0.125,,1000.0,40,0.55,adam,False,,half_sum_squared,sum_squared,none,,,,,,,,method,method,method,not_applicable,not_applicable,not_applicable,25.731129937032378,0.7055695414320717,0.23816964961588383,0.06482572108507156,,,,,,25.744277773445766,0.7043333030752865,0.2709390092641115,25.744277773445766,426.8572350498289,53.35715438122861,8,1152,576,560,640,560,576,560,0,0,0,0,640,0,,,,,,,,,,,,0,0,0,0,0.0,,,,,,,,,,,,,,,,,,,,,,,1.506,7.0112,5.5052,torch.cuda.max_memory_allocated,,,,unavailable,4,8,0,8.9793,11.47,42,0,seed=42|model=sit|rep=0,6a0500184c85cbcc,a6d7ea78ad4437af,c6cafcd1f5835cb6,source_imagenet_class,4.0,ok,,,2026-09-09T14:08:16.447996
stage2_sit,fcc55459f622,deblurring__rhso__c1,deblurring__rhso__c1,deblur,prob_c2be85f48d232774,ALL,sit,standard_flow,torch,latent,rhso,RHSO,1.0,1.0,0.0,0.0,1.0,flow_ascending,pure_prior_noise,observed,,heun,,,0.125,0.125,0.125,,,,0.03,adam,,,half_mean_squared_per_measurement,,,,,,,80,8,0.0,not_applicable,not_applicable,method,not_applicable,not_applicable,method,25.749496651506963,0.7182510783599738,0.2305005919188261,0.06440478563308716,,,,,,25.744277773445766,0.7043333030752865,0.2709390092641115,25.744277773445766,10403.601171117276,1300.4501463896595,8,92416,46208,46080,5120,46080,46208,46080,5120,5120,5120,0,5120,5120,suffix,suffix_integration,,False,False,False,,,,False,,0,0,0,0,0.0,,,,,,,,,,,,,,,,,,,,,,,1.5059,12.1377,10.6318,torch.cuda.max_memory_allocated,,,,unavailable,1,8,0,21.4591,9.28,42,0,seed=42|model=sit|rep=0,6a0500184c85cbcc,a6d7ea78ad4437af,43eb9ce8d5118c51,source_imagenet_class,4.0,ok,,,2026-09-09T19:09:14.571845
stage2_sit,fcf20e41d5eb,deblurring__rhso__c2,deblurring__rhso__c2,deblur,prob_c2be85f48d232774,ALL,sit,standard_flow,torch,latent,rhso,RHSO,1.0,1.0,0.0,0.0,1.0,flow_ascending,pure_prior_noise,observed,,heun,,,0.125,0.125,0.125,,,,0.01,adam,,,half_mean_squared_per_measurement,,,,,,,80,8,0.0,not_applicable,not_applicable,method,not_applicable,not_applicable,method,25.316232869816183,0.698405372579713,0.25352470576763153,0.06646101921796799,,,,,,25.744277773445766,0.7043333030752865,0.2709390092641115,25.744277773445766,10746.986513894051,1343.3733142367564,8,92416,46208,46080,5120,46080,46208,46080,5120,5120,5120,0,5120,5120,suffix,suffix_integration,,False,False,False,,,,False,,0,0,0,0,0.0,,,,,,,,,,,,,,,,,,,,,,,1.5059,12.0397,10.5337,torch.cuda.max_memory_allocated,,,,unavailable,1,8,0,21.4591,9.28,42,0,seed=42|model=sit|rep=0,6a0500184c85cbcc,a6d7ea78ad4437af,43eb9ce8d5118c51,source_imagenet_class,4.0,ok,,,2026-09-09T22:08:23.267140
stage2_sit,8719183fa539,deblurring__rhso__c3,deblurring__rhso__c3,deblur,prob_c2be85f48d232774,ALL,sit,standard_flow,torch,latent,rhso,RHSO,1.0,1.0,0.0,0.0,1.0,flow_ascending,pure_prior_noise,observed,,heun,,,0.125,0.125,0.125,,,,0.03,adam,,,half_mean_squared_per_measurement,,,,,,,20,8,0.0,not_applicable,not_applicable,method,not_applicable,not_applicable,method,25.056172514349015,0.6762147712087945,0.29004756920039654,0.07161729782819748,,,,,,25.744277773445766,0.7043333030752865,0.2709390092641115,25.744277773445766,1694.969323264435,211.87116540805437,8,23296,11648,11520,1280,11520,11648,11520,1280,1280,1280,0,1280,1280,suffix,suffix_integration,,False,False,False,,,,False,,0,0,0,0,0.0,,,,,,,,,,,,,,,,,,,,,,,1.5059,12.0397,10.5337,torch.cuda.max_memory_allocated,,,,unavailable,1,8,0,21.4591,9.28,42,0,seed=42|model=sit|rep=0,6a0500184c85cbcc,a6d7ea78ad4437af,43eb9ce8d5118c51,source_imagenet_class,4.0,ok,,,2026-09-09T22:36:39.528627
stage2_sit,b15077620665,deblurring__rhso__c4,deblurring__rhso__c4,deblur,prob_c2be85f48d232774,ALL,sit,standard_flow,torch,latent,rhso,RHSO,1.0,1.0,0.0,0.0,1.0,flow_ascending,pure_prior_noise,observed,,heun,,,0.0625,0.0625,0.0625,,,,0.03,adam,,,half_mean_squared_per_measurement,,,,,,,80,16,0.0,not_applicable,not_applicable,method,not_applicable,not_applicable,method,26.42045458326856,0.7489533883674064,0.22616805415600538,0.06303462386131287,,,,,,25.744277773445766,0.7043333030752865,0.2709390092641115,25.744277773445766,20801.145218866877,2600.1431523583597,16,348672,174336,174080,10240,174080,174336,174080,10240,10240,10240,0,10240,10240,suffix,suffix_integration,,False,False,False,,,,False,,0,0,0,0,0.0,,,,,,,,,,,,,,,,,,,,,,,1.5059,21.8111,20.3052,torch.cuda.max_memory_allocated,,,,unavailable,1,8,0,36.0119,9.28,42,0,seed=42|model=sit|rep=0,6a0500184c85cbcc,a6d7ea78ad4437af,43eb9ce8d5118c51,source_imagenet_class,4.0,ok,,,2026-09-10T04:23:57.823761
stage2_sit,d952d17fe2cc,deblurring__rhso__c5,deblurring__rhso__c5,deblur,prob_c2be85f48d232774,ALL,sit,standard_flow,torch,latent,rhso,RHSO,1.0,1.0,0.0,0.0,1.0,flow_ascending,pure_prior_noise,observed,,heun,,,0.125,0.125,0.125,,,,0.03,adam,,,half_mean_squared_per_measurement,,,,,,,160,8,0.0,not_applicable,not_applicable,method,not_applicable,not_applicable,method,25.751735728180382,0.7250015235075905,0.2222217358648777,0.06341034173965454,,,,,,25.744277773445766,0.7043333030752865,0.2709390092641115,25.744277773445766,10026.834988939576,1253.354373617447,8,184576,92288,92160,10240,92160,92288,92160,10240,10240,10240,0,10240,10240,suffix,suffix_integration,,False,False,False,,,,False,,0,0,0,0,0.0,,,,,,,,,,,,,,,,,,,,,,,1.5059,12.0397,10.5337,torch.cuda.max_memory_allocated,,,,unavailable,1,8,0,21.4591,9.28,42,0,seed=42|model=sit|rep=0,6a0500184c85cbcc,a6d7ea78ad4437af,43eb9ce8d5118c51,source_imagenet_class,4.0,ok,,,2026-09-10T07:11:05.846894
stage2_sit,3870cdc497b9,super_resolution__sdedit__c1,super_resolution__sdedit__c1,super_resolution,prob_0f6cb8346c07d449,ALL,sit,standard_flow,torch,latent,sdedit,SDEdit,1.0,1.0,0.0,0.0,1.0,flow_ascending,pure_prior_noise,upsample_bicubic,1,heun,,,1.0,1.0,1.0,,,,,,,,,,,,,,,,,,not_applicable,not_applicable,not_applicable,not_applicable,not_applicable,not_applicable,9.717949209897004,0.020162443666234958,0.714312881231308,0.6682890057563782,,,,,,22.72518401401371,0.6367004835325139,0.2324478104710579,24.165853270405385,0.5676712794229388,0.07095890992786735,1,8,4,0,0,0,4,0,0,0,0,0,0,0,,,,,,,,,,,,0,0,0,0,0.0,,,,,,,,,,,,,,,,,,,,,,,1.506,1.7573,0.2514,torch.cuda.max_memory_allocated,,,,unavailable,4,8,0,0.4238,16.3,42,0,seed=42|model=sit|rep=0,5ea4a50404d5d00f,f1de5afd71310f5c,c6cafcd1f5835cb6,source_imagenet_class,4.0,ok,,,2026-09-10T03:36:34.569108
stage2_sit,98895d15810d,super_resolution__sdedit__c2,super_resolution__sdedit__c2,super_resolution,prob_0f6cb8346c07d449,ALL,sit,standard_flow,torch,latent,sdedit,SDEdit,1.0,1.0,0.0,0.0,1.0,flow_ascending,pure_prior_noise,upsample_bicubic,4,heun,,,0.25,0.25,0.25,,,,,,,,,,,,,,,,,,not_applicable,not_applicable,not_applicable,not_applicable,not_applicable,not_applicable,10.01937453464163,0.021810015388680618,0.726864255964756,0.6572171449661255,,,,,,22.72518401401371,0.6367004835325139,0.2324478104710579,24.165853270405385,2.0220433631911874,0.2527554203988984,4,32,16,0,0,0,16,0,0,0,0,0,0,0,,,,,,,,,,,,0,0,0,0,0.0,,,,,,,,,,,,,,,,,,,,,,,1.506,1.7573,0.2514,torch.cuda.max_memory_allocated,,,,unavailable,4,8,0,1.2149,16.3,42,0,seed=42|model=sit|rep=0,5ea4a50404d5d00f,f1de5afd71310f5c,c6cafcd1f5835cb6,source_imagenet_class,4.0,ok,,,2026-09-10T03:36:38.531664
stage2_sit,fc81a1cc7601,super_resolution__sdedit__c3,super_resolution__sdedit__c3,super_resolution,prob_0f6cb8346c07d449,ALL,sit,standard_flow,torch,latent,sdedit,SDEdit,1.0,1.0,0.0,0.0,1.0,flow_ascending,pure_prior_noise,upsample_bicubic,8,heun,,,0.125,0.125,0.125,,,,,,,,,,,,,,,,,,not_applicable,not_applicable,not_applicable,not_applicable,not_applicable,not_applicable,9.179453839291345,0.015582983017453964,0.7433713898062706,0.7315287590026855,,,,,,22.72518401401371,0.6367004835325139,0.2324478104710579,24.165853270405385,4.16968944016844,0.521211180021055,8,64,32,0,0,0,32,0,0,0,0,0,0,0,,,,,,,,,,,,0,0,0,0,0.0,,,,,,,,,,,,,,,,,,,,,,,1.506,1.7573,0.2514,torch.cuda.max_memory_allocated,,,,unavailable,4,8,0,2.3209,16.3,42,0,seed=42|model=sit|rep=0,5ea4a50404d5d00f,f1de5afd71310f5c,c6cafcd1f5835cb6,source_imagenet_class,4.0,ok,,,2026-09-10T03:36:45.842232
stage2_sit,9edd44263ea7,super_resolution__pnp__c1,super_resolution__pnp__c1,super_resolution,prob_0f6cb8346c07d449,ALL,sit,standard_flow,torch,latent,pnp,PnP-Flow,1.0,1.0,0.0,0.0,1.0,flow_ascending,pure_prior_noise,upsample_bicubic,,,,,0.004975124378109453,0.00497512437810943,0.004975124378109541,,,,,,,,half_mean_squared_per_measurement,,,200,100000.0,0.5,1,,,,not_applicable,not_applicable,not_applicable,method,method,not_applicable,24.381741800260468,0.6393377013542861,0.4622264690697193,0.135577991604805,,,,,,22.72518401401371,0.6367004835325139,0.2324478104710579,24.165853270405385,244.2576106833294,30.532201335416175,200,804,402,0,0,0,402,0,400,400,0,402,400,400,,,,,,,,,,,,0,0,0,0,0.0,,,,,,,,,,,,,,,,,,,,,,,1.506,4.6281,3.1222,torch.cuda.max_memory_allocated,,,,unavailable,4,8,0,122.7919,16.39,42,0,seed=42|model=sit|rep=0,5ea4a50404d5d00f,f1de5afd71310f5c,c6cafcd1f5835cb6,source_imagenet_class,4.0,ok,,,2026-09-09T13:34:47.399657
stage2_sit,2896a910983d,super_resolution__pnp__c2,super_resolution__pnp__c2,super_resolution,prob_0f6cb8346c07d449,ALL,sit,standard_flow,torch,latent,pnp,PnP-Flow,1.0,1.0,0.0,0.0,1.0,flow_ascending,pure_prior_noise,upsample_bicubic,,,,,0.004975124378109453,0.00497512437810943,0.004975124378109541,,,,,,,,half_mean_squared_per_measurement,,,200,100000.0,0.75,1,,,,not_applicable,not_applicable,not_applicable,method,method,not_applicable,24.5703122838906,0.6305006129359205,0.46689192205667496,0.13110773265361786,,,,,,22.72518401401371,0.6367004835325139,0.2324478104710579,24.165853270405385,240.91712844278663,30.11464105534833,200,804,402,0,0,0,402,0,400,400,0,402,400,400,,,,,,,,,,,,0,0,0,0,0.0,,,,,,,,,,,,,,,,,,,,,,,1.506,4.6281,3.1222,torch.cuda.max_memory_allocated,,,,unavailable,4,8,0,122.7919,16.39,42,0,seed=42|model=sit|rep=0,5ea4a50404d5d00f,f1de5afd71310f5c,c6cafcd1f5835cb6,source_imagenet_class,4.0,ok,,,2026-09-09T13:38:49.522273
stage2_sit,557718d2080a,super_resolution__pnp__c3,super_resolution__pnp__c3,super_resolution,prob_0f6cb8346c07d449,ALL,sit,standard_flow,torch,latent,pnp,PnP-Flow,1.0,1.0,0.0,0.0,1.0,flow_ascending,pure_prior_noise,upsample_bicubic,,,,,0.004975124378109453,0.00497512437810943,0.004975124378109541,,,,,,,,half_mean_squared_per_measurement,,,200,200000.0,1.0,1,,,,not_applicable,not_applicable,not_applicable,method,method,not_applicable,24.550665785243183,0.6297146528023722,0.46083543822169304,0.13160547614097595,,,,,,22.72518401401371,0.6367004835325139,0.2324478104710579,24.165853270405385,240.94137420412153,30.11767177551519,200,804,402,0,0,0,402,0,400,400,0,402,400,400,,,,,,,,,,,,0,0,0,0,0.0,,,,,,,,,,,,,,,,,,,,,,,1.506,4.6281,3.1222,torch.cuda.max_memory_allocated,,,,unavailable,4,8,0,122.7919,16.39,42,0,seed=42|model=sit|rep=0,5ea4a50404d5d00f,f1de5afd71310f5c,c6cafcd1f5835cb6,source_imagenet_class,4.0,ok,,,2026-09-09T13:42:51.656712
stage2_sit,4ac66001b203,super_resolution__pnp__c4,super_resolution__pnp__c4,super_resolution,prob_0f6cb8346c07d449,ALL,sit,standard_flow,torch,latent,pnp,PnP-Flow,1.0,1.0,0.0,0.0,1.0,flow_ascending,pure_prior_noise,upsample_bicubic,,,,,0.0023584905660377358,0.002358490566037652,0.002358490566037763,,,,,,,,half_mean_squared_per_measurement,,,423,100000.0,0.5,1,,,,not_applicable,not_applicable,not_applicable,method,method,not_applicable,24.801704991037465,0.6648711350411862,0.414183396846056,0.12771719694137573,,,,,,22.72518401401371,0.6367004835325139,0.2324478104710579,24.165853270405385,439.4923138618469,54.936539232730865,423,1696,848,0,0,0,848,0,846,846,0,848,846,846,,,,,,,,,,,,0,0,0,0,0.0,,,,,,,,,,,,,,,,,,,,,,,1.506,4.6281,3.1222,torch.cuda.max_memory_allocated,,,,unavailable,4,8,0,244.5949,16.39,42,0,seed=42|model=sit|rep=0,5ea4a50404d5d00f,f1de5afd71310f5c,c6cafcd1f5835cb6,source_imagenet_class,4.0,ok,,,2026-09-09T13:54:16.927037
stage2_sit,2d44d472b6a7,super_resolution__dflow__c1,super_resolution__dflow__c1,super_resolution,prob_0f6cb8346c07d449,ALL,sit,standard_flow,torch,latent,dflow,D-Flow,1.0,1.0,0.0,0.0,1.0,flow_ascending,pure_prior_noise,upsample_bicubic,1,euler,,,1.0,1.0,1.0,,,,0.3,adam,,,half_mean_squared_per_measurement,,,,,,,640,,,not_applicable,not_applicable,method,not_applicable,not_applicable,not_applicable,23.605738625575803,0.583694838844812,0.3198741413652897,0.13477693498134613,,,,,,22.72518401401371,0.6367004835325139,0.2324478104710579,24.165853270405385,1237.9929437823594,154.74911797279492,1,2564,1282,1280,1280,1280,1282,1280,1280,1280,1280,0,1282,1280,,,,,,,,,,,,0,0,0,0,0.0,,,,,,,,,,,,,,,,,,,,,,,1.506,6.9982,5.4922,torch.cuda.max_memory_allocated,,,,unavailable,4,8,0,1.5388,12.38,42,0,seed=42|model=sit|rep=0,5ea4a50404d5d00f,f1de5afd71310f5c,c6cafcd1f5835cb6,source_imagenet_class,4.0,ok,,,2026-09-09T16:37:58.360700
stage2_sit,c649f093d177,super_resolution__dflow__c2,super_resolution__dflow__c2,super_resolution,prob_0f6cb8346c07d449,ALL,sit,standard_flow,torch,latent,dflow,D-Flow,1.0,1.0,0.0,0.0,1.0,flow_ascending,pure_prior_noise,upsample_bicubic,1,euler,,,1.0,1.0,1.0,,,,0.3,adam,,,half_mean_squared_per_measurement,,,,,,,320,,,not_applicable,not_applicable,method,not_applicable,not_applicable,not_applicable,23.173868702325663,0.5503016309023674,0.3688610978424549,0.1433543562889099,,,,,,22.72518401401371,0.6367004835325139,0.2324478104710579,24.165853270405385,620.0476446785033,77.50595558481291,1,1284,642,640,640,640,642,640,640,640,640,0,642,640,,,,,,,,,,,,0,0,0,0,0.0,,,,,,,,,,,,,,,,,,,,,,,1.506,7.0087,5.5027,torch.cuda.max_memory_allocated,,,,unavailable,4,8,0,1.5388,12.38,42,0,seed=42|model=sit|rep=0,5ea4a50404d5d00f,f1de5afd71310f5c,c6cafcd1f5835cb6,source_imagenet_class,4.0,ok,,,2026-09-09T16:48:19.752170
stage2_sit,e8249fd413d9,super_resolution__dflow__c3,super_resolution__dflow__c3,super_resolution,prob_0f6cb8346c07d449,ALL,sit,standard_flow,torch,latent,dflow,D-Flow,1.0,1.0,0.0,0.0,1.0,flow_ascending,pure_prior_noise,upsample_bicubic,1,euler,,,1.0,1.0,1.0,,,,0.1,adam,,,half_mean_squared_per_measurement,,,,,,,640,,,not_applicable,not_applicable,method,not_applicable,not_applicable,not_applicable,22.95094844717177,0.5448085796813382,0.3784852121025324,0.14057329297065735,,,,,,22.72518401401371,0.6367004835325139,0.2324478104710579,24.165853270405385,1237.6370039414614,154.70462549268268,1,2564,1282,1280,1280,1280,1282,1280,1280,1280,1280,0,1282,1280,,,,,,,,,,,,0,0,0,0,0.0,,,,,,,,,,,,,,,,,,,,,,,1.506,7.0087,5.5027,torch.cuda.max_memory_allocated,,,,unavailable,4,8,0,1.5388,12.38,42,0,seed=42|model=sit|rep=0,5ea4a50404d5d00f,f1de5afd71310f5c,c6cafcd1f5835cb6,source_imagenet_class,4.0,ok,,,2026-09-09T17:08:58.750256
stage2_sit,e9fdf92f6e68,super_resolution__dflow__c4,super_resolution__dflow__c4,super_resolution,prob_0f6cb8346c07d449,ALL,sit,standard_flow,torch,latent,dflow,D-Flow,1.0,1.0,0.0,0.0,1.0,flow_ascending,pure_prior_noise,upsample_bicubic,1,euler,,,1.0,1.0,1.0,,,,0.3,adam,,,half_mean_squared_per_measurement,,,,,,,1280,,,not_applicable,not_applicable,method,not_applicable,not_applicable,not_applicable,24.008540865272295,0.6056746753310922,0.28972750529646873,0.13010694086551666,,,,,,22.72518401401371,0.6367004835325139,0.2324478104710579,24.165853270405385,2475.917072903365,309.4896341129206,1,5124,2562,2560,2560,2560,2562,2560,2560,2560,2560,0,2562,2560,,,,,,,,,,,,0,0,0,0,0.0,,,,,,,,,,,,,,,,,,,,,,,1.506,7.0087,5.5027,torch.cuda.max_memory_allocated,,,,unavailable,4,8,0,1.5388,12.38,42,0,seed=42|model=sit|rep=0,5ea4a50404d5d00f,f1de5afd71310f5c,c6cafcd1f5835cb6,source_imagenet_class,4.0,ok,,,2026-09-09T17:50:16.133000
stage2_sit,55231595a61c,super_resolution__dflow__c5,super_resolution__dflow__c5,super_resolution,prob_0f6cb8346c07d449,ALL,sit,standard_flow,torch,latent,dflow,D-Flow,1.0,1.0,0.0,0.0,1.0,flow_ascending,pure_prior_noise,upsample_bicubic,1,euler,,,1.0,1.0,1.0,,,,0.95,adam,,,half_mean_squared_per_measurement,,,,,,,640,,,not_applicable,not_applicable,method,not_applicable,not_applicable,not_applicable,21.963287257529167,0.48155894367650076,0.5243568941950798,0.16936497390270233,,,,,,22.72518401401371,0.6367004835325139,0.2324478104710579,24.165853270405385,827.0859201410785,103.38574001763482,1,2564,1282,1280,1280,1280,1282,1280,1280,1280,1280,0,1282,1280,,,,,,,,,,,,0,0,0,0,0.0,,,,,,,,,,,,,,,,,,,,,,,1.506,7.0087,5.5027,torch.cuda.max_memory_allocated,,,,unavailable,4,8,0,1.5388,12.38,42,0,seed=42|model=sit|rep=0,5ea4a50404d5d00f,f1de5afd71310f5c,c6cafcd1f5835cb6,source_imagenet_class,4.0,ok,,,2026-09-09T18:04:04.287551
stage2_sit,574bf6ccc63d,super_resolution__mpc_rhc__c1,super_resolution__mpc_rhc__c1,super_resolution,prob_0f6cb8346c07d449,ALL,sit,standard_flow,torch,latent,mpc_rhc,MPC-RHC (K=1),1.0,1.0,0.0,0.0,1.0,flow_ascending,pure_prior_noise,upsample_bicubic,,,4,0.25,0.25,0.25,0.25,1,720.0,40,0.2,adam,False,,half_sum_squared,sum_squared,,,,,,,,,method,method,method,not_applicable,not_applicable,not_applicable,25.496551952975707,0.6965750211840692,0.2458251640200615,0.11160517483949661,,,,,,22.72518401401371,0.6367004835325139,0.2324478104710579,24.165853270405385,109.57330323755741,13.696662904694676,4,16,8,0,320,0,8,0,0,0,0,0,320,0,,,,,,,,,,,,0,0,0,0,0.0,,,,,,,,,,,,,,,,,,,,,,,1.506,4.6281,3.1222,torch.cuda.max_memory_allocated,,,,unavailable,4,8,0,2.6421,16.39,42,0,seed=42|model=sit|rep=0,5ea4a50404d5d00f,f1de5afd71310f5c,c6cafcd1f5835cb6,source_imagenet_class,4.0,ok,,,2026-09-09T13:21:15.993567
stage2_sit,3faf34ccd078,super_resolution__mpc_rhc__c2,super_resolution__mpc_rhc__c2,super_resolution,prob_0f6cb8346c07d449,ALL,sit,standard_flow,torch,latent,mpc_rhc,MPC-RHC (K=1),1.0,1.0,0.0,0.0,1.0,flow_ascending,pure_prior_noise,upsample_bicubic,,,4,0.25,0.25,0.25,0.25,1,240.0,40,0.2,adam,False,,half_sum_squared,sum_squared,,,,,,,,,method,method,method,not_applicable,not_applicable,not_applicable,25.43617613739882,0.6948079756565797,0.24759546760469675,0.11228391528129578,,,,,,22.72518401401371,0.6367004835325139,0.2324478104710579,24.165853270405385,109.42242617253214,13.677803271566518,4,16,8,0,320,0,8,0,0,0,0,0,320,0,,,,,,,,,,,,0,0,0,0,0.0,,,,,,,,,,,,,,,,,,,,,,,1.506,4.6281,3.1222,torch.cuda.max_memory_allocated,,,,unavailable,4,8,0,2.6421,16.39,42,0,seed=42|model=sit|rep=0,5ea4a50404d5d00f,f1de5afd71310f5c,c6cafcd1f5835cb6,source_imagenet_class,4.0,ok,,,2026-09-09T13:23:06.629010
stage2_sit,670a6ff5f5a0,super_resolution__mpc_rhc__c3,super_resolution__mpc_rhc__c3,super_resolution,prob_0f6cb8346c07d449,ALL,sit,standard_flow,torch,latent,mpc_rhc,MPC-RHC (K=1),1.0,1.0,0.0,0.0,1.0,flow_ascending,pure_prior_noise,upsample_bicubic,,,4,0.25,0.25,0.25,0.25,1,180.0,40,0.2,adam,False,,half_sum_squared,sum_squared,,,,,,,,,method,method,method,not_applicable,not_applicable,not_applicable,25.48380657277673,0.6967766099436055,0.24830705486238003,0.11088801920413971,,,,,,22.72518401401371,0.6367004835325139,0.2324478104710579,24.165853270405385,109.68221300560981,13.710276625701226,4,16,8,0,320,0,8,0,0,0,0,0,320,0,,,,,,,,,,,,0,0,0,0,0.0,,,,,,,,,,,,,,,,,,,,,,,1.506,4.6281,3.1222,torch.cuda.max_memory_allocated,,,,unavailable,4,8,0,2.6421,16.39,42,0,seed=42|model=sit|rep=0,5ea4a50404d5d00f,f1de5afd71310f5c,c6cafcd1f5835cb6,source_imagenet_class,4.0,ok,,,2026-09-09T13:24:57.508913
stage2_sit,25d5ab2ffdbd,super_resolution__mpc_rhc__c4,super_resolution__mpc_rhc__c4,super_resolution,prob_0f6cb8346c07d449,ALL,sit,standard_flow,torch,latent,mpc_rhc,MPC-RHC (K=1),1.0,1.0,0.0,0.0,1.0,flow_ascending,pure_prior_noise,upsample_bicubic,,,4,0.25,0.25,0.25,0.25,1,1600.0,40,0.2,adam,False,,half_sum_squared,sum_squared,,,,,,,,,method,method,method,not_applicable,not_applicable,not_applicable,25.450931456364962,0.696909803751312,0.24414056725800037,0.11185809224843979,,,,,,22.72518401401371,0.6367004835325139,0.2324478104710579,24.165853270405385,109.63293265923858,13.704116582404822,4,16,8,0,320,0,8,0,0,0,0,0,320,0,,,,,,,,,,,,0,0,0,0,0.0,,,,,,,,,,,,,,,,,,,,,,,1.506,4.6281,3.1222,torch.cuda.max_memory_allocated,,,,unavailable,4,8,0,2.6421,16.39,42,0,seed=42|model=sit|rep=0,5ea4a50404d5d00f,f1de5afd71310f5c,c6cafcd1f5835cb6,source_imagenet_class,4.0,ok,,,2026-09-09T13:26:48.285101
stage2_sit,05db6e73a5da,super_resolution__mpc_rhc__c5,super_resolution__mpc_rhc__c5,super_resolution,prob_0f6cb8346c07d449,ALL,sit,standard_flow,torch,latent,mpc_rhc,MPC-RHC (K=1),1.0,1.0,0.0,0.0,1.0,flow_ascending,pure_prior_noise,upsample_bicubic,,,4,0.25,0.25,0.25,0.25,1,720.0,40,0.43,adam,False,,half_sum_squared,sum_squared,,,,,,,,,method,method,method,not_applicable,not_applicable,not_applicable,25.776144235455657,0.7180735656109156,0.2901932979002595,0.10729467868804932,,,,,,22.72518401401371,0.6367004835325139,0.2324478104710579,24.165853270405385,109.53290313202888,13.69161289150361,4,16,8,0,320,0,8,0,0,0,0,0,320,0,,,,,,,,,,,,0,0,0,0,0.0,,,,,,,,,,,,,,,,,,,,,,,1.506,4.6281,3.1222,torch.cuda.max_memory_allocated,,,,unavailable,4,8,0,2.6421,16.39,42,0,seed=42|model=sit|rep=0,5ea4a50404d5d00f,f1de5afd71310f5c,c6cafcd1f5835cb6,source_imagenet_class,4.0,ok,,,2026-09-09T13:28:39.091161
stage2_sit,705ef680f30d,super_resolution__mpc_delta_t__c1,super_resolution__mpc_delta_t__c1,super_resolution,prob_0f6cb8346c07d449,ALL,sit,standard_flow,torch,latent,mpc_delta_t,MPC-delta_t,1.0,1.0,0.0,0.0,1.0,flow_ascending,pure_prior_noise,upsample_bicubic,,,4,0.25,0.25,0.25,0.25,,1000.0,40,0.3,adam,False,,half_sum_squared,sum_squared,none,,,,,,,,method,method,method,not_applicable,not_applicable,not_applicable,25.05155083950989,0.6848844261097914,0.22320383600890636,0.10822552442550659,,,,,,22.72518401401371,0.6367004835325139,0.2324478104710579,24.165853270405385,242.5936791067943,30.324209888349287,4,496,248,240,320,240,248,240,0,0,0,0,320,0,,,,,,,,,,,,0,0,0,0,0.0,,,,,,,,,,,,,,,,,,,,,,,1.506,7.0063,5.5004,torch.cuda.max_memory_allocated,,,,unavailable,4,8,0,4.1342,10.29,42,0,seed=42|model=sit|rep=0,5ea4a50404d5d00f,f1de5afd71310f5c,c6cafcd1f5835cb6,source_imagenet_class,4.0,ok,,,2026-09-09T16:19:13.456645
stage2_sit,61963b13c126,super_resolution__mpc_delta_t__c2,super_resolution__mpc_delta_t__c2,super_resolution,prob_0f6cb8346c07d449,ALL,sit,standard_flow,torch,latent,mpc_delta_t,MPC-delta_t,1.0,1.0,0.0,0.0,1.0,flow_ascending,pure_prior_noise,upsample_bicubic,,,4,0.25,0.25,0.25,0.25,,360.0,40,0.3,adam,False,,half_sum_squared,sum_squared,none,,,,,,,,method,method,method,not_applicable,not_applicable,not_applicable,25.096225829267517,0.6852728404355405,0.22403200715780258,0.10880166292190552,,,,,,22.72518401401371,0.6367004835325139,0.2324478104710579,24.165853270405385,269.324136916548,33.6655171145685,4,496,248,240,320,240,248,240,0,0,0,0,320,0,,,,,,,,,,,,0,0,0,0,0.0,,,,,,,,,,,,,,,,,,,,,,,1.506,7.009,5.503,torch.cuda.max_memory_allocated,,,,unavailable,4,8,0,4.1342,10.29,42,0,seed=42|model=sit|rep=0,5ea4a50404d5d00f,f1de5afd71310f5c,c6cafcd1f5835cb6,source_imagenet_class,4.0,ok,,,2026-09-09T16:23:44.145008
stage2_sit,0c0d74df9b82,super_resolution__mpc_delta_t__c3,super_resolution__mpc_delta_t__c3,super_resolution,prob_0f6cb8346c07d449,ALL,sit,standard_flow,torch,latent,mpc_delta_t,MPC-delta_t,1.0,1.0,0.0,0.0,1.0,flow_ascending,pure_prior_noise,upsample_bicubic,,,4,0.25,0.25,0.25,0.25,,540.0,40,0.3,adam,False,,half_sum_squared,sum_squared,none,,,,,,,,method,method,method,not_applicable,not_applicable,not_applicable,25.107192304196257,0.6857361035053706,0.2202554401010275,0.10951685160398483,,,,,,22.72518401401371,0.6367004835325139,0.2324478104710579,24.165853270405385,266.64219614490867,33.33027451811358,4,496,248,240,320,240,248,240,0,0,0,0,320,0,,,,,,,,,,,,0,0,0,0,0.0,,,,,,,,,,,,,,,,,,,,,,,1.506,7.009,5.503,torch.cuda.max_memory_allocated,,,,unavailable,4,8,0,4.1342,10.29,42,0,seed=42|model=sit|rep=0,5ea4a50404d5d00f,f1de5afd71310f5c,c6cafcd1f5835cb6,source_imagenet_class,4.0,ok,,,2026-09-09T16:28:12.133874
stage2_sit,88261b29af8b,super_resolution__mpc_delta_t__c4,super_resolution__mpc_delta_t__c4,super_resolution,prob_0f6cb8346c07d449,ALL,sit,standard_flow,torch,latent,mpc_delta_t,MPC-delta_t,1.0,1.0,0.0,0.0,1.0,flow_ascending,pure_prior_noise,upsample_bicubic,,,2,0.5,0.5,0.5,0.5,,1000.0,40,0.3,adam,False,,half_sum_squared,sum_squared,none,,,,,,,,method,method,method,not_applicable,not_applicable,not_applicable,25.353061221977534,0.6896263240615432,0.2673050006851554,0.11424499750137329,,,,,,22.72518401401371,0.6367004835325139,0.2324478104710579,24.165853270405385,109.71716426312923,13.714645532891154,2,168,84,80,160,80,84,80,0,0,0,0,160,0,,,,,,,,,,,,0,0,0,0,0.0,,,,,,,,,,,,,,,,,,,,,,,1.506,7.0089,5.503,torch.cuda.max_memory_allocated,,,,unavailable,4,8,0,2.2502,10.29,42,0,seed=42|model=sit|rep=0,5ea4a50404d5d00f,f1de5afd71310f5c,c6cafcd1f5835cb6,source_imagenet_class,4.0,ok,,,2026-09-09T16:30:05.529854
stage2_sit,65069e105abd,super_resolution__mpc_delta_t__c5,super_resolution__mpc_delta_t__c5,super_resolution,prob_0f6cb8346c07d449,ALL,sit,standard_flow,torch,latent,mpc_delta_t,MPC-delta_t,1.0,1.0,0.0,0.0,1.0,flow_ascending,pure_prior_noise,upsample_bicubic,,,4,0.25,0.25,0.25,0.25,,1000.0,80,0.3,adam,False,,half_sum_squared,sum_squared,none,,,,,,,,method,method,method,not_applicable,not_applicable,not_applicable,24.963593406264323,0.6935670465727931,0.20171925239264965,0.10193587094545364,,,,,,22.72518401401371,0.6367004835325139,0.2324478104710579,24.165853270405385,490.2454917533323,61.28068646916654,4,976,488,480,640,480,488,480,0,0,0,0,640,0,,,,,,,,,,,,0,0,0,0,0.0,,,,,,,,,,,,,,,,,,,,,,,1.506,7.009,5.503,torch.cuda.max_memory_allocated,,,,unavailable,4,8,0,4.1342,10.29,42,0,seed=42|model=sit|rep=0,5ea4a50404d5d00f,f1de5afd71310f5c,c6cafcd1f5835cb6,source_imagenet_class,4.0,ok,,,2026-09-09T16:38:17.141652
stage2_sit,f85ab01ed4b0,super_resolution__mpc_delta_t__c6,super_resolution__mpc_delta_t__c6,super_resolution,prob_0f6cb8346c07d449,ALL,sit,standard_flow,torch,latent,mpc_delta_t,MPC-delta_t,1.0,1.0,0.0,0.0,1.0,flow_ascending,pure_prior_noise,upsample_bicubic,,,4,0.25,0.25,0.25,0.25,,2500.0,40,0.3,adam,False,,half_sum_squared,sum_squared,none,,,,,,,,method,method,method,not_applicable,not_applicable,not_applicable,25.145359845891956,0.6909828686048787,0.21983053162693977,0.10852916538715363,,,,,,22.72518401401371,0.6367004835325139,0.2324478104710579,24.165853270405385,223.3220417574048,27.9152552196756,4,496,248,240,320,240,248,240,0,0,0,0,320,0,,,,,,,,,,,,0,0,0,0,0.0,,,,,,,,,,,,,,,,,,,,,,,1.506,7.009,5.503,torch.cuda.max_memory_allocated,,,,unavailable,4,8,0,4.1342,10.29,42,0,seed=42|model=sit|rep=0,5ea4a50404d5d00f,f1de5afd71310f5c,c6cafcd1f5835cb6,source_imagenet_class,4.0,ok,,,2026-09-09T16:42:01.629525
stage2_sit,085545da158e,super_resolution__mpc_delta_t__c7,super_resolution__mpc_delta_t__c7,super_resolution,prob_0f6cb8346c07d449,ALL,sit,standard_flow,torch,latent,mpc_delta_t,MPC-delta_t,1.0,1.0,0.0,0.0,1.0,flow_ascending,pure_prior_noise,upsample_bicubic,,,4,0.25,0.25,0.25,0.25,,1000.0,40,0.55,adam,False,,half_sum_squared,sum_squared,none,,,,,,,,method,method,method,not_applicable,not_applicable,not_applicable,25.517853523938058,0.7086505793770317,0.22508858889341354,0.10577476769685745,,,,,,22.72518401401371,0.6367004835325139,0.2324478104710579,24.165853270405385,234.9162349253893,29.36452936567366,4,496,248,240,320,240,248,240,0,0,0,0,320,0,,,,,,,,,,,,0,0,0,0,0.0,,,,,,,,,,,,,,,,,,,,,,,1.506,6.9921,5.4862,torch.cuda.max_memory_allocated,,,,unavailable,4,8,0,4.1906,16.39,42,0,seed=42|model=sit|rep=0,5ea4a50404d5d00f,f1de5afd71310f5c,c6cafcd1f5835cb6,source_imagenet_class,4.0,ok,,,2026-09-09T13:19:22.511231
stage2_sit,be1e1923bb17,super_resolution__rhso__c1,super_resolution__rhso__c1,super_resolution,prob_0f6cb8346c07d449,ALL,sit,standard_flow,torch,latent,rhso,RHSO,1.0,1.0,0.0,0.0,1.0,flow_ascending,pure_prior_noise,upsample_bicubic,,heun,,,0.125,0.125,0.125,,,,0.03,adam,,,half_mean_squared_per_measurement,,,,,,,80,8,0.0,not_applicable,not_applicable,method,not_applicable,not_applicable,method,24.578059457256252,0.6710215795154337,0.23556583747267723,0.10501453280448914,,,,,,22.72518401401371,0.6367004835325139,0.2324478104710579,24.165853270405385,11021.362531352788,1377.6703164190985,8,92416,46208,46080,5120,46080,46208,46080,5120,5120,5120,0,5120,5120,suffix,suffix_integration,,False,False,False,,,,False,,0,0,0,0,0.0,,,,,,,,,,,,,,,,,,,,,,,1.5059,12.1312,10.6253,torch.cuda.max_memory_allocated,,,,unavailable,1,8,0,13.1037,12.8,42,0,seed=42|model=sit|rep=0,5ea4a50404d5d00f,f1de5afd71310f5c,43eb9ce8d5118c51,source_imagenet_class,4.0,ok,,,2026-09-09T21:02:06.382581
stage2_sit,4746e13cbeb7,super_resolution__rhso__c2,super_resolution__rhso__c2,super_resolution,prob_0f6cb8346c07d449,ALL,sit,standard_flow,torch,latent,rhso,RHSO,1.0,1.0,0.0,0.0,1.0,flow_ascending,pure_prior_noise,upsample_bicubic,,heun,,,0.25,0.25,0.25,,,,0.1,adam,,,half_mean_squared_per_measurement,,,,,,,40,4,0.0,not_applicable,not_applicable,method,not_applicable,not_applicable,method,25.342742940514174,0.6893553361581302,0.2795249093323946,0.11245061457157135,,,,,,22.72518401401371,0.6367004835325139,0.2324478104710579,24.165853270405385,1022.0347183262929,127.75433979078662,4,6464,3232,3200,640,3200,3232,3200,640,640,640,0,640,640,suffix,suffix_integration,,False,False,False,,,,False,,0,0,0,0,0.0,,,,,,,,,,,,,,,,,,,,,,,1.5059,12.9009,11.395,torch.cuda.max_memory_allocated,,,,unavailable,2,8,0,5.9619,12.8,42,0,seed=42|model=sit|rep=0,5ea4a50404d5d00f,f1de5afd71310f5c,36b1c5124916f38e,source_imagenet_class,4.0,ok,,,2026-09-09T21:19:15.818442
stage2_sit,d87fbd4b19eb,super_resolution__rhso__c3,super_resolution__rhso__c3,super_resolution,prob_0f6cb8346c07d449,ALL,sit,standard_flow,torch,latent,rhso,RHSO,1.0,1.0,0.0,0.0,1.0,flow_ascending,pure_prior_noise,upsample_bicubic,,heun,,,0.25,0.25,0.25,,,,0.05,adam,,,half_mean_squared_per_measurement,,,,,,,40,4,0.0,not_applicable,not_applicable,method,not_applicable,not_applicable,method,24.839839600315862,0.6522165401830726,0.3027415946125984,0.12054124474525452,,,,,,22.72518401401371,0.6367004835325139,0.2324478104710579,24.165853270405385,1380.5307120839134,172.56633901048917,4,6464,3232,3200,640,3200,3232,3200,640,640,640,0,640,640,suffix,suffix_integration,,False,False,False,,,,False,,0,0,0,0,0.0,,,,,,,,,,,,,,,,,,,,,,,1.5059,12.8684,11.3625,torch.cuda.max_memory_allocated,,,,unavailable,2,8,0,11.8141,16.3,42,0,seed=42|model=sit|rep=0,5ea4a50404d5d00f,f1de5afd71310f5c,36b1c5124916f38e,source_imagenet_class,4.0,ok,,,2026-09-09T16:42:26.734516
stage2_sit,12c9b5d1efcb,super_resolution__rhso__c4,super_resolution__rhso__c4,super_resolution,prob_0f6cb8346c07d449,ALL,sit,standard_flow,torch,latent,rhso,RHSO,1.0,1.0,0.0,0.0,1.0,flow_ascending,pure_prior_noise,upsample_bicubic,,heun,,,0.0625,0.0625,0.0625,,,,0.03,adam,,,half_mean_squared_per_measurement,,,,,,,80,16,0.0,not_applicable,not_applicable,method,not_applicable,not_applicable,method,24.465357568601608,0.667273472970495,0.24084287229925394,0.10259123146533966,,,,,,22.72518401401371,0.6367004835325139,0.2324478104710579,24.165853270405385,27344.946425547823,3418.118303193478,16,348672,174336,174080,10240,174080,174336,174080,10240,10240,10240,0,10240,10240,suffix,suffix_integration,,False,False,False,,,,False,,0,0,0,0,0.0,,,,,,,,,,,,,,,,,,,,,,,1.5059,21.8105,20.3046,torch.cuda.max_memory_allocated,,,,unavailable,1,8,0,84.6007,16.3,42,0,seed=42|model=sit|rep=0,5ea4a50404d5d00f,f1de5afd71310f5c,43eb9ce8d5118c51,source_imagenet_class,4.0,ok,,,2026-09-10T00:19:37.761539
stage2_sit,adce0e3f2f06,super_resolution__rhso__c5,super_resolution__rhso__c5,super_resolution,prob_0f6cb8346c07d449,ALL,sit,standard_flow,torch,latent,rhso,RHSO,1.0,1.0,0.0,0.0,1.0,flow_ascending,pure_prior_noise,upsample_bicubic,,heun,,,0.125,0.125,0.125,,,,0.03,adam,,,half_mean_squared_per_measurement,,,,,,,160,8,0.0,not_applicable,not_applicable,method,not_applicable,not_applicable,method,24.164024092921082,0.6511929845678517,0.258877407759428,0.10381916165351868,,,,,,22.72518401401371,0.6367004835325139,0.2324478104710579,24.165853270405385,11800.874212568626,1475.1092765710782,8,184576,92288,92160,10240,92160,92288,92160,10240,10240,10240,0,10240,10240,suffix,suffix_integration,,False,False,False,,,,False,,0,0,0,0,0.0,,,,,,,,,,,,,,,,,,,,,,,1.5059,12.0391,10.5332,torch.cuda.max_memory_allocated,,,,unavailable,1,8,0,12.4954,16.3,42,0,seed=42|model=sit|rep=0,5ea4a50404d5d00f,f1de5afd71310f5c,43eb9ce8d5118c51,source_imagenet_class,4.0,ok,,,2026-09-10T03:36:32.555492
stage2_sit,1f146491ce1c,random_inpainting__sdedit__c1,random_inpainting__sdedit__c1,random_inpaint,prob_afb9ac8da51f5e92,ALL,sit,standard_flow,torch,latent,sdedit,SDEdit,1.0,1.0,0.0,0.0,1.0,flow_ascending,pure_prior_noise,zero_fill,1,heun,,,1.0,1.0,1.0,,,,,,,,,,,,,,,,,,not_applicable,not_applicable,not_applicable,not_applicable,not_applicable,not_applicable,9.717949209897004,0.020162443666234958,0.714312881231308,0.36482593417167664,0.6662075176020372,9.548409332527072,,0.6652339509930628,9.561111796476753,12.719088983386953,0.152621716640785,1.0188368633389473,12.719088983386953,0.37426410615444183,0.04678301326930523,1,8,4,0,0,0,4,0,0,0,0,0,0,0,,,,,,,,,,,,0,0,0,0,0.0,,,,,,,,,,,,,,,,,,,,,,,1.506,1.7573,0.2514,torch.cuda.max_memory_allocated,,,,unavailable,4,8,0,0.2755,10.37,42,0,seed=42|model=sit|rep=0,0f6770a3fd505440,161f0ec2d4e64414,c6cafcd1f5835cb6,source_imagenet_class,4.0,ok,,,2026-09-10T05:25:17.508474
stage2_sit,c6197482e667,random_inpainting__sdedit__c2,random_inpainting__sdedit__c2,random_inpaint,prob_afb9ac8da51f5e92,ALL,sit,standard_flow,torch,latent,sdedit,SDEdit,1.0,1.0,0.0,0.0,1.0,flow_ascending,pure_prior_noise,zero_fill,4,heun,,,0.25,0.25,0.25,,,,,,,,,,,,,,,,,,not_applicable,not_applicable,not_applicable,not_applicable,not_applicable,not_applicable,10.01937453464163,0.021810015388680618,0.726864255964756,0.35933396220207214,0.6550666536828695,9.694890070576506,,0.6552129796659392,9.69295007042225,12.719088983386953,0.152621716640785,1.0188368633389473,12.719088983386953,1.4960904028266668,0.18701130035333335,4,32,16,0,0,0,16,0,0,0,0,0,0,0,,,,,,,,,,,,0,0,0,0,0.0,,,,,,,,,,,,,,,,,,,,,,,1.506,1.7573,0.2514,torch.cuda.max_memory_allocated,,,,unavailable,4,8,0,0.8452,10.37,42,0,seed=42|model=sit|rep=0,0f6770a3fd505440,161f0ec2d4e64414,c6cafcd1f5835cb6,source_imagenet_class,4.0,ok,,,2026-09-10T05:25:20.582574
stage2_sit,64014e43fb95,random_inpainting__sdedit__c3,random_inpainting__sdedit__c3,random_inpaint,prob_afb9ac8da51f5e92,ALL,sit,standard_flow,torch,latent,sdedit,SDEdit,1.0,1.0,0.0,0.0,1.0,flow_ascending,pure_prior_noise,zero_fill,8,heun,,,0.125,0.125,0.125,,,,,,,,,,,,,,,,,,not_applicable,not_applicable,not_applicable,not_applicable,not_applicable,not_applicable,9.179453839291345,0.015582983017453964,0.7433713898062706,0.40026068687438965,0.729028203867019,8.765713309968755,,0.7298693217499548,8.755697722465186,12.719088983386953,0.152621716640785,1.0188368633389473,12.719088983386953,2.9925421569496393,0.3740677696187049,8,64,32,0,0,0,32,0,0,0,0,0,0,0,,,,,,,,,,,,0,0,0,0,0.0,,,,,,,,,,,,,,,,,,,,,,,1.506,1.7573,0.2514,torch.cuda.max_memory_allocated,,,,unavailable,4,8,0,1.5911,10.37,42,0,seed=42|model=sit|rep=0,0f6770a3fd505440,161f0ec2d4e64414,c6cafcd1f5835cb6,source_imagenet_class,4.0,ok,,,2026-09-10T05:25:25.942354
stage2_sit,e669b748c9ab,random_inpainting__pnp__c1,random_inpainting__pnp__c1,random_inpaint,prob_afb9ac8da51f5e92,ALL,sit,standard_flow,torch,latent,pnp,PnP-Flow,1.0,1.0,0.0,0.0,1.0,flow_ascending,pure_prior_noise,zero_fill,,,,,0.004975124378109453,0.00497512437810943,0.004975124378109541,,,,,,,,half_mean_squared_per_measurement,,,200,200000.0,1.0,1,,,,not_applicable,not_applicable,not_applicable,method,method,not_applicable,24.226401683409385,0.6186776589670506,0.47218678146600723,0.06640876829624176,0.13997587001426814,23.099536402981297,,0.12067807392001223,24.388032513082344,12.719088983386953,0.152621716640785,1.0188368633389473,12.719088983386953,203.22999405115843,25.403749256394804,200,804,402,0,0,0,402,0,400,400,0,402,400,400,,,,,,,,,,,,0,0,0,0,0.0,,,,,,,,,,,,,,,,,,,,,,,1.506,4.6318,3.1258,torch.cuda.max_memory_allocated,,,,unavailable,4,8,0,101.8601,11.9,42,0,seed=42|model=sit|rep=0,0f6770a3fd505440,161f0ec2d4e64414,c6cafcd1f5835cb6,source_imagenet_class,4.0,ok,,,2026-09-09T14:46:08.035641
stage2_sit,1588384a4cec,random_inpainting__pnp__c2,random_inpainting__pnp__c2,random_inpaint,prob_afb9ac8da51f5e92,ALL,sit,standard_flow,torch,latent,pnp,PnP-Flow,1.0,1.0,0.0,0.0,1.0,flow_ascending,pure_prior_noise,zero_fill,,,,,0.004975124378109453,0.00497512437810943,0.004975124378109541,,,,,,,,half_mean_squared_per_measurement,,,200,100000.0,0.5,1,,,,not_applicable,not_applicable,not_applicable,method,method,not_applicable,24.083294529320156,0.6270370083521755,0.4728792831301689,0.06782615929841995,0.14289506045711164,22.92025558284813,,0.12328624506550012,24.2023074041354,12.719088983386953,0.152621716640785,1.0188368633389473,12.719088983386953,203.85477398429066,25.481846748036332,200,804,402,0,0,0,402,0,400,400,0,402,400,400,,,,,,,,,,,,0,0,0,0,0.0,,,,,,,,,,,,,,,,,,,,,,,1.506,4.6318,3.1258,torch.cuda.max_memory_allocated,,,,unavailable,4,8,0,101.8601,11.9,42,0,seed=42|model=sit|rep=0,0f6770a3fd505440,161f0ec2d4e64414,c6cafcd1f5835cb6,source_imagenet_class,4.0,ok,,,2026-09-09T14:49:33.103166
stage2_sit,4c30dbea0020,random_inpainting__pnp__c3,random_inpainting__pnp__c3,random_inpaint,prob_afb9ac8da51f5e92,ALL,sit,standard_flow,torch,latent,pnp,PnP-Flow,1.0,1.0,0.0,0.0,1.0,flow_ascending,pure_prior_noise,zero_fill,,,,,0.004975124378109453,0.00497512437810943,0.004975124378109541,,,,,,,,half_mean_squared_per_measurement,,,200,100000.0,0.75,1,,,,not_applicable,not_applicable,not_applicable,method,method,not_applicable,24.251774537472897,0.6201078789942116,0.4761080853641033,0.06618549674749374,0.13994102795637675,23.101698718106714,,0.12027040299356564,24.4174245897621,12.719088983386953,0.152621716640785,1.0188368633389473,12.719088983386953,203.54740203917027,25.443425254896283,200,804,402,0,0,0,402,0,400,400,0,402,400,400,,,,,,,,,,,,0,0,0,0,0.0,,,,,,,,,,,,,,,,,,,,,,,1.506,4.6318,3.1258,torch.cuda.max_memory_allocated,,,,unavailable,4,8,0,101.8601,11.9,42,0,seed=42|model=sit|rep=0,0f6770a3fd505440,161f0ec2d4e64414,c6cafcd1f5835cb6,source_imagenet_class,4.0,ok,,,2026-09-09T14:52:57.811789
stage2_sit,0c3e0e99310d,random_inpainting__pnp__c4,random_inpainting__pnp__c4,random_inpaint,prob_afb9ac8da51f5e92,ALL,sit,standard_flow,torch,latent,pnp,PnP-Flow,1.0,1.0,0.0,0.0,1.0,flow_ascending,pure_prior_noise,zero_fill,,,,,0.0023584905660377358,0.002358490566037652,0.002358490566037763,,,,,,,,half_mean_squared_per_measurement,,,423,200000.0,1.0,1,,,,not_applicable,not_applicable,not_applicable,method,method,not_applicable,24.6598484394816,0.6469129240197633,0.4200729802250862,0.06132907420396805,0.13597951685645326,23.351130037960502,,0.11140105052638823,25.082814187070788,12.719088983386953,0.152621716640785,1.0188368633389473,12.719088983386953,430.8356845648959,53.85446057061199,423,1696,848,0,0,0,848,0,846,846,0,848,846,846,,,,,,,,,,,,0,0,0,0,0.0,,,,,,,,,,,,,,,,,,,,,,,1.506,4.6318,3.1258,torch.cuda.max_memory_allocated,,,,unavailable,4,8,0,215.6584,11.9,42,0,seed=42|model=sit|rep=0,0f6770a3fd505440,161f0ec2d4e64414,c6cafcd1f5835cb6,source_imagenet_class,4.0,ok,,,2026-09-09T15:03:45.464197
stage2_sit,79df9a652658,random_inpainting__dflow__c1,random_inpainting__dflow__c1,random_inpaint,prob_afb9ac8da51f5e92,ALL,sit,standard_flow,torch,latent,dflow,D-Flow,1.0,1.0,0.0,0.0,1.0,flow_ascending,pure_prior_noise,zero_fill,1,euler,,,1.0,1.0,1.0,,,,0.3,adam,,,half_mean_squared_per_measurement,,,,,,,640,,,not_applicable,not_applicable,method,not_applicable,not_applicable,not_applicable,23.778731706094227,0.5960702867128294,0.3075986113399267,0.06493447721004486,0.15123437552639973,22.427589565556648,,0.11802213669320696,24.58133045494594,12.719088983386953,0.152621716640785,1.0188368633389473,12.719088983386953,1056.7509964611381,132.09387455764227,1,2564,1282,1280,1280,1280,1282,1280,1280,1280,1280,0,1282,1280,,,,,,,,,,,,0,0,0,0,0.0,,,,,,,,,,,,,,,,,,,,,,,1.506,7.0119,5.5059,torch.cuda.max_memory_allocated,,,,unavailable,4,8,0,1.4939,13.21,42,0,seed=42|model=sit|rep=0,0f6770a3fd505440,161f0ec2d4e64414,c6cafcd1f5835cb6,source_imagenet_class,4.0,ok,,,2026-09-09T16:33:15.539635
stage2_sit,81636544b344,random_inpainting__dflow__c2,random_inpainting__dflow__c2,random_inpaint,prob_afb9ac8da51f5e92,ALL,sit,standard_flow,torch,latent,dflow,D-Flow,1.0,1.0,0.0,0.0,1.0,flow_ascending,pure_prior_noise,zero_fill,1,euler,,,1.0,1.0,1.0,,,,0.1,adam,,,half_mean_squared_per_measurement,,,,,,,640,,,not_applicable,not_applicable,method,not_applicable,not_applicable,not_applicable,23.017583643942263,0.5504163446862027,0.3642549216747284,0.07104998081922531,0.16641156521276804,21.59692980428769,,0.1291884492426863,23.79612621198939,12.719088983386953,0.152621716640785,1.0188368633389473,12.719088983386953,959.7302903914824,119.9662862989353,1,2564,1282,1280,1280,1280,1282,1280,1280,1280,1280,0,1282,1280,,,,,,,,,,,,0,0,0,0,0.0,,,,,,,,,,,,,,,,,,,,,,,1.506,7.0119,5.5059,torch.cuda.max_memory_allocated,,,,unavailable,4,8,0,1.4939,13.21,42,0,seed=42|model=sit|rep=0,0f6770a3fd505440,161f0ec2d4e64414,c6cafcd1f5835cb6,source_imagenet_class,4.0,ok,,,2026-09-09T16:49:16.755480
stage2_sit,ad586c33cabb,random_inpainting__dflow__c3,random_inpainting__dflow__c3,random_inpaint,prob_afb9ac8da51f5e92,ALL,sit,standard_flow,torch,latent,dflow,D-Flow,1.0,1.0,0.0,0.0,1.0,flow_ascending,pure_prior_noise,zero_fill,1,euler,,,1.0,1.0,1.0,,,,0.3,adam,,,half_mean_squared_per_measurement,,,,,,,320,,,not_applicable,not_applicable,method,not_applicable,not_applicable,not_applicable,23.161827528602387,0.5567534341556539,0.35914522036910057,0.0710877776145935,0.1588759509265798,21.9994366538803,,0.12927300493375882,23.790443032426168,12.719088983386953,0.152621716640785,1.0188368633389473,12.719088983386953,474.603213140741,59.325401642592624,1,1284,642,640,640,640,642,640,640,640,640,0,642,640,,,,,,,,,,,,0,0,0,0,0.0,,,,,,,,,,,,,,,,,,,,,,,1.506,7.0119,5.5059,torch.cuda.max_memory_allocated,,,,unavailable,4,8,0,1.4939,13.21,42,0,seed=42|model=sit|rep=0,0f6770a3fd505440,161f0ec2d4e64414,c6cafcd1f5835cb6,source_imagenet_class,4.0,ok,,,2026-09-09T16:57:12.679781
stage2_sit,a03a13c44f9b,random_inpainting__dflow__c4,random_inpainting__dflow__c4,random_inpaint,prob_afb9ac8da51f5e92,ALL,sit,standard_flow,torch,latent,dflow,D-Flow,1.0,1.0,0.0,0.0,1.0,flow_ascending,pure_prior_noise,zero_fill,1,euler,,,1.0,1.0,1.0,,,,0.3,adam,,,half_mean_squared_per_measurement,,,,,,,1280,,,not_applicable,not_applicable,method,not_applicable,not_applicable,not_applicable,23.54718220831758,0.5887872680249155,0.3189072608947754,0.06544487178325653,0.15262038585598883,22.34834896915276,,0.11895205798310443,24.51316071040837,12.719088983386953,0.152621716640785,1.0188368633389473,12.719088983386953,2154.8878727145493,269.36098408931866,1,5124,2562,2560,2560,2560,2562,2560,2560,2560,2560,0,2562,2560,,,,,,,,,,,,0,0,0,0,0.0,,,,,,,,,,,,,,,,,,,,,,,1.506,6.9953,5.4893,torch.cuda.max_memory_allocated,,,,unavailable,4,8,0,1.3464,11.9,42,0,seed=42|model=sit|rep=0,0f6770a3fd505440,161f0ec2d4e64414,c6cafcd1f5835cb6,source_imagenet_class,4.0,ok,,,2026-09-09T13:51:17.393943
stage2_sit,ffe9392f945c,random_inpainting__dflow__c5,random_inpainting__dflow__c5,random_inpaint,prob_afb9ac8da51f5e92,ALL,sit,standard_flow,torch,latent,dflow,D-Flow,1.0,1.0,0.0,0.0,1.0,flow_ascending,pure_prior_noise,zero_fill,1,euler,,,1.0,1.0,1.0,,,,0.95,adam,,,half_mean_squared_per_measurement,,,,,,,640,,,not_applicable,not_applicable,method,not_applicable,not_applicable,not_applicable,19.960437113354466,0.3888999145679375,0.6053580045700073,0.12864629924297333,0.24864988663515472,18.108834601998236,,0.23439920894518304,18.62147707961126,12.719088983386953,0.152621716640785,1.0188368633389473,12.719088983386953,930.450254403986,116.30628180049825,1,2564,1282,1280,1280,1280,1282,1280,1280,1280,1280,0,1282,1280,,,,,,,,,,,,0,0,0,0,0.0,,,,,,,,,,,,,,,,,,,,,,,1.506,7.0119,5.5059,torch.cuda.max_memory_allocated,,,,unavailable,4,8,0,1.3464,11.9,42,0,seed=42|model=sit|rep=0,0f6770a3fd505440,161f0ec2d4e64414,c6cafcd1f5835cb6,source_imagenet_class,4.0,ok,,,2026-09-09T14:06:49.102016
stage2_sit,3d8a2f49f430,random_inpainting__mpc_rhc__c1,random_inpainting__mpc_rhc__c1,random_inpaint,prob_afb9ac8da51f5e92,ALL,sit,standard_flow,torch,latent,mpc_rhc,MPC-RHC (K=1),1.0,1.0,0.0,0.0,1.0,flow_ascending,pure_prior_noise,zero_fill,,,4,0.25,0.25,0.25,0.25,1,60.0,40,0.2,adam,False,,half_sum_squared,sum_squared,,,,,,,,,method,method,method,not_applicable,not_applicable,not_applicable,25.181115778767612,0.6837561030739268,0.2457459820434451,0.05485445261001587,0.13682069023559804,23.297564372658645,,0.09958556608300265,26.056671985119927,12.719088983386953,0.152621716640785,1.0188368633389473,12.719088983386953,91.43785919714719,11.429732399643399,4,16,8,0,320,0,8,0,0,0,0,0,320,0,,,,,,,,,,,,0,0,0,0,0.0,,,,,,,,,,,,,,,,,,,,,,,1.506,4.63,3.124,torch.cuda.max_memory_allocated,,,,unavailable,4,8,0,2.1978,11.9,42,0,seed=42|model=sit|rep=0,0f6770a3fd505440,161f0ec2d4e64414,c6cafcd1f5835cb6,source_imagenet_class,4.0,ok,,,2026-09-09T14:36:24.031375
stage2_sit,988cc42e81f1,random_inpainting__mpc_rhc__c2,random_inpainting__mpc_rhc__c2,random_inpaint,prob_afb9ac8da51f5e92,ALL,sit,standard_flow,torch,latent,mpc_rhc,MPC-RHC (K=1),1.0,1.0,0.0,0.0,1.0,flow_ascending,pure_prior_noise,zero_fill,,,4,0.25,0.25,0.25,0.25,1,180.0,40,0.2,adam,False,,half_sum_squared,sum_squared,,,,,,,,,method,method,method,not_applicable,not_applicable,not_applicable,25.258584925704685,0.691036335258651,0.24915500450879335,0.05439385026693344,0.136219938707152,23.335786302606767,,0.09874553841725466,26.130250269748156,12.719088983386953,0.152621716640785,1.0188368633389473,12.719088983386953,91.49070588964969,11.436338236206211,4,16,8,0,320,0,8,0,0,0,0,0,320,0,,,,,,,,,,,,0,0,0,0,0.0,,,,,,,,,,,,,,,,,,,,,,,1.506,4.63,3.124,torch.cuda.max_memory_allocated,,,,unavailable,4,8,0,2.1978,11.9,42,0,seed=42|model=sit|rep=0,0f6770a3fd505440,161f0ec2d4e64414,c6cafcd1f5835cb6,source_imagenet_class,4.0,ok,,,2026-09-09T14:37:56.634666
stage2_sit,d3faf2d1eed0,random_inpainting__mpc_rhc__c3,random_inpainting__mpc_rhc__c3,random_inpaint,prob_afb9ac8da51f5e92,ALL,sit,standard_flow,torch,latent,mpc_rhc,MPC-RHC (K=1),1.0,1.0,0.0,0.0,1.0,flow_ascending,pure_prior_noise,zero_fill,,,4,0.25,0.25,0.25,0.25,1,720.0,40,0.2,adam,False,,half_sum_squared,sum_squared,,,,,,,,,method,method,method,not_applicable,not_applicable,not_applicable,25.23814465220027,0.6930853565962711,0.2507789498195052,0.05440757796168327,0.13617722320533432,23.338510428916006,,0.09876668412113764,26.128390443064138,12.719088983386953,0.152621716640785,1.0188368633389473,12.719088983386953,91.48654819373041,11.435818524216302,4,16,8,0,320,0,8,0,0,0,0,0,320,0,,,,,,,,,,,,0,0,0,0,0.0,,,,,,,,,,,,,,,,,,,,,,,1.506,4.63,3.124,torch.cuda.max_memory_allocated,,,,unavailable,4,8,0,2.1978,11.9,42,0,seed=42|model=sit|rep=0,0f6770a3fd505440,161f0ec2d4e64414,c6cafcd1f5835cb6,source_imagenet_class,4.0,ok,,,2026-09-09T14:39:29.270083
stage2_sit,258f37edce39,random_inpainting__mpc_rhc__c4,random_inpainting__mpc_rhc__c4,random_inpaint,prob_afb9ac8da51f5e92,ALL,sit,standard_flow,torch,latent,mpc_rhc,MPC-RHC (K=1),1.0,1.0,0.0,0.0,1.0,flow_ascending,pure_prior_noise,zero_fill,,,4,0.25,0.25,0.25,0.25,1,60.0,40,0.43,adam,False,,half_sum_squared,sum_squared,,,,,,,,,method,method,method,not_applicable,not_applicable,not_applicable,25.549075823584573,0.7092942977483296,0.2733357287943363,0.05150703713297844,0.13138162505673873,23.649907326382134,,0.09345994103134185,26.608089859884142,12.719088983386953,0.152621716640785,1.0188368633389473,12.719088983386953,91.33552865870297,11.416941082337871,4,16,8,0,320,0,8,0,0,0,0,0,320,0,,,,,,,,,,,,0,0,0,0,0.0,,,,,,,,,,,,,,,,,,,,,,,1.506,4.63,3.124,torch.cuda.max_memory_allocated,,,,unavailable,4,8,0,2.1978,11.9,42,0,seed=42|model=sit|rep=0,0f6770a3fd505440,161f0ec2d4e64414,c6cafcd1f5835cb6,source_imagenet_class,4.0,ok,,,2026-09-09T14:41:01.726739
stage2_sit,6af086a20174,random_inpainting__mpc_delta_t__c1,random_inpainting__mpc_delta_t__c1,random_inpaint,prob_afb9ac8da51f5e92,ALL,sit,standard_flow,torch,latent,mpc_delta_t,MPC-delta_t,1.0,1.0,0.0,0.0,1.0,flow_ascending,pure_prior_noise,zero_fill,,,4,0.25,0.25,0.25,0.25,,540.0,40,0.3,adam,False,,half_sum_squared,sum_squared,none,,,,,,,,method,method,method,not_applicable,not_applicable,not_applicable,25.09753126155536,0.6917798643985021,0.21308365277945995,0.052693650126457214,0.14052598174541517,23.0654673522328,,0.09564583722079406,26.407278452438803,12.719088983386953,0.152621716640785,1.0188368633389473,12.719088983386953,196.39094531629235,24.548868164536543,4,496,248,240,320,240,248,240,0,0,0,0,320,0,,,,,,,,,,,,0,0,0,0,0.0,,,,,,,,,,,,,,,,,,,,,,,1.506,7.0105,5.5045,torch.cuda.max_memory_allocated,,,,unavailable,4,8,0,3.5112,11.9,42,0,seed=42|model=sit|rep=0,0f6770a3fd505440,161f0ec2d4e64414,c6cafcd1f5835cb6,source_imagenet_class,4.0,ok,,,2026-09-09T14:10:10.158106
stage2_sit,ddebbd68c986,random_inpainting__mpc_delta_t__c2,random_inpainting__mpc_delta_t__c2,random_inpaint,prob_afb9ac8da51f5e92,ALL,sit,standard_flow,torch,latent,mpc_delta_t,MPC-delta_t,1.0,1.0,0.0,0.0,1.0,flow_ascending,pure_prior_noise,zero_fill,,,8,0.125,0.125,0.125,0.125,,1000.0,40,0.3,adam,False,,half_sum_squared,sum_squared,none,,,,,,,,method,method,method,not_applicable,not_applicable,not_applicable,24.814666403211888,0.6812606277055216,0.21169504057615995,0.05237969383597374,0.14458841996195987,22.817929676240368,,0.09507610610097444,26.45917218069892,12.719088983386953,0.152621716640785,1.0188368633389473,12.719088983386953,427.568854724057,53.44610684050713,8,1152,576,560,640,560,576,560,0,0,0,0,640,0,,,,,,,,,,,,0,0,0,0,0.0,,,,,,,,,,,,,,,,,,,,,,,1.506,7.0105,5.5045,torch.cuda.max_memory_allocated,,,,unavailable,4,8,0,7.2447,11.9,42,0,seed=42|model=sit|rep=0,0f6770a3fd505440,161f0ec2d4e64414,c6cafcd1f5835cb6,source_imagenet_class,4.0,ok,,,2026-09-09T14:17:26.094417
stage2_sit,74a548ed949b,random_inpainting__mpc_delta_t__c3,random_inpainting__mpc_delta_t__c3,random_inpaint,prob_afb9ac8da51f5e92,ALL,sit,standard_flow,torch,latent,mpc_delta_t,MPC-delta_t,1.0,1.0,0.0,0.0,1.0,flow_ascending,pure_prior_noise,zero_fill,,,8,0.125,0.125,0.125,0.125,,540.0,40,0.3,adam,False,,half_sum_squared,sum_squared,none,,,,,,,,method,method,method,not_applicable,not_applicable,not_applicable,24.7036322595869,0.6749534681442131,0.21884444542229176,0.0528770387172699,0.1448226551091547,22.803869805990885,,0.09598754665529301,26.376302079512048,12.719088983386953,0.152621716640785,1.0188368633389473,12.719088983386953,390.2930284207687,48.786628552596085,8,1152,576,560,640,560,576,560,0,0,0,0,640,0,,,,,,,,,,,,0,0,0,0,0.0,,,,,,,,,,,,,,,,,,,,,,,1.506,7.0105,5.5045,torch.cuda.max_memory_allocated,,,,unavailable,4,8,0,7.2447,11.9,42,0,seed=42|model=sit|rep=0,0f6770a3fd505440,161f0ec2d4e64414,c6cafcd1f5835cb6,source_imagenet_class,4.0,ok,,,2026-09-09T14:23:57.508548
stage2_sit,f690d3c6ba04,random_inpainting__mpc_delta_t__c4,random_inpainting__mpc_delta_t__c4,random_inpaint,prob_afb9ac8da51f5e92,ALL,sit,standard_flow,torch,latent,mpc_delta_t,MPC-delta_t,1.0,1.0,0.0,0.0,1.0,flow_ascending,pure_prior_noise,zero_fill,,,2,0.5,0.5,0.5,0.5,,540.0,40,0.3,adam,False,,half_sum_squared,sum_squared,none,,,,,,,,method,method,method,not_applicable,not_applicable,not_applicable,25.02122788241178,0.683515275768485,0.2774407807737589,0.05576828867197037,0.13766034371586514,23.244422921620785,,0.10126632006291232,25.911299346239996,12.719088983386953,0.152621716640785,1.0188368633389473,12.719088983386953,73.65474212728441,9.206842765910551,2,168,84,80,160,80,84,80,0,0,0,0,160,0,,,,,,,,,,,,0,0,0,0,0.0,,,,,,,,,,,,,,,,,,,,,,,1.506,7.0104,5.5044,torch.cuda.max_memory_allocated,,,,unavailable,4,8,0,1.4822,11.9,42,0,seed=42|model=sit|rep=0,0f6770a3fd505440,161f0ec2d4e64414,c6cafcd1f5835cb6,source_imagenet_class,4.0,ok,,,2026-09-09T14:25:13.767481
stage2_sit,1ce659e5d871,random_inpainting__mpc_delta_t__c5,random_inpainting__mpc_delta_t__c5,random_inpaint,prob_afb9ac8da51f5e92,ALL,sit,standard_flow,torch,latent,mpc_delta_t,MPC-delta_t,1.0,1.0,0.0,0.0,1.0,flow_ascending,pure_prior_noise,zero_fill,,,4,0.25,0.25,0.25,0.25,,540.0,80,0.3,adam,False,,half_sum_squared,sum_squared,none,,,,,,,,method,method,method,not_applicable,not_applicable,not_applicable,25.115604074495458,0.7029145673242775,0.20016811415553093,0.04892170429229736,0.141426928202239,23.009957741571778,,0.08874668323719476,27.05755729365553,12.719088983386953,0.152621716640785,1.0188368633389473,12.719088983386953,376.67138405144215,47.08392300643027,4,976,488,480,640,480,488,480,0,0,0,0,640,0,,,,,,,,,,,,0,0,0,0,0.0,,,,,,,,,,,,,,,,,,,,,,,1.506,7.0105,5.5045,torch.cuda.max_memory_allocated,,,,unavailable,4,8,0,3.5112,11.9,42,0,seed=42|model=sit|rep=0,0f6770a3fd505440,161f0ec2d4e64414,c6cafcd1f5835cb6,source_imagenet_class,4.0,ok,,,2026-09-09T14:31:31.631005
stage2_sit,6dd47a44a100,random_inpainting__mpc_delta_t__c6,random_inpainting__mpc_delta_t__c6,random_inpaint,prob_afb9ac8da51f5e92,ALL,sit,standard_flow,torch,latent,mpc_delta_t,MPC-delta_t,1.0,1.0,0.0,0.0,1.0,flow_ascending,pure_prior_noise,zero_fill,,,4,0.25,0.25,0.25,0.25,,540.0,40,0.55,adam,False,,half_sum_squared,sum_squared,none,,,,,,,,method,method,method,not_applicable,not_applicable,not_applicable,25.300146170642726,0.7049486255118176,0.24937126971781254,0.05092226713895798,0.13635754719138182,23.327016303097203,,0.09239838154670496,26.707312629892883,12.719088983386953,0.152621716640785,1.0188368633389473,12.719088983386953,196.40724304877222,24.550905381096527,4,496,248,240,320,240,248,240,0,0,0,0,320,0,,,,,,,,,,,,0,0,0,0,0.0,,,,,,,,,,,,,,,,,,,,,,,1.506,7.0105,5.5045,torch.cuda.max_memory_allocated,,,,unavailable,4,8,0,3.5112,11.9,42,0,seed=42|model=sit|rep=0,0f6770a3fd505440,161f0ec2d4e64414,c6cafcd1f5835cb6,source_imagenet_class,4.0,ok,,,2026-09-09T14:34:49.218012
stage2_sit,0d720dfeedb6,random_inpainting__rhso__c1,random_inpainting__rhso__c1,random_inpaint,prob_afb9ac8da51f5e92,ALL,sit,standard_flow,torch,latent,rhso,RHSO,1.0,1.0,0.0,0.0,1.0,flow_ascending,pure_prior_noise,zero_fill,,heun,,,0.125,0.125,0.125,,,,0.03,adam,,,half_mean_squared_per_measurement,,,,,,,80,8,0.0,not_applicable,not_applicable,method,not_applicable,not_applicable,method,24.99325219408748,0.6937149053526449,0.20613223128020763,0.04990851506590843,0.14218232086468874,22.9636879331169,,0.09056296610366442,26.88158715287999,12.719088983386953,0.152621716640785,1.0188368633389473,12.719088983386953,10135.724297247827,1266.9655371559784,8,92416,46208,46080,5120,46080,46208,46080,5120,5120,5120,0,5120,5120,suffix,suffix_integration,,False,False,False,,,,False,,0,0,0,0,0.0,,,,,,,,,,,,,,,,,,,,,,,1.5059,12.1379,10.632,torch.cuda.max_memory_allocated,,,,unavailable,1,8,0,25.1999,12.36,42,0,seed=42|model=sit|rep=0,0f6770a3fd505440,161f0ec2d4e64414,43eb9ce8d5118c51,source_imagenet_class,4.0,ok,,,2026-09-09T19:07:08.648533
stage2_sit,eb9b0d91ca65,random_inpainting__rhso__c2,random_inpainting__rhso__c2,random_inpaint,prob_afb9ac8da51f5e92,ALL,sit,standard_flow,torch,latent,rhso,RHSO,1.0,1.0,0.0,0.0,1.0,flow_ascending,pure_prior_noise,zero_fill,,heun,,,0.25,0.25,0.25,,,,0.05,adam,,,half_mean_squared_per_measurement,,,,,,,40,4,0.0,not_applicable,not_applicable,method,not_applicable,not_applicable,method,24.844110445685857,0.6668823836055169,0.2712751980870962,0.05682998150587082,0.14030724634703018,23.07899788725824,,0.10320721418435634,25.746398802542274,12.719088983386953,0.152621716640785,1.0188368633389473,12.719088983386953,857.9679334266111,107.24599167832639,4,6464,3232,3200,640,3200,3232,3200,640,640,640,0,640,640,suffix,suffix_integration,,False,False,False,,,,False,,0,0,0,0,0.0,,,,,,,,,,,,,,,,,,,,,,,1.5059,12.901,11.3951,torch.cuda.max_memory_allocated,,,,unavailable,2,8,0,6.7164,12.36,42,0,seed=42|model=sit|rep=0,0f6770a3fd505440,161f0ec2d4e64414,36b1c5124916f38e,source_imagenet_class,4.0,ok,,,2026-09-09T19:21:35.044973
stage2_sit,66a1f00f66da,random_inpainting__rhso__c3,random_inpainting__rhso__c3,random_inpaint,prob_afb9ac8da51f5e92,ALL,sit,standard_flow,torch,latent,rhso,RHSO,1.0,1.0,0.0,0.0,1.0,flow_ascending,pure_prior_noise,zero_fill,,heun,,,0.125,0.125,0.125,,,,0.01,adam,,,half_mean_squared_per_measurement,,,,,,,80,8,0.0,not_applicable,not_applicable,method,not_applicable,not_applicable,method,24.158148541402568,0.6389375086774711,0.28089565597474575,0.058613523840904236,0.15736722810999468,22.082314010108448,,0.10648875459361966,25.47452495511758,12.719088983386953,0.152621716640785,1.0188368633389473,12.719088983386953,10325.603026778437,1290.7003783473046,8,92416,46208,46080,5120,46080,46208,46080,5120,5120,5120,0,5120,5120,suffix,suffix_integration,,False,False,False,,,,False,,0,0,0,0,0.0,,,,,,,,,,,,,,,,,,,,,,,1.5059,12.0933,10.5874,torch.cuda.max_memory_allocated,,,,unavailable,1,8,0,21.3624,10.37,42,0,seed=42|model=sit|rep=0,0f6770a3fd505440,161f0ec2d4e64414,43eb9ce8d5118c51,source_imagenet_class,4.0,ok,,,2026-09-09T19:07:57.816087
stage2_sit,6f3ee0a96329,random_inpainting__rhso__c4,random_inpainting__rhso__c4,random_inpaint,prob_afb9ac8da51f5e92,ALL,sit,standard_flow,torch,latent,rhso,RHSO,1.0,1.0,0.0,0.0,1.0,flow_ascending,pure_prior_noise,zero_fill,,heun,,,0.0625,0.0625,0.0625,,,,0.03,adam,,,half_mean_squared_per_measurement,,,,,,,80,16,0.0,not_applicable,not_applicable,method,not_applicable,not_applicable,method,24.965015510809252,0.6959321457014398,0.2136654630303383,0.04857870936393738,0.14741657591064025,22.64967352344572,,0.0881325886917398,27.117869379093996,12.719088983386953,0.152621716640785,1.0188368633389473,12.719088983386953,26448.132182754576,3306.016522844322,16,348672,174336,174080,10240,174080,174336,174080,10240,10240,10240,0,10240,10240,suffix,suffix_integration,,False,False,False,,,,False,,0,0,0,0,0.0,,,,,,,,,,,,,,,,,,,,,,,1.5059,21.8113,20.3054,torch.cuda.max_memory_allocated,,,,unavailable,1,8,0,70.6676,10.37,42,0,seed=42|model=sit|rep=0,0f6770a3fd505440,161f0ec2d4e64414,43eb9ce8d5118c51,source_imagenet_class,4.0,ok,,,2026-09-10T02:29:58.037494
stage2_sit,af1a555e2aa6,random_inpainting__rhso__c5,random_inpainting__rhso__c5,random_inpaint,prob_afb9ac8da51f5e92,ALL,sit,standard_flow,torch,latent,rhso,RHSO,1.0,1.0,0.0,0.0,1.0,flow_ascending,pure_prior_noise,zero_fill,,heun,,,0.125,0.125,0.125,,,,0.03,adam,,,half_mean_squared_per_measurement,,,,,,,160,8,0.0,not_applicable,not_applicable,method,not_applicable,not_applicable,method,24.665209137145776,0.6883916926353386,0.20907365903258324,0.04929224029183388,0.1477839536125506,22.628054295141308,,0.08944140175351917,26.989827973396906,12.719088983386953,0.152621716640785,1.0188368633389473,12.719088983386953,10516.55736905057,1314.5696711313212,8,184576,92288,92160,10240,92160,92288,92160,10240,10240,10240,0,10240,10240,suffix,suffix_integration,,False,False,False,,,,False,,0,0,0,0,0.0,,,,,,,,,,,,,,,,,,,,,,,1.5059,12.0399,10.534,torch.cuda.max_memory_allocated,,,,unavailable,1,8,0,21.3624,10.37,42,0,seed=42|model=sit|rep=0,0f6770a3fd505440,161f0ec2d4e64414,43eb9ce8d5118c51,source_imagenet_class,4.0,ok,,,2026-09-10T05:25:15.894182
stage2_sit,5f1c87e9c556,box_inpainting__sdedit__c1,box_inpainting__sdedit__c1,box_inpaint,prob_4459e49fb12d0091,ALL,sit,standard_flow,torch,latent,sdedit,SDEdit,1.0,1.0,0.0,0.0,1.0,flow_ascending,pure_prior_noise,zero_fill,1,heun,,,1.0,1.0,1.0,,,,,,,,,,,,,,,,,,not_applicable,not_applicable,not_applicable,not_applicable,not_applicable,not_applicable,9.717949209897004,0.020162443666234958,0.714312881231308,0.6602232456207275,0.6411138335565828,9.881896954844674,0.01787026292797864,0.6665237416617188,9.544287440261472,27.503961494217513,0.827546941632692,0.10103151760995388,27.503961494217513,0.6370134418830276,0.07962668023537844,1,8,4,0,0,0,4,0,0,0,0,0,0,0,,,,,,,,,,,,0,0,0,0,0.0,,,,,,,,,,,,,,,,,,,,,,,1.506,1.7573,0.2514,torch.cuda.max_memory_allocated,,,,unavailable,4,8,0,0.5026,10.44,42,0,seed=42|model=sit|rep=0,c136b139bc17dfba,3bf57218b76797cc,c6cafcd1f5835cb6,source_imagenet_class,4.0,ok,,,2026-09-09T22:09:45.140338
stage2_sit,2e263707a4bf,box_inpainting__sdedit__c2,box_inpainting__sdedit__c2,box_inpaint,prob_4459e49fb12d0091,ALL,sit,standard_flow,torch,latent,sdedit,SDEdit,1.0,1.0,0.0,0.0,1.0,flow_ascending,pure_prior_noise,zero_fill,4,heun,,,0.25,0.25,0.25,,,,,,,,,,,,,,,,,,not_applicable,not_applicable,not_applicable,not_applicable,not_applicable,not_applicable,10.01937453464163,0.021810015388680618,0.726864255964756,0.6502284407615662,0.6019263860481436,10.429732283735511,0.003746987702771954,0.6563863257302154,9.677409413914761,27.503961494217513,0.827546941632692,0.10103151760995388,27.503961494217513,2.6972355730831623,0.3371544466353953,4,32,16,0,0,0,16,0,0,0,0,0,0,0,,,,,,,,,,,,0,0,0,0,0.0,,,,,,,,,,,,,,,,,,,,,,,1.506,1.7573,0.2514,torch.cuda.max_memory_allocated,,,,unavailable,4,8,0,1.3956,10.44,42,0,seed=42|model=sit|rep=0,c136b139bc17dfba,3bf57218b76797cc,c6cafcd1f5835cb6,source_imagenet_class,4.0,ok,,,2026-09-09T22:09:50.144181
stage2_sit,cf53a24f3582,box_inpainting__sdedit__c3,box_inpainting__sdedit__c3,box_inpaint,prob_4459e49fb12d0091,ALL,sit,standard_flow,torch,latent,sdedit,SDEdit,1.0,1.0,0.0,0.0,1.0,flow_ascending,pure_prior_noise,zero_fill,8,heun,,,0.125,0.125,0.125,,,,,,,,,,,,,,,,,,not_applicable,not_applicable,not_applicable,not_applicable,not_applicable,not_applicable,9.179453839291345,0.015582983017453964,0.7433713898062706,0.7236892580986023,0.6573651017855153,9.66446702284806,0.004707562886024124,0.7309901819626231,8.742369034808883,27.503961494217513,0.827546941632692,0.10103151760995388,27.503961494217513,5.223371488042176,0.652921436005272,8,64,32,0,0,0,32,0,0,0,0,0,0,0,,,,,,,,,,,,0,0,0,0,0.0,,,,,,,,,,,,,,,,,,,,,,,1.506,1.7573,0.2514,torch.cuda.max_memory_allocated,,,,unavailable,4,8,0,2.7752,10.44,42,0,seed=42|model=sit|rep=0,c136b139bc17dfba,3bf57218b76797cc,c6cafcd1f5835cb6,source_imagenet_class,4.0,ok,,,2026-09-09T22:09:59.188691
stage2_sit,4b0fa368ca8b,box_inpainting__pnp__c1,box_inpainting__pnp__c1,box_inpaint,prob_4459e49fb12d0091,ALL,sit,standard_flow,torch,latent,pnp,PnP-Flow,1.0,1.0,0.0,0.0,1.0,flow_ascending,pure_prior_noise,zero_fill,,,,,0.004975124378109453,0.00497512437810943,0.004975124378109541,,,,,,,,half_mean_squared_per_measurement,,,200,200000.0,0.75,1,,,,not_applicable,not_applicable,not_applicable,method,method,not_applicable,24.183013233375668,0.6361637239536817,0.46750324964523315,0.13702954351902008,0.26679488807883855,17.497049832708818,0.2048490192723411,0.12964585247134272,23.765427358911694,27.503961494217513,0.827546941632692,0.10103151760995388,27.503961494217513,282.386943702586,35.29836796282325,200,804,402,0,0,0,402,0,400,400,0,402,400,400,,,,,,,,,,,,0,0,0,0,0.0,,,,,,,,,,,,,,,,,,,,,,,1.506,4.6318,3.1258,torch.cuda.max_memory_allocated,,,,unavailable,4,8,0,141.4992,9.42,42,0,seed=42|model=sit|rep=0,c136b139bc17dfba,3bf57218b76797cc,c6cafcd1f5835cb6,source_imagenet_class,4.0,ok,,,2026-09-09T16:30:08.756022
stage2_sit,98d00afd5b9b,box_inpainting__pnp__c2,box_inpainting__pnp__c2,box_inpaint,prob_4459e49fb12d0091,ALL,sit,standard_flow,torch,latent,pnp,PnP-Flow,1.0,1.0,0.0,0.0,1.0,flow_ascending,pure_prior_noise,zero_fill,,,,,0.004975124378109453,0.00497512437810943,0.004975124378109541,,,,,,,,half_mean_squared_per_measurement,,,200,200000.0,1.0,1,,,,not_applicable,not_applicable,not_applicable,method,method,not_applicable,24.30154974564717,0.6248916730569399,0.472797516733408,0.13379624485969543,0.2667431155005727,17.498735526696837,0.18801869446060177,0.12610542896898153,24.005924237247314,27.503961494217513,0.827546941632692,0.10103151760995388,27.503961494217513,282.81334089580923,35.351667611976154,200,804,402,0,0,0,402,0,400,400,0,402,400,400,,,,,,,,,,,,0,0,0,0,0.0,,,,,,,,,,,,,,,,,,,,,,,1.506,4.6318,3.1258,torch.cuda.max_memory_allocated,,,,unavailable,4,8,0,141.4992,9.42,42,0,seed=42|model=sit|rep=0,c136b139bc17dfba,3bf57218b76797cc,c6cafcd1f5835cb6,source_imagenet_class,4.0,ok,,,2026-09-09T16:34:52.917458
stage2_sit,f279a175fd00,box_inpainting__pnp__c3,box_inpainting__pnp__c3,box_inpaint,prob_4459e49fb12d0091,ALL,sit,standard_flow,torch,latent,pnp,PnP-Flow,1.0,1.0,0.0,0.0,1.0,flow_ascending,pure_prior_noise,zero_fill,,,,,0.004975124378109453,0.00497512437810943,0.004975124378109541,,,,,,,,half_mean_squared_per_measurement,,,200,100000.0,0.75,1,,,,not_applicable,not_applicable,not_applicable,method,method,not_applicable,24.356234073519055,0.6271269307692164,0.47069668769836426,0.13325493037700653,0.2658332808312397,17.528412888552207,0.19406793379343376,0.12553314067342738,24.045432024574808,27.503961494217513,0.827546941632692,0.10103151760995388,27.503961494217513,247.26026261877269,30.907532827346586,200,804,402,0,0,0,402,0,400,400,0,402,400,400,,,,,,,,,,,,0,0,0,0,0.0,,,,,,,,,,,,,,,,,,,,,,,1.506,4.6313,3.1254,torch.cuda.max_memory_allocated,,,,unavailable,4,8,0,122.4698,9.84,42,0,seed=42|model=sit|rep=0,c136b139bc17dfba,3bf57218b76797cc,c6cafcd1f5835cb6,source_imagenet_class,4.0,ok,,,2026-09-09T13:21:21.470981
stage2_sit,e4ea0795efdd,box_inpainting__pnp__c4,box_inpainting__pnp__c4,box_inpaint,prob_4459e49fb12d0091,ALL,sit,standard_flow,torch,latent,pnp,PnP-Flow,1.0,1.0,0.0,0.0,1.0,flow_ascending,pure_prior_noise,zero_fill,,,,,0.0023584905660377358,0.002358490566037652,0.002358490566037763,,,,,,,,half_mean_squared_per_measurement,,,423,200000.0,0.75,1,,,,not_applicable,not_applicable,not_applicable,method,method,not_applicable,24.625025315901375,0.6619883890719427,0.4302735850214958,0.1303899884223938,0.27125059435667037,17.353185943850068,0.19598952943345108,0.12247466849960123,24.25967446065123,27.503961494217513,0.827546941632692,0.10103151760995388,27.503961494217513,519.2188506610692,64.90235633263364,423,1696,848,0,0,0,848,0,846,846,0,848,846,846,,,,,,,,,,,,0,0,0,0,0.0,,,,,,,,,,,,,,,,,,,,,,,1.506,4.6318,3.1258,torch.cuda.max_memory_allocated,,,,unavailable,4,8,0,262.7256,9.84,42,0,seed=42|model=sit|rep=0,c136b139bc17dfba,3bf57218b76797cc,c6cafcd1f5835cb6,source_imagenet_class,4.0,ok,,,2026-09-09T13:34:24.793935
stage2_sit,43fc4b235afe,box_inpainting__dflow__c1,box_inpainting__dflow__c1,box_inpaint,prob_4459e49fb12d0091,ALL,sit,standard_flow,torch,latent,dflow,D-Flow,1.0,1.0,0.0,0.0,1.0,flow_ascending,pure_prior_noise,zero_fill,1,euler,,,1.0,1.0,1.0,,,,0.3,adam,,,half_mean_squared_per_measurement,,,,,,,640,,,not_applicable,not_applicable,method,not_applicable,not_applicable,not_applicable,23.85546013465849,0.6259640454769385,0.3022121246904135,0.13248948752880096,0.4253285466959611,13.44610927021585,0.0743057802229308,0.12484285006324473,24.093326419179256,27.503961494217513,0.827546941632692,0.10103151760995388,27.503961494217513,1150.2975337952375,143.7871917244047,1,2564,1282,1280,1280,1280,1282,1280,1280,1280,1280,0,1282,1280,,,,,,,,,,,,0,0,0,0,0.0,,,,,,,,,,,,,,,,,,,,,,,1.506,7.0082,5.5022,torch.cuda.max_memory_allocated,,,,unavailable,4,8,0,1.4122,14.08,42,0,seed=42|model=sit|rep=0,c136b139bc17dfba,3bf57218b76797cc,c6cafcd1f5835cb6,source_imagenet_class,4.0,ok,,,2026-09-09T13:34:13.357005
stage2_sit,b7b424a58fb7,box_inpainting__dflow__c2,box_inpainting__dflow__c2,box_inpaint,prob_4459e49fb12d0091,ALL,sit,standard_flow,torch,latent,dflow,D-Flow,1.0,1.0,0.0,0.0,1.0,flow_ascending,pure_prior_noise,zero_fill,1,euler,,,1.0,1.0,1.0,,,,0.1,adam,,,half_mean_squared_per_measurement,,,,,,,640,,,not_applicable,not_applicable,method,not_applicable,not_applicable,not_applicable,23.368613706093644,0.610058321282967,0.3229738473892212,0.13436633348464966,0.4727813589372664,12.527393020717541,0.07254258092319579,0.12693588248044083,23.948911780219415,27.503961494217513,0.827546941632692,0.10103151760995388,27.503961494217513,1090.7839999282733,136.34799999103416,1,2564,1282,1280,1280,1280,1282,1280,1280,1280,1280,0,1282,1280,,,,,,,,,,,,0,0,0,0,0.0,,,,,,,,,,,,,,,,,,,,,,,1.506,7.0119,5.5059,torch.cuda.max_memory_allocated,,,,unavailable,4,8,0,1.4122,14.08,42,0,seed=42|model=sit|rep=0,c136b139bc17dfba,3bf57218b76797cc,c6cafcd1f5835cb6,source_imagenet_class,4.0,ok,,,2026-09-09T13:52:25.430628
stage2_sit,b6ba7cf6872e,box_inpainting__dflow__c3,box_inpainting__dflow__c3,box_inpaint,prob_4459e49fb12d0091,ALL,sit,standard_flow,torch,latent,dflow,D-Flow,1.0,1.0,0.0,0.0,1.0,flow_ascending,pure_prior_noise,zero_fill,1,euler,,,1.0,1.0,1.0,,,,0.3,adam,,,half_mean_squared_per_measurement,,,,,,,320,,,not_applicable,not_applicable,method,not_applicable,not_applicable,not_applicable,23.099510518471995,0.5745219469795487,0.35738738998770714,0.14814649522304535,0.4164813985820853,13.628687729926938,0.07163039832541582,0.14171374346300397,22.992360505971714,27.503961494217513,0.827546941632692,0.10103151760995388,27.503961494217513,424.0558595880866,53.006982448510826,1,1284,642,640,640,640,642,640,640,640,640,0,642,640,,,,,,,,,,,,0,0,0,0,0.0,,,,,,,,,,,,,,,,,,,,,,,1.506,7.0119,5.5059,torch.cuda.max_memory_allocated,,,,unavailable,4,8,0,1.4122,14.08,42,0,seed=42|model=sit|rep=0,c136b139bc17dfba,3bf57218b76797cc,c6cafcd1f5835cb6,source_imagenet_class,4.0,ok,,,2026-09-09T13:59:30.618832
stage2_sit,6415c262600b,box_inpainting__dflow__c4,box_inpainting__dflow__c4,box_inpaint,prob_4459e49fb12d0091,ALL,sit,standard_flow,torch,latent,dflow,D-Flow,1.0,1.0,0.0,0.0,1.0,flow_ascending,pure_prior_noise,zero_fill,1,euler,,,1.0,1.0,1.0,,,,0.3,adam,,,half_mean_squared_per_measurement,,,,,,,1280,,,not_applicable,not_applicable,method,not_applicable,not_applicable,not_applicable,24.148799480729533,0.6483411765813704,0.27656455151736736,0.12784479558467865,0.424472052216755,13.4636178929458,0.08728841287281786,0.11979237661374435,24.452016290098367,27.503961494217513,0.827546941632692,0.10103151760995388,27.503961494217513,2356.870635407977,294.6088294259971,1,5124,2562,2560,2560,2560,2562,2560,2560,2560,2560,0,2562,2560,,,,,,,,,,,,0,0,0,0,0.0,,,,,,,,,,,,,,,,,,,,,,,1.506,7.0119,5.5059,torch.cuda.max_memory_allocated,,,,unavailable,4,8,0,1.4122,14.08,42,0,seed=42|model=sit|rep=0,c136b139bc17dfba,3bf57218b76797cc,c6cafcd1f5835cb6,source_imagenet_class,4.0,ok,,,2026-09-09T14:38:48.775703
stage2_sit,cdafd35abf91,box_inpainting__dflow__c5,box_inpainting__dflow__c5,box_inpaint,prob_4459e49fb12d0091,ALL,sit,standard_flow,torch,latent,dflow,D-Flow,1.0,1.0,0.0,0.0,1.0,flow_ascending,pure_prior_noise,zero_fill,1,euler,,,1.0,1.0,1.0,,,,0.95,adam,,,half_mean_squared_per_measurement,,,,,,,640,,,not_applicable,not_applicable,method,not_applicable,not_applicable,not_applicable,18.685152403446747,0.3497140808940056,0.6819330230355263,0.2339198887348175,0.6613432976137527,9.612060782376147,0.017421337076459174,0.23162020739929384,18.725070990136057,27.503961494217513,0.827546941632692,0.10103151760995388,27.503961494217513,1334.57155792322,166.8214447404025,1,2564,1282,1280,1280,1280,1282,1280,1280,1280,1280,0,1282,1280,,,,,,,,,,,,0,0,0,0,0.0,,,,,,,,,,,,,,,,,,,,,,,1.506,7.0119,5.5059,torch.cuda.max_memory_allocated,,,,unavailable,4,8,0,1.4122,14.08,42,0,seed=42|model=sit|rep=0,c136b139bc17dfba,3bf57218b76797cc,c6cafcd1f5835cb6,source_imagenet_class,4.0,ok,,,2026-09-09T15:01:04.735288
stage2_sit,a54a633d4357,box_inpainting__mpc_rhc__c1,box_inpainting__mpc_rhc__c1,box_inpaint,prob_4459e49fb12d0091,ALL,sit,standard_flow,torch,latent,mpc_rhc,MPC-RHC (K=1),1.0,1.0,0.0,0.0,1.0,flow_ascending,pure_prior_noise,zero_fill,,,4,0.25,0.25,0.25,0.25,1,15.0,40,0.2,adam,False,,half_sum_squared,sum_squared,,,,,,,,,method,method,method,not_applicable,not_applicable,not_applicable,25.863022164020546,0.7159297700128333,0.2524549290537834,0.11483220756053925,0.2965491714483218,16.578665614037856,0.17581702105434377,0.10545882120768278,25.558941661529232,27.503961494217513,0.827546941632692,0.10103151760995388,27.503961494217513,103.3315793601796,12.91644742002245,4,16,8,0,320,0,8,0,0,0,0,0,320,0,,,,,,,,,,,,0,0,0,0,0.0,,,,,,,,,,,,,,,,,,,,,,,1.506,4.63,3.124,torch.cuda.max_memory_allocated,,,,unavailable,4,8,0,1.0584,9.42,42,0,seed=42|model=sit|rep=0,c136b139bc17dfba,3bf57218b76797cc,c6cafcd1f5835cb6,source_imagenet_class,4.0,ok,,,2026-09-09T16:16:49.112454
stage2_sit,d86523c2f1f3,box_inpainting__mpc_rhc__c2,box_inpainting__mpc_rhc__c2,box_inpaint,prob_4459e49fb12d0091,ALL,sit,standard_flow,torch,latent,mpc_rhc,MPC-RHC (K=1),1.0,1.0,0.0,0.0,1.0,flow_ascending,pure_prior_noise,zero_fill,,,4,0.25,0.25,0.25,0.25,1,5.0,40,0.2,adam,False,,half_sum_squared,sum_squared,,,,,,,,,method,method,method,not_applicable,not_applicable,not_applicable,25.277588356950357,0.6919785920586743,0.2551968265324831,0.11758710443973541,0.3456337131303048,15.248277973694993,0.13434974869696625,0.10853838841350064,25.30893253622324,27.503961494217513,0.827546941632692,0.10103151760995388,27.503961494217513,119.22303567361087,14.902879459201358,4,16,8,0,320,0,8,0,0,0,0,0,320,0,,,,,,,,,,,,0,0,0,0,0.0,,,,,,,,,,,,,,,,,,,,,,,1.506,4.63,3.124,torch.cuda.max_memory_allocated,,,,unavailable,4,8,0,1.0584,9.42,42,0,seed=42|model=sit|rep=0,c136b139bc17dfba,3bf57218b76797cc,c6cafcd1f5835cb6,source_imagenet_class,4.0,ok,,,2026-09-09T16:18:49.622429
stage2_sit,af5e83931db0,box_inpainting__mpc_rhc__c3,box_inpainting__mpc_rhc__c3,box_inpaint,prob_4459e49fb12d0091,ALL,sit,standard_flow,torch,latent,mpc_rhc,MPC-RHC (K=1),1.0,1.0,0.0,0.0,1.0,flow_ascending,pure_prior_noise,zero_fill,,,4,0.25,0.25,0.25,0.25,1,60.0,40,0.2,adam,False,,half_sum_squared,sum_squared,,,,,,,,,method,method,method,not_applicable,not_applicable,not_applicable,25.99598294229536,0.7236859566982305,0.2524756072089076,0.11414508521556854,0.2884094365728021,16.82041059091368,0.1878524986765725,0.10471419587930618,25.620488672419377,27.503961494217513,0.827546941632692,0.10103151760995388,27.503961494217513,125.45756852906197,15.682196066132747,4,16,8,0,320,0,8,0,0,0,0,0,320,0,,,,,,,,,,,,0,0,0,0,0.0,,,,,,,,,,,,,,,,,,,,,,,1.506,4.63,3.124,torch.cuda.max_memory_allocated,,,,unavailable,4,8,0,1.0584,9.42,42,0,seed=42|model=sit|rep=0,c136b139bc17dfba,3bf57218b76797cc,c6cafcd1f5835cb6,source_imagenet_class,4.0,ok,,,2026-09-09T16:20:56.408490
stage2_sit,4cab25adea25,box_inpainting__mpc_rhc__c4,box_inpainting__mpc_rhc__c4,box_inpaint,prob_4459e49fb12d0091,ALL,sit,standard_flow,torch,latent,mpc_rhc,MPC-RHC (K=1),1.0,1.0,0.0,0.0,1.0,flow_ascending,pure_prior_noise,zero_fill,,,4,0.25,0.25,0.25,0.25,1,15.0,40,0.43,adam,False,,half_sum_squared,sum_squared,,,,,,,,,method,method,method,not_applicable,not_applicable,not_applicable,25.208501243552796,0.7276327661950998,0.2832924108952284,0.11316905170679092,0.43126065474065833,13.325803155112144,0.13370054431686637,0.10358097653971539,25.714999890510907,27.503961494217513,0.827546941632692,0.10103151760995388,27.503961494217513,125.77316387742758,15.721645484678447,4,16,8,0,320,0,8,0,0,0,0,0,320,0,,,,,,,,,,,,0,0,0,0,0.0,,,,,,,,,,,,,,,,,,,,,,,1.506,4.63,3.124,torch.cuda.max_memory_allocated,,,,unavailable,4,8,0,1.0584,9.42,42,0,seed=42|model=sit|rep=0,c136b139bc17dfba,3bf57218b76797cc,c6cafcd1f5835cb6,source_imagenet_class,4.0,ok,,,2026-09-09T16:23:03.528546
stage2_sit,08009ad68b40,box_inpainting__mpc_delta_t__c1,box_inpainting__mpc_delta_t__c1,box_inpaint,prob_4459e49fb12d0091,ALL,sit,standard_flow,torch,latent,mpc_delta_t,MPC-delta_t,1.0,1.0,0.0,0.0,1.0,flow_ascending,pure_prior_noise,zero_fill,,,8,0.125,0.125,0.125,0.125,,360.0,40,0.3,adam,False,,half_sum_squared,sum_squared,none,,,,,,,,method,method,method,not_applicable,not_applicable,not_applicable,26.165740849080045,0.744001716151208,0.19421713147312403,0.11056039482355118,0.32619127655530306,15.751153065801093,0.15750617392184735,0.10083558335057595,25.948323611208156,27.503961494217513,0.827546941632692,0.10103151760995388,27.503961494217513,637.2766756257042,79.65958445321303,8,1152,576,560,640,560,576,560,0,0,0,0,640,0,,,,,,,,,,,,0,0,0,0,0.0,,,,,,,,,,,,,,,,,,,,,,,1.506,7.0105,5.5045,torch.cuda.max_memory_allocated,,,,unavailable,4,8,0,10.7866,14.08,42,0,seed=42|model=sit|rep=0,c136b139bc17dfba,3bf57218b76797cc,c6cafcd1f5835cb6,source_imagenet_class,4.0,ok,,,2026-09-09T15:11:54.279643
stage2_sit,4547a2f34993,box_inpainting__mpc_delta_t__c2,box_inpainting__mpc_delta_t__c2,box_inpaint,prob_4459e49fb12d0091,ALL,sit,standard_flow,torch,latent,mpc_delta_t,MPC-delta_t,1.0,1.0,0.0,0.0,1.0,flow_ascending,pure_prior_noise,zero_fill,,,8,0.125,0.125,0.125,0.125,,180.0,40,0.3,adam,False,,half_sum_squared,sum_squared,none,,,,,,,,method,method,method,not_applicable,not_applicable,not_applicable,26.1075144990307,0.7353586842799035,0.2014685394242406,0.11170587688684464,0.3181399393399985,15.968236034675126,0.17372339047189878,0.1021301441702421,25.83752101383173,27.503961494217513,0.827546941632692,0.10103151760995388,27.503961494217513,637.082802859135,79.63535035739187,8,1152,576,560,640,560,576,560,0,0,0,0,640,0,,,,,,,,,,,,0,0,0,0,0.0,,,,,,,,,,,,,,,,,,,,,,,1.506,7.0105,5.5045,torch.cuda.max_memory_allocated,,,,unavailable,4,8,0,10.7866,14.08,42,0,seed=42|model=sit|rep=0,c136b139bc17dfba,3bf57218b76797cc,c6cafcd1f5835cb6,source_imagenet_class,4.0,ok,,,2026-09-09T15:22:32.797448
stage2_sit,e5d51d621424,box_inpainting__mpc_delta_t__c3,box_inpainting__mpc_delta_t__c3,box_inpaint,prob_4459e49fb12d0091,ALL,sit,standard_flow,torch,latent,mpc_delta_t,MPC-delta_t,1.0,1.0,0.0,0.0,1.0,flow_ascending,pure_prior_noise,zero_fill,,,8,0.125,0.125,0.125,0.125,,1000.0,40,0.3,adam,False,,half_sum_squared,sum_squared,none,,,,,,,,method,method,method,not_applicable,not_applicable,not_applicable,26.07601961878921,0.7430105437237067,0.2007783791050315,0.11060722917318344,0.33733182268383566,15.459453654921965,0.15976895646364903,0.10089727537374536,25.943011138813816,27.503961494217513,0.827546941632692,0.10103151760995388,27.503961494217513,637.1207453245297,79.64009316556621,8,1152,576,560,640,560,576,560,0,0,0,0,640,0,,,,,,,,,,,,0,0,0,0,0.0,,,,,,,,,,,,,,,,,,,,,,,1.506,7.0105,5.5045,torch.cuda.max_memory_allocated,,,,unavailable,4,8,0,10.7866,14.08,42,0,seed=42|model=sit|rep=0,c136b139bc17dfba,3bf57218b76797cc,c6cafcd1f5835cb6,source_imagenet_class,4.0,ok,,,2026-09-09T15:33:11.329734
stage2_sit,35d31534312d,box_inpainting__mpc_delta_t__c4,box_inpainting__mpc_delta_t__c4,box_inpaint,prob_4459e49fb12d0091,ALL,sit,standard_flow,torch,latent,mpc_delta_t,MPC-delta_t,1.0,1.0,0.0,0.0,1.0,flow_ascending,pure_prior_noise,zero_fill,,,16,0.0625,0.0625,0.0625,0.0625,,360.0,40,0.3,adam,False,,half_sum_squared,sum_squared,none,,,,,,,,method,method,method,not_applicable,not_applicable,not_applicable,25.428713903816455,0.7241919283606255,0.21626041457057,0.11301331222057343,0.3935388469225763,14.120847737375266,0.12317194492990705,0.10359711702136727,25.713646519213707,27.503961494217513,0.827546941632692,0.10103151760995388,27.503961494217513,1181.7711900593713,147.7213987574214,16,2464,1232,1200,1280,1200,1232,1200,0,0,0,0,1280,0,,,,,,,,,,,,0,0,0,0,0.0,,,,,,,,,,,,,,,,,,,,,,,1.506,7.0105,5.5045,torch.cuda.max_memory_allocated,,,,unavailable,4,8,0,21.8387,14.08,42,0,seed=42|model=sit|rep=0,c136b139bc17dfba,3bf57218b76797cc,c6cafcd1f5835cb6,source_imagenet_class,4.0,ok,,,2026-09-09T15:53:16.274897
stage2_sit,632b40f9dad3,box_inpainting__mpc_delta_t__c5,box_inpainting__mpc_delta_t__c5,box_inpaint,prob_4459e49fb12d0091,ALL,sit,standard_flow,torch,latent,mpc_delta_t,MPC-delta_t,1.0,1.0,0.0,0.0,1.0,flow_ascending,pure_prior_noise,zero_fill,,,8,0.125,0.125,0.125,0.125,,360.0,80,0.3,adam,False,,half_sum_squared,sum_squared,none,,,,,,,,method,method,method,not_applicable,not_applicable,not_applicable,26.424015778917394,0.7590373539851718,0.1841313187032938,0.10749268531799316,0.3147113167852897,16.06235271125694,0.18493892234214776,0.09743686281960912,26.24613406310006,27.503961494217513,0.827546941632692,0.10103151760995388,27.503961494217513,934.9731705347076,116.87164631683845,8,2272,1136,1120,1280,1120,1136,1120,0,0,0,0,1280,0,,,,,,,,,,,,0,0,0,0,0.0,,,,,,,,,,,,,,,,,,,,,,,1.506,7.0105,5.5045,torch.cuda.max_memory_allocated,,,,unavailable,4,8,0,10.7866,14.08,42,0,seed=42|model=sit|rep=0,c136b139bc17dfba,3bf57218b76797cc,c6cafcd1f5835cb6,source_imagenet_class,4.0,ok,,,2026-09-09T16:08:52.399825
stage2_sit,5cd1f3ab25c2,box_inpainting__mpc_delta_t__c6,box_inpainting__mpc_delta_t__c6,box_inpaint,prob_4459e49fb12d0091,ALL,sit,standard_flow,torch,latent,mpc_delta_t,MPC-delta_t,1.0,1.0,0.0,0.0,1.0,flow_ascending,pure_prior_noise,zero_fill,,,8,0.125,0.125,0.125,0.125,,360.0,40,0.55,adam,False,,half_sum_squared,sum_squared,none,,,,,,,,method,method,method,not_applicable,not_applicable,not_applicable,26.02558136464559,0.7501450840751539,0.19905808381736279,0.10907480865716934,0.3424250330009616,15.329289787523951,0.1675094879677113,0.09919162078166462,26.091100180273834,27.503961494217513,0.827546941632692,0.10103151760995388,27.503961494217513,642.2451292164624,80.2806411520578,8,1152,576,560,640,560,576,560,0,0,0,0,640,0,,,,,,,,,,,,0,0,0,0,0.0,,,,,,,,,,,,,,,,,,,,,,,1.506,7.0075,5.5016,torch.cuda.max_memory_allocated,,,,unavailable,4,8,0,15.0306,14.81,42,0,seed=42|model=sit|rep=0,c136b139bc17dfba,3bf57218b76797cc,c6cafcd1f5835cb6,source_imagenet_class,4.0,ok,,,2026-09-09T16:26:11.832449
stage2_sit,108d9064a46a,box_inpainting__rhso__c1,box_inpainting__rhso__c1,box_inpaint,prob_4459e49fb12d0091,ALL,sit,standard_flow,torch,latent,rhso,RHSO,1.0,1.0,0.0,0.0,1.0,flow_ascending,pure_prior_noise,zero_fill,,heun,,,0.125,0.125,0.125,,,,0.03,adam,,,half_mean_squared_per_measurement,,,,,,,80,8,0.0,not_applicable,not_applicable,method,not_applicable,not_applicable,method,25.826466446976262,0.755064679986909,0.2025786591693759,0.10812141746282578,0.37751413780410187,14.48193550362655,0.13210631052641153,0.09811168602094905,26.186185133233934,27.503961494217513,0.827546941632692,0.10103151760995388,27.503961494217513,10094.579136295244,1261.8223920369055,8,92416,46208,46080,5120,46080,46208,46080,5120,5120,5120,0,5120,5120,suffix,suffix_integration,,False,False,False,,,,False,,0,0,0,0,0.0,,,,,,,,,,,,,,,,,,,,,,,1.5059,12.1379,10.632,torch.cuda.max_memory_allocated,,,,unavailable,1,8,0,25.0977,13.48,42,0,seed=42|model=sit|rep=0,c136b139bc17dfba,3bf57218b76797cc,43eb9ce8d5118c51,source_imagenet_class,4.0,ok,,,2026-09-09T19:06:27.981773
stage2_sit,e2dce9fbe508,box_inpainting__rhso__c2,box_inpainting__rhso__c2,box_inpaint,prob_4459e49fb12d0091,ALL,sit,standard_flow,torch,latent,rhso,RHSO,1.0,1.0,0.0,0.0,1.0,flow_ascending,pure_prior_noise,zero_fill,,heun,,,0.125,0.125,0.125,,,,0.01,adam,,,half_mean_squared_per_measurement,,,,,,,80,8,0.0,not_applicable,not_applicable,method,not_applicable,not_applicable,method,25.36075340878785,0.727657476484153,0.22454760409891605,0.11459579318761826,0.36822653189525795,14.698298361338884,0.14021936574733262,0.10534896779770223,25.567994217759033,27.503961494217513,0.827546941632692,0.10103151760995388,27.503961494217513,6718.501854341477,839.8127317926846,8,92416,46208,46080,5120,46080,46208,46080,5120,5120,5120,0,5120,5120,suffix,suffix_integration,,False,False,False,,,,False,,0,0,0,0,0.0,,,,,,,,,,,,,,,,,,,,,,,1.5059,12.0399,10.534,torch.cuda.max_memory_allocated,,,,unavailable,1,8,0,25.0977,13.48,42,0,seed=42|model=sit|rep=0,c136b139bc17dfba,3bf57218b76797cc,43eb9ce8d5118c51,source_imagenet_class,4.0,ok,,,2026-09-09T20:58:27.929225
stage2_sit,69ace13d0699,box_inpainting__rhso__c3,box_inpainting__rhso__c3,box_inpaint,prob_4459e49fb12d0091,ALL,sit,standard_flow,torch,latent,rhso,RHSO,1.0,1.0,0.0,0.0,1.0,flow_ascending,pure_prior_noise,zero_fill,,heun,,,0.25,0.25,0.25,,,,0.05,adam,,,half_mean_squared_per_measurement,,,,,,,40,4,0.0,not_applicable,not_applicable,method,not_applicable,not_applicable,method,25.10476274030702,0.7091189886920615,0.2745805326849222,0.11691617965698242,0.3842842547639028,14.327548102693617,0.1400995501543627,0.10777045053908436,25.3706059443198,27.503961494217513,0.827546941632692,0.10103151760995388,27.503961494217513,476.79715238604695,59.59964404825587,4,6464,3232,3200,640,3200,3232,3200,640,640,640,0,640,640,suffix,suffix_integration,,False,False,False,,,,False,,0,0,0,0,0.0,,,,,,,,,,,,,,,,,,,,,,,1.5059,12.901,11.3951,torch.cuda.max_memory_allocated,,,,unavailable,2,8,0,4.2545,13.48,42,0,seed=42|model=sit|rep=0,c136b139bc17dfba,3bf57218b76797cc,36b1c5124916f38e,source_imagenet_class,4.0,ok,,,2026-09-09T21:06:30.204273
stage2_sit,61d67530b66a,box_inpainting__rhso__c4,box_inpainting__rhso__c4,box_inpaint,prob_4459e49fb12d0091,ALL,sit,standard_flow,torch,latent,rhso,RHSO,1.0,1.0,0.0,0.0,1.0,flow_ascending,pure_prior_noise,zero_fill,,heun,,,0.0625,0.0625,0.0625,,,,0.03,adam,,,half_mean_squared_per_measurement,,,,,,,80,16,0.0,not_applicable,not_applicable,method,not_applicable,not_applicable,method,26.03413138900904,0.7663821882727768,0.20297083631157875,0.10603704303503036,0.4185552184851241,13.58554469290911,0.14615630640521035,0.09585097586988824,26.38866913649929,27.503961494217513,0.827546941632692,0.10103151760995388,27.503961494217513,18978.087258961983,2372.260907370248,16,348672,174336,174080,10240,174080,174336,174080,10240,10240,10240,0,10240,10240,suffix,suffix_integration,,False,False,False,,,,False,,0,0,0,0,0.0,,,,,,,,,,,,,,,,,,,,,,,1.5059,21.8113,20.3054,torch.cuda.max_memory_allocated,,,,unavailable,1,8,0,31.8464,13.48,42,0,seed=42|model=sit|rep=0,c136b139bc17dfba,3bf57218b76797cc,43eb9ce8d5118c51,source_imagenet_class,4.0,ok,,,2026-09-10T02:23:21.231131
stage2_sit,9efacd2d9657,box_inpainting__rhso__c5,box_inpainting__rhso__c5,box_inpaint,prob_4459e49fb12d0091,ALL,sit,standard_flow,torch,latent,rhso,RHSO,1.0,1.0,0.0,0.0,1.0,flow_ascending,pure_prior_noise,zero_fill,,heun,,,0.125,0.125,0.125,,,,0.03,adam,,,half_mean_squared_per_measurement,,,,,,,160,8,0.0,not_applicable,not_applicable,method,not_applicable,not_applicable,method,25.538412735122648,0.7628141942692441,0.1888020858168602,0.1070360615849495,0.4096981451601195,13.77131995804145,0.12729458639429977,0.09695712574655903,26.28900526258439,27.503961494217513,0.827546941632692,0.10103151760995388,27.503961494217513,21226.156946147792,2653.269618268474,8,184576,92288,92160,10240,92160,92288,92160,10240,10240,10240,0,10240,10240,suffix,suffix_integration,,False,False,False,,,,False,,0,0,0,0,0.0,,,,,,,,,,,,,,,,,,,,,,,1.5059,12.1457,10.6398,torch.cuda.max_memory_allocated,,,,unavailable,1,8,0,21.5762,10.44,42,0,seed=42|model=sit|rep=0,c136b139bc17dfba,3bf57218b76797cc,43eb9ce8d5118c51,source_imagenet_class,4.0,ok,,,2026-09-09T22:09:42.859916
